country_year,countrycode_weo,countrycode,countryname,year,VAT_WEO,mit.sp.coa.pow,mit.mar.coa.pow,mit.txo.coa.pow,mit.rp.coa.pow,mit.vatrate.coa.pow,mit.ps.coa.pow,mit.sp.coa.ind,mit.mar.coa.ind,mit.txo.coa.ind,mit.rp.coa.ind,mit.vatrate.coa.ind,mit.ps.coa.ind,mit.sp.coa.res,mit.mar.coa.res,mit.txo.coa.res,mit.rp.coa.res,mit.vatrate.coa.res,mit.ps.coa.res,mit.sp.nga.pow,mit.mar.nga.pow,mit.txo.nga.pow,mit.rp.nga.pow,mit.vatrate.nga.pow,mit.ps.nga.pow,mit.sp.nga.ind,mit.mar.nga.ind,mit.txo.nga.ind,mit.rp.nga.ind,mit.vatrate.nga.ind,mit.ps.nga.ind,mit.sp.nga.res,mit.mar.nga.res,mit.txo.nga.res,mit.rp.nga.res,mit.vatrate.nga.res,mit.ps.nga.res,mit.sp.gso.all,mit.mar.gso.all,mit.txo.gso.all,mit.rp.gso.all,mit.vatrate.gso.all,mit.ps.gso.all,mit.sp.die.all,mit.mar.die.all,mit.txo.die.all,mit.rp.die.all,mit.vatrate.die.all,mit.ps.die.all,mit.sp.lpg.all,mit.mar.lpg.all,mit.txo.lpg.all,mit.rp.lpg.all,mit.vatrate.lpg.all,mit.ps.lpg.all,mit.sp.ker.all,mit.mar.ker.all,mit.txo.ker.all,mit.rp.ker.all,mit.vatrate.ker.all,mit.ps.ker.all,mit.sp.ecy.ind,mit.txo.ecy.ind,mit.rp.ecy.ind,mit.vatrate.ecy.ind,mit.ps.ecy.ind,mit.sp.ecy.res,mit.txo.ecy.res,mit.rp.ecy.res,mit.vatrate.ecy.res,mit.ps.ecy.res,mit.sp.bio.all,mit.txo.bio.all,mit.rp.bio.all,mit.vatrate.bio.all,mit.sp.oop.all,mit.mar.oop.all,mit.txo.oop.all,mit.rp.oop.all,mit.vatrate.oop.all,mit.ps.oop.all,mit.sub.or.ecy.res,mit.sub.or.ecy.ind,mit.pros.bio.all,mit.pros.coa.all,mit.pros.ecy.all,mit.pros.nga.all,mit.pros.oil.all,mit.coa.prod,mit.coa.prod.cost,mit.nga.prod,mit.nga.prod.cost,mit.spot.coa,mit.spot.nga
AFG2021,AFG,AFG,Afghanistan,2021,0.1,4.747,1.143,0,4.747,0,1,7.964,3.43,0,7.964,0,1,10.464,6.86,8.237,20.572,0.1,1,4.427,0.517,0,4.427,0,1,5.57,1.152,0,5.57,0,1,12.43,6.195,0,13.673,0.1,1,0.621,0.114,-0.045,0.633,0.1,1,0.593,0.114,-0.034,0.615,0.1,1,0.44,0.114,-0.068,0.409,0,0,0.56,0.114,0,0.616,0.1,1,0,0,0.025,0,1,0,0,0.051,0,0.833,11.787,0,11.787,0,81.695,7.95,0,89.865,0.1,1,0,0,0,0,0,0,0,0,1.198,0,8.687,3.604,16.843
AFG2022,AFG,AFG,Afghanistan,2022,0.1,8.788,1.235,0,8.788,0,1,9.783,3.704,0,9.783,0,1,14.962,7.408,9.072,26.243,0.1,1,4.781,0.558,0,4.781,0,1,6.015,1.244,0,6.015,0,1,13.424,6.69,0.099,14.766,0.1,1,0.847,0.123,-0.04,0.887,0.1,1,0.947,0.123,-0.017,1.022,0.1,1,0.589,0.123,-0.185,0.444,0,0,0.689,0.123,0.005,0.758,0.1,1,0,0,0.027,0,1,0,0,0.055,0,0.833,12.729,0,12.729,0,102.477,7.95,0.758,112.724,0.1,1,0,0,0,0,0,0,0,0,1.294,0,9.381,7.554,30.149
AFG2023,AFG,AFG,Afghanistan,2023,0.1,5.77,1.286,0,5.77,0,1,7.886,3.857,0,7.886,0,1,12.198,7.714,9.501,23.608,0.1,1,4.978,0.581,0,4.978,0,1,6.264,1.295,0,6.264,0,1,13.978,6.966,0.155,15.375,0.1,1,0.749,0.129,0.065,0.895,0.1,1,0.783,0.129,0.041,0.905,0.1,1,0.527,0.129,-0.143,0.423,0,0,0.64,0.129,0.007,0.704,0.1,1,0,0,0.028,0,1,0,0,0.057,0,0.833,13.254,0,13.254,0,87.079,7.95,0.964,95.787,0.1,1,0,0,0,0,0,0,0,0,1.348,0,9.769,4.484,12.392
AFG2024,AFG,AFG,Afghanistan,2024,0.1,4.833,1.324,0,4.833,0,1,7.124,3.971,0,7.124,0,1,11.451,7.942,9.822,23.086,0.1,1,5.125,0.598,0,5.125,0,1,6.449,1.333,0,6.449,0,1,14.39,7.172,0.196,15.829,0.1,1,0.72,0.132,0.078,0.878,0.1,1,0.734,0.132,0.043,0.855,0.1,1,0.51,0.132,-0.134,0.414,0,0,0.652,0.132,0.009,0.717,0.1,1,0,0,0.029,0,1,0,0,0.059,0,0.833,13.646,0,13.646,0,86.385,7.95,1.177,95.024,0.1,1,0,0,0,0,0,0,0,0,1.387,0,10.057,3.509,10.792
ALB2021,ALB,ALB,Albania,2021,0.2,3.369,0.813,0.112,3.481,0,1,5.048,2.44,0,5.048,0,1,7.435,4.88,0.112,9.056,0.2,1,5.347,0.393,0,5.347,0,1,5.919,0.8,0,5.919,0,1,9.349,3.473,0,11.219,0.2,1,0.619,0.114,0.732,1.621,0.2,1,0.599,0.114,0.705,1.565,0.2,1,0.439,0.114,0,0.527,0.2,1,0.505,0.114,0,0.606,0.2,1,0,0,0.124,0,0.667,0,0,0.11,0.2,0.5,11.787,0,11.787,0,78.125,7.95,0,93.75,0.2,1,0,0,0,0,0,0,0,0.577,1.198,1,4.776,4.41,15.162
ALB2022,ALB,ALB,Albania,2022,0.2,3.776,0.84,0.127,3.903,0,1,5.542,2.521,0,5.542,0,1,7.977,5.041,0.247,9.725,0.2,1,5.775,0.425,0,5.775,0,1,6.392,0.864,0,6.392,0,1,10.096,3.751,0.149,12.116,0.2,1,0.861,0.123,0.676,1.845,0.2,1,0.986,0.123,0.619,1.926,0.2,1,0.598,0.123,0.009,0.717,0.2,1,0.612,0.123,0.009,0.735,0.2,1,0,0,0.113,0,0.667,0,0,0.101,0.2,0.5,12.729,0,12.729,0,97.9,7.95,1.449,117.48,0.2,1,0,0,0,0,0,0,0,0.639,1.294,1,5.158,5.842,31.326
ALB2023,ALB,ALB,Albania,2023,0.2,3.433,0.979,1.436,4.869,0,1,5.685,2.936,0,5.685,0,1,8.327,5.872,1.651,11.714,0.2,1,6.013,0.442,0.762,6.775,0,1,6.656,0.9,0,6.656,0,1,10.513,3.906,1.012,13.53,0.2,1,0.76,0.129,0.817,1.892,0.2,1,0.811,0.129,0.738,1.859,0.2,1,0.535,0.129,0.012,0.642,0.2,1,0.579,0.129,0.013,0.695,0.2,1,0,0,0.127,0,0.667,0,0,0.113,0.2,0.5,13.254,0,13.254,0,83.248,7.95,1.843,99.898,0.2,1,0,0,0,0,0,0,0,0.478,1.348,1,5.37,3.466,11.622
ALB2024,ALB,ALB,Albania,2024,0.2,3.252,1.008,1.462,4.713,0,1,5.333,3.023,0,5.333,0,1,8.289,6.045,1.726,11.7,0.2,1,6.191,0.455,0.785,6.975,0,1,6.853,0.926,0,6.853,0,1,10.823,4.021,1.101,13.93,0.2,1,0.724,0.132,0.91,1.961,0.2,1,0.75,0.132,0.846,1.915,0.2,1,0.513,0.132,0.014,0.616,0.2,1,0.591,0.132,0.016,0.71,0.2,1,0,0,0.138,0,0.667,0,0,0.123,0.2,0.5,13.646,0,13.646,0,82.588,7.95,2.25,99.106,0.2,1,0,0,0,0,0,0,0,0.478,1.387,1,5.529,3.027,10.168
DZA2021,DZA,DZA,Algeria,2021,0.19,5.897,1.143,0.238,6.134,0,1,7.964,3.43,0.227,8.191,0,1,11.613,6.86,0.238,14.103,0.19,1,3.799,0.417,-2.687,1.112,0,0,4.371,0.85,-3.388,0.983,0,0,7.801,3.68,-7.137,0.79,0,0,0.621,0.114,-0.335,0.34,0,0,0.593,0.114,-0.413,0.215,0,0,0.44,0.114,-0.384,0.067,0,0,0.56,0.114,0,0.667,0.19,1,0,-0.067,0.013,0,0.667,0,-0.067,0.04,0,0.667,11.787,0,11.787,0,81.695,7.95,-68.243,16.009,0,0,0,0,0,0,0,0,0,0,1.198,1,3.228,4.753,14.129
DZA2022,DZA,DZA,Algeria,2022,0.19,11.667,1.231,0.563,12.23,0,1,9.747,3.694,0.326,10.073,0,1,17.824,7.388,0.822,21.881,0.19,1,4.103,0.45,-2.902,1.201,0,0,4.72,0.918,-3.785,0.935,0,0,8.424,3.974,-7.793,0.751,0,0,0.847,0.123,-0.575,0.324,0,0,0.947,0.123,-0.775,0.204,0,0,0.589,0.123,-0.535,0.063,0,0,0.689,0.123,0.01,0.82,0.19,1,0,-0.067,0.012,0,0.667,0,-0.067,0.038,0,0.667,12.729,0,12.729,0,102.477,7.95,-89.68,15.227,0,0,0,0,0,0,0,0,0,0.005,1.294,1,3.486,10.485,28.059
DZA2023,DZA,DZA,Algeria,2023,0.19,6.147,1.286,0.273,6.42,0,1,7.886,3.857,0.227,8.113,0,1,12.575,7.714,0.544,15.29,0.19,1,4.272,0.469,-3.047,1.225,0,0,4.915,0.956,-3.938,0.977,0,0,8.772,4.138,-8.112,0.785,0,0,0.749,0.129,-0.464,0.338,0,0,0.783,0.129,-0.603,0.214,0,0,0.527,0.129,-0.472,0.066,0,0,0.64,0.129,0.013,0.761,0.19,1,0,-0.067,0.013,0,0.667,0,-0.067,0.039,0,0.667,13.254,0,13.254,0,87.079,7.95,-73.703,15.917,0,0,0,0,0,0,0,0,0,0,1.348,1,3.629,4.861,9.261
DZA2024,DZA,DZA,Algeria,2024,0.19,5.575,1.324,0.213,5.787,0,1,7.124,3.971,0.158,7.281,0,1,12.193,7.942,0.534,14.762,0.19,1,4.398,0.483,-3.137,1.262,0,0,5.06,0.984,-4.07,0.99,0,0,9.031,4.26,-8.362,0.796,0,0,0.72,0.132,-0.432,0.343,0,0,0.734,0.132,-0.552,0.216,0,0,0.51,0.132,-0.454,0.067,0,0,0.652,0.132,0.017,0.776,0.19,1,0,-0.069,0.013,0,0.667,0,-0.069,0.036,0,0.667,13.646,0,13.646,0,86.385,7.95,-72.831,16.129,0,0,0,0,0,0,0,0,0,0,1.387,1,3.737,4.251,7.598
ASM2021,ASM,ASM,American Samoa,2021,0,4.747,1.143,0,4.747,0,1,7.964,3.43,0,7.964,0,1,10.464,6.86,0,10.464,0,1,10.551,1.302,0,10.551,0,1,11.694,2.549,0,11.694,0,1,18.554,9.627,0,18.554,0,1,0.621,0.114,0,0.621,0,1,0.593,0.114,0,0.593,0,1,0.44,0.114,0,0.44,0,1,0.56,0.114,0,0.56,0,1,0,0,0,0,1,0,0,0,0,1,11.787,0,11.787,0,81.695,7.95,0,81.695,0,1,0,0,0,0,0,0,0,0,1.198,0,4.776,3.604,9.408
ASM2022,ASM,ASM,American Samoa,2022,0,8.788,1.235,0,8.788,0,1,9.783,3.704,0,9.783,0,1,14.962,7.408,0,14.962,0,1,17.332,2.139,0,17.332,0,1,18.566,4.048,0,18.566,0,1,25.974,13.478,0,25.974,0,1,0.847,0.123,0,0.847,0,1,0.947,0.123,0,0.947,0,1,0.589,0.123,0,0.589,0,1,0.689,0.123,0,0.689,0,1,0,0,0,0,1,0,0,0,0,1,12.729,0,12.729,0,102.477,7.95,0,102.477,0,1,0,0,0,0,0,0,0,0,1.294,0,5.158,7.554,16.097
ASM2023,ASM,ASM,American Samoa,2023,0,5.77,1.286,0,5.77,0,1,7.886,3.857,0,7.886,0,1,12.198,7.714,0,12.198,0,1,13.814,1.705,0,13.814,0,1,15.1,3.292,0,15.1,0,1,22.814,11.838,0,22.814,0,1,0.749,0.129,0,0.749,0,1,0.783,0.129,0,0.783,0,1,0.527,0.129,0,0.527,0,1,0.64,0.129,0,0.64,0,1,0,0,0,0,1,0,0,0,0,1,13.254,0,13.254,0,87.079,7.95,0,87.079,0,1,0,0,0,0,0,0,0,0,1.348,0,5.37,4.484,12.529
ASM2024,ASM,ASM,American Samoa,2024,0,4.833,1.324,0,4.833,0,1,7.124,3.971,0,7.124,0,1,11.451,7.942,0,11.451,0,1,12.219,1.508,0,12.219,0,1,13.543,2.952,0,13.543,0,1,21.484,11.148,0,21.484,0,1,0.72,0.132,0,0.72,0,1,0.734,0.132,0,0.734,0,1,0.51,0.132,0,0.51,0,1,0.652,0.132,0,0.652,0,1,0,0,0,0,1,0,0,0,0,1,13.646,0,13.646,0,86.385,7.95,0,86.385,0,1,0,0,0,0,0,0,0,0,1.387,0,5.529,3.509,10.896
AND2021,AND,AND,Andorra,2021,0.045,5.553,1.143,0,5.553,0,1,7.964,3.43,0,7.964,0,1,11.27,6.86,0,11.777,0.045,1,16.296,2.202,0,16.296,0,1,17.439,4.078,0,17.439,0,1,24.299,12.942,0,25.393,0.045,1,0.619,0.114,0,0.647,0.045,1,0.599,0.114,0,0.626,0.045,1,0.439,0.114,0,0.459,0.045,1,0.505,0.114,0,0.527,0.045,1,0,0,0,0,1,0,0,0,0.045,1,11.787,0,11.787,0,78.125,7.95,0,81.641,0.045,1,0,0,0,0,0,0,0,0,1.198,0,4.776,4.41,15.162
AND2022,AND,AND,Andorra,2022,0.045,7.077,1.235,0,7.077,0,1,9.783,3.704,0,9.783,0,1,13.25,7.408,0.044,13.847,0.045,1,32.537,4.398,0,32.537,0,1,33.772,7.897,0,33.772,0,1,41.18,21.932,0.137,43.033,0.045,1,0.861,0.123,0.003,0.9,0.045,1,0.986,0.123,0.003,1.031,0.045,1,0.598,0.123,0.002,0.625,0.045,1,0.612,0.123,0.002,0.64,0.045,1,0,0,0,0,1,0,0,0,0.045,1,12.729,0,12.729,0,97.9,7.95,0.326,102.306,0.045,1,0,0,0,0,0,0,0,0,1.294,0,5.158,5.842,31.326
AND2023,AND,AND,Andorra,2023,0.045,4.752,1.286,0,4.752,0,1,7.886,3.857,0,7.886,0,1,11.18,7.714,0.056,11.683,0.045,1,12.903,1.744,0,12.903,0,1,14.188,3.318,0,14.188,0,1,21.902,11.665,0.109,22.888,0.045,1,0.76,0.129,0.004,0.795,0.045,1,0.811,0.129,0.004,0.848,0.045,1,0.535,0.129,0.003,0.559,0.045,1,0.579,0.129,0.003,0.605,0.045,1,0,0,0,0,1,0,0,0,0.045,1,13.254,0,13.254,0,83.248,7.95,0.415,86.994,0.045,1,0,0,0,0,0,0,0,0,1.348,0,5.37,3.466,11.622
AND2024,AND,AND,Andorra,2024,0.045,4.351,1.324,0,4.351,0,1,7.124,3.971,0,7.124,0,1,10.969,7.942,0.067,11.462,0.045,1,11.488,1.553,0,11.488,0,1,12.811,2.996,0,12.811,0,1,20.753,11.053,0.127,21.687,0.045,1,0.724,0.132,0.004,0.757,0.045,1,0.75,0.132,0.005,0.784,0.045,1,0.513,0.132,0.003,0.536,0.045,1,0.591,0.132,0.004,0.618,0.045,1,0,0,0,0,1,0,0,0,0.045,1,13.646,0,13.646,0,82.588,7.95,0.506,86.304,0.045,1,0,0,0,0,0,0,0,0,1.387,0,5.529,3.027,10.168
AGO2021,AGO,AGO,Angola,2021,0.14,5.897,1.143,0.095,5.992,0,1,7.964,3.43,0.091,8.055,0,1,11.613,6.86,0.095,13.348,0.14,1,5.213,0.572,0,5.213,0,1,5.784,1.125,0,5.784,0,1,9.214,4.347,0,10.504,0.14,1,0.619,0.114,-0.395,0.256,0,0,0.599,0.114,-0.41,0.216,0,0,0.439,0.114,-0.267,0.196,0,0,0.505,0.114,-0.408,0.111,0,0,0,-0.1,0.012,0,1,0,-0.1,0.017,0,1,11.787,0,11.787,0,78.125,7.95,0,89.063,0.14,1,0,0,0,0,0,0,0,0,1.198,1,4.641,4.753,14.129
AGO2022,AGO,AGO,Angola,2022,0.14,11.72,1.235,0.226,11.946,0,1,9.783,3.704,0.131,9.914,0,1,17.893,7.408,0.414,20.657,0.14,1,5.629,0.618,0,5.629,0,1,6.246,1.215,0,6.246,0,1,9.951,4.694,0.103,11.344,0.14,1,0.861,0.123,-0.554,0.35,0,0,0.986,0.123,-0.727,0.295,0,0,0.598,0.123,-0.399,0.226,0,0,0.612,0.123,-0.479,0.152,0,0,0,-0.113,0.016,0,1,0,-0.113,0.024,0,1,12.729,0,12.729,0,97.9,7.95,1.014,111.606,0.14,1,0,0,0,0,0,0,0,0,1.294,1,5.012,10.485,28.059
AGO2023,AGO,AGO,Angola,2023,0.14,6.147,1.286,0.109,6.256,0,1,7.886,3.857,0.091,7.977,0,1,12.575,7.714,0.306,14.46,0.14,1,5.861,0.643,0,5.861,0,1,6.504,1.265,0,6.504,0,1,10.361,4.888,0.161,11.812,0.14,1,0.76,0.129,-0.456,0.347,0,0,0.811,0.129,-0.629,0.208,0,0,0.535,0.129,-0.366,0.193,0,0,0.579,0.129,-0.486,0.106,0,0,0,-0.109,0.011,0,1,0,-0.109,0.016,0,1,13.254,0,13.254,0,83.248,7.95,1.29,94.903,0.14,1,0,0,0,0,0,0,0,0,1.348,1,5.219,4.861,9.261
AGO2024,AGO,AGO,Angola,2024,0.14,5.575,1.324,0.085,5.66,0,1,7.124,3.971,0.063,7.187,0,1,12.193,7.942,0.319,13.997,0.14,1,6.034,0.662,0,6.034,0,1,6.696,1.302,0,6.696,0,1,10.667,5.032,0.203,12.161,0.14,1,0.724,0.132,-0.421,0.345,0,0,0.75,0.132,-0.565,0.211,0,0,0.513,0.132,-0.361,0.173,0,0,0.591,0.132,-0.522,0.079,0,0,0,-0.112,0.007,0,1,0,-0.112,0.012,0,1,13.646,0,13.646,0,82.588,7.95,1.575,94.15,0.14,1,0,0,0,0,0,0,0,0,1.387,1,5.373,4.251,7.598
AIA2021,AIA,AIA,Anguilla,2021,0,5.897,1.143,0,5.897,0,1,7.964,3.43,0,7.964,0,1,11.613,6.86,0,11.613,0,1,17.127,2.304,0,17.127,0,1,18.27,4.278,0,18.27,0,1,25.13,13.503,0,25.13,0,1,0.649,0.114,0,0.649,0,1,0.577,0.114,0,0.577,0,1,0.458,0.114,0,0.458,0,1,0.491,0.114,0,0.491,0,1,0,0,0,0,1,0,0,0,0,1,11.787,0,11.787,0,78.125,7.95,0,78.125,0,1,0,0,0,0,0,0,0,0,1.198,0,4.776,4.753,15.983
AIA2022,AIA,AIA,Anguilla,2022,0,11.72,1.235,0,11.72,0,1,9.783,3.704,0,9.783,0,1,17.893,7.408,0,17.893,0,1,30.728,4.133,0,30.728,0,1,31.963,7.485,0,31.963,0,1,39.371,21.155,0,39.371,0,1,0.896,0.123,0,0.896,0,1,0.89,0.123,0,0.89,0,1,0.62,0.123,0,0.62,0,1,0.608,0.123,0,0.608,0,1,0,0,0,0,1,0,0,0,0,1,12.729,0,12.729,0,97.9,7.95,0,97.9,0,1,0,0,0,0,0,0,0,0,1.294,0,5.158,10.485,29.494
AIA2023,AIA,AIA,Anguilla,2023,0,6.147,1.286,0,6.147,0,1,7.886,3.857,0,7.886,0,1,12.575,7.714,0,12.575,0,1,12.478,1.678,0,12.478,0,1,13.763,3.223,0,13.763,0,1,21.477,11.54,0,21.477,0,1,0.791,0.129,0,0.791,0,1,0.618,0.129,0,0.618,0,1,0.554,0.129,0,0.554,0,1,0.557,0.129,0,0.557,0,1,0,0,0,0,1,0,0,0,0,1,13.254,0,13.254,0,83.248,7.95,0,83.248,0,1,0,0,0,0,0,0,0,0,1.348,0,5.37,4.861,11.192
AIA2024,AIA,AIA,Anguilla,2024,0,5.575,1.324,0,5.575,0,1,7.124,3.971,0,7.124,0,1,12.193,7.942,0,12.193,0,1,11.447,1.54,0,11.447,0,1,12.771,2.991,0,12.771,0,1,20.712,11.129,0,20.712,0,1,0.756,0.132,0,0.756,0,1,0.655,0.132,0,0.655,0,1,0.534,0.132,0,0.534,0,1,0.568,0.132,0,0.568,0,1,0,0,0,0,1,0,0,0,0,1,13.646,0,13.646,0,82.588,7.95,0,82.588,0,1,0,0,0,0,0,0,0,0,1.387,0,5.529,4.251,10.123
ATG2021,ATG,ATG,Antigua and Barbuda,2021,0.15,5.897,1.143,0,5.897,0,1,7.964,3.43,0,7.964,0,1,11.613,6.86,0,13.588,0.17,1,17.127,2.304,0,17.127,0,1,18.27,4.278,0,18.27,0,1,25.13,13.503,0,29.402,0.17,1,0.649,0.114,0.554,1.218,0.013,1,0.577,0.114,0.202,0.911,0.17,1,0.458,0.114,0.158,0.721,0.17,0,0.491,0.114,0.018,0.595,0.17,1,0,0.126,0.71,0,1,0,0,0.388,0,0.667,11.787,0,11.787,0,78.125,7.95,0,91.406,0.17,1,0,0,0,0,0,0,0,0,1.198,0,4.776,4.753,15.983
ATG2022,ATG,ATG,Antigua and Barbuda,2022,0.15,11.72,1.235,0,11.72,0,1,9.783,3.704,0,9.783,0,1,17.893,7.408,0.225,20.935,0.17,1,30.728,4.133,0,30.728,0,1,31.963,7.485,0,31.963,0,1,39.371,21.155,0.495,46.064,0.17,1,0.896,0.123,0.563,1.479,0.013,1,0.89,0.123,0.105,1.165,0.17,1,0.62,0.123,-0.004,0.721,0.17,0,0.608,0.123,0.016,0.72,0.17,1,0,0.136,0.767,0,1,0,0,0.419,0,0.667,12.729,0,12.729,0,97.9,7.95,1.232,114.543,0.17,1,0,0,0,0,0,0,0,0,1.294,0,5.158,10.485,29.494
ATG2023,ATG,ATG,Antigua and Barbuda,2023,0.15,6.147,1.286,0,6.147,0,1,7.886,3.857,0,7.886,0,1,12.575,7.714,0.237,14.713,0.17,1,12.478,1.678,0,12.478,0,1,13.763,3.223,0,13.763,0,1,21.477,11.54,0.404,25.129,0.17,1,0.791,0.129,0.713,1.521,0.013,1,0.618,0.129,0.527,1.34,0.17,1,0.554,0.129,-0.236,0.372,0.17,0,0.557,0.129,0.03,0.675,0.17,1,0,0.142,0.799,0,1,0,0,0.436,0,0.667,13.254,0,13.254,0,83.248,7.95,1.567,97.4,0.17,1,0,0,0,0,0,0,0,0,1.348,0,5.37,4.861,11.192
ATG2024,ATG,ATG,Antigua and Barbuda,2024,0.15,5.575,1.324,0,5.575,0,1,7.124,3.971,0,7.124,0,1,12.193,7.942,0.282,14.266,0.17,1,11.447,1.54,0,11.447,0,1,12.771,2.991,0,12.771,0,1,20.712,11.129,0.48,24.233,0.17,1,0.756,0.132,0.784,1.558,0.014,1,0.655,0.132,0.507,1.36,0.17,1,0.534,0.132,-0.211,0.378,0.17,0,0.568,0.132,0.034,0.689,0.17,1,0,0.146,0.822,0,1,0,0,0.449,0,0.667,13.646,0,13.646,0,82.588,7.95,1.912,96.628,0.17,1,0,0,0,0,0,0,0,0,1.387,0,5.529,4.251,10.123
ARG2021,ARG,ARG,Argentina,2021,0.21,5.857,1.138,0.382,6.239,0,1,7.915,3.413,0.405,8.321,0,1,11.546,6.827,0.382,14.433,0.21,1,7.825,0.656,-3.795,4.029,0,0,8.494,1.3,-1.102,7.393,0,0,12.51,5.115,-6.83,6.873,0,0,0.649,0.114,0.101,0.908,0.21,1,0.577,0.114,0.127,0.852,0.21,1,0.458,0.114,-0.334,0.15,0,0,0.491,0.114,0.292,0.948,0.21,1,0,-0.04,0.059,0,1,0,-0.04,0.056,0,1,11.787,0,11.787,0,78.125,7.95,-21.704,68.27,0,1,0,0,0,0.102,0.835,2.043,0.604,0.01,1.198,0.829,6.22,4.753,16.171
ARG2022,ARG,ARG,Argentina,2022,0.21,11.627,1.229,0.278,11.905,0,1,9.72,3.687,0.295,10.015,0,1,17.771,7.373,0.559,21.84,0.21,1,9.192,0.77,-5.312,3.879,0,0,9.888,1.514,-1.19,8.699,0,0,14.068,5.752,-7.717,7.684,0,0,0.896,0.123,-0.099,0.964,0.21,1,0.89,0.123,-0.124,0.927,0.21,1,0.62,0.123,-0.474,0.177,0,0,0.608,0.123,0.245,1.032,0.21,1,0,-0.032,0.096,0,1,0,-0.032,0.096,0,1,12.729,0,12.729,0,97.9,7.95,-18.689,95.845,0,1,0,0,0,0.11,0.902,2.368,0.745,0.009,1.294,0.872,6.717,10.485,29.688
ARG2023,ARG,ARG,Argentina,2023,0.21,6.103,1.279,0.321,6.424,0,1,7.838,3.837,0.34,8.178,0,1,12.498,7.674,0.619,15.511,0.21,1,8.051,0.675,-4.199,3.851,0,0,8.764,1.342,-1.239,7.525,0,0,13.043,5.333,-5.547,9.07,0,0,0.791,0.129,-0.074,0.868,0.21,1,0.618,0.129,0.176,0.961,0.21,1,0.554,0.129,-0.42,0.162,0,0,0.557,0.129,0.393,1.149,0.21,1,0,-0.038,0.091,0,1,0,-0.038,0.093,0,1,13.254,0,13.254,0,83.248,7.95,-0.74,99.835,0,1,0,0,0,0.115,0.939,2.585,0.836,0.01,1.348,0.891,6.995,4.861,11.658
ARG2024,ARG,ARG,Argentina,2024,0.21,5.538,1.317,0.229,5.767,0,1,7.084,3.95,0.243,7.328,0,1,12.121,7.9,0.583,14.944,0.21,1,8.117,0.68,-3.715,4.402,0,0,8.851,1.355,-1.275,7.576,0,0,13.257,5.42,-5.211,9.735,0,0,0.756,0.132,0.129,1.071,0.21,1,0.655,0.132,0.249,1.094,0.21,1,0.534,0.132,-0.368,0.166,0,0,0.568,0.132,0.604,1.418,0.21,1,0,-0.017,0.121,0,1,0,-0.016,0.088,0,1,13.646,0,13.646,0,82.588,7.95,-18.722,77.277,0,1,0,0,0,0.118,0.966,2.82,0.921,0.01,1.387,0.891,7.201,4.251,10.306
ARM2021,ARM,ARM,Armenia,2021,0.2,5.548,1.142,0,5.548,0,1,7.957,3.427,0,7.957,0,1,11.26,6.855,0,13.512,0.2,1,5.306,0.586,1.151,6.458,0,1,6.448,1.269,0.035,6.483,0,1,13.298,6.527,1.291,15.957,0.2,1,0.619,0.114,0.17,0.947,0.2,1,0.599,0.114,0.13,0.876,0.2,1,0.439,0.114,0,0.527,0.2,1,0.505,0.114,0,0.606,0.2,1,0,0,0.084,0,0.5,0,0,0.086,0.2,0.5,11.787,0,11.787,0,78.125,7.95,0,93.75,0.2,1,1,1,0,0,0,0,0,0.001,1.198,0,4.165,4.41,4.165
ARM2022,ARM,ARM,Armenia,2022,0.2,7.075,1.235,0,7.075,0,1,9.781,3.704,0,9.781,0,1,13.248,7.407,0.196,15.898,0.2,1,5.627,0.59,0,5.627,0,1,6.862,1.272,0.06,6.922,0,1,14.27,6.815,1.256,17.124,0.2,1,0.861,0.123,0.154,1.218,0.2,1,0.986,0.123,0.167,1.384,0.2,1,0.598,0.123,0.009,0.717,0.2,1,0.612,0.123,0.009,0.735,0.2,1,0,0,0.123,0,0.5,0,0,0.107,0.2,0.5,12.729,0,12.729,0,97.9,7.95,1.449,117.48,0.2,1,1,1,0,0,0,0,0,0,1.294,0,4.393,5.842,4.393
ARM2023,ARM,ARM,Armenia,2023,0.2,4.751,1.285,0,4.751,0,1,7.885,3.856,0,7.885,0,1,11.178,7.713,0.248,13.414,0.2,1,2.794,0.313,1.001,3.795,0,1,4.08,0.812,2.871,6.951,0,1,11.794,5.842,0.584,14.152,0.2,1,0.76,0.129,0.223,1.181,0.2,1,0.811,0.129,0.308,1.343,0.2,1,0.535,0.129,0.012,0.642,0.2,1,0.579,0.129,0.013,0.695,0.2,1,0,0,0.136,0,0.5,0,0,0.119,0.2,0.5,13.254,0,13.254,0,83.248,7.95,1.843,99.898,0.2,1,1,1,0,0,0,0,0,0,1.348,0,1.508,3.466,1.508
ARM2024,ARM,ARM,Armenia,2024,0.2,4.35,1.323,0,4.35,0,1,7.123,3.97,0,7.123,0,1,10.967,7.941,0.299,13.161,0.2,1,2.599,0.328,0,2.599,0,1,3.922,0.859,3.225,7.147,0,1,11.864,6.034,0.598,14.237,0.2,1,0.724,0.132,0.401,1.35,0.2,1,0.75,0.132,0.389,1.368,0.2,1,0.513,0.132,0.014,0.616,0.2,1,0.591,0.132,0.016,0.71,0.2,1,0,0,0.123,0,0.5,0,0,0.111,0.2,0.5,13.646,0,13.646,0,82.588,7.95,2.25,99.106,0.2,1,1,1,0,0,0,0,0,0,1.387,0,1.275,3.027,1.275
ABW2021,ABW,ABW,Aruba,2021,0.02,5.897,1.143,0,5.897,0,1,7.964,3.43,0,7.964,0,1,11.613,6.86,0,11.846,0.02,1,5.919,0.796,-3.796,2.123,0,0,7.062,1.654,-4.94,2.123,0,0,13.922,7.481,-4.96,8.962,0,0,0.649,0.114,0.656,1.305,0,1,0.577,0.114,0.529,1.128,0.02,1,0.458,0.114,0,0.467,0.02,1,0.491,0.114,0.384,0.893,0.02,1,0,0,0.276,0,0.833,0,0,0.248,0.02,0.833,11.787,0,11.787,0,78.125,7.95,0,79.688,0.02,1,0,0,0,0,0,0,0,0,1.198,0,4.776,4.753,15.983
ABW2022,ABW,ABW,Aruba,2022,0.015,11.72,1.235,0,11.72,0,1,9.783,3.704,0,9.783,0,1,17.893,7.408,0.02,18.162,0.015,1,6.392,0.86,-4.1,2.292,0,0,7.627,1.786,-5.334,2.292,0,0,15.035,8.079,-5.357,9.678,0,0,0.896,0.123,0.711,1.607,0,1,0.89,0.123,0.673,1.586,0.015,1,0.62,0.123,0.001,0.63,0.015,1,0.608,0.123,0.728,1.355,0.015,1,0,0,0.309,0,0.833,0,0,0.259,0.015,0.833,12.729,0,12.729,0,97.9,7.95,0.109,99.368,0.015,1,0,0,0,0,0,0,0,0,1.294,0,5.158,10.485,29.494
ABW2023,ABW,ABW,Aruba,2023,0.015,6.147,1.286,0,6.147,0,1,7.886,3.857,0,7.886,0,1,12.575,7.714,0.021,12.764,0.015,1,6.656,0.895,-4.269,2.387,0,0,7.942,1.86,-5.555,2.387,0,0,15.656,8.412,-5.578,10.078,0,0,0.791,0.129,0.731,1.522,0,1,0.618,0.129,0.8,1.439,0.015,1,0.554,0.129,0.001,0.563,0.015,1,0.557,0.129,0.65,1.225,0.015,1,0,0,0.33,0,0.833,0,0,0.283,0.015,0.833,13.254,0,13.254,0,83.248,7.95,0.138,84.497,0.015,1,0,0,0,0,0,0,0,0,1.348,0,5.37,4.861,11.192
ABW2024,ABW,ABW,Aruba,2024,0.015,5.575,1.324,0,5.575,0,1,7.124,3.971,0,7.124,0,1,12.193,7.942,0.025,12.376,0.015,1,6.853,0.922,-4.395,2.458,0,0,8.176,1.915,-5.719,2.458,0,0,16.118,8.66,-5.743,10.375,0,0,0.756,0.132,0.706,1.462,0,1,0.655,0.132,0.666,1.341,0.015,1,0.534,0.132,0.001,0.542,0.015,1,0.568,0.132,0.525,1.109,0.015,1,0,0,0.318,0,0.833,0,0,0.275,0.015,0.833,13.646,0,13.646,0,82.588,7.95,0.169,83.827,0.015,1,0,0,0,0,0,0,0,0,1.387,0,5.529,4.251,10.123
AUS2021,AUS,AUS,Australia,2021,0.1,1.895,0.576,0,1.895,0,1,3.047,1.728,0,3.047,0,1,4.774,3.455,0,5.252,0.1,1,7.323,0.641,0,7.323,0,1,8.466,1.283,0,8.466,0,1,15.326,5.132,-0.265,16.568,0.1,1,0.621,0.114,0.396,1.119,0.1,1,0.593,0.114,0.382,1.073,0.1,1,0.44,0.114,0.131,0.628,0.1,1,0.56,0.114,0.027,0.646,0.1,1,0,0,0.163,0,1,0,0,0.236,0.1,1,11.787,0,11.787,0,81.695,7.95,0,89.865,0.1,1,0,0,0,0.001,0,0.021,2.211,0.993,1.296,0,4.005,4.466,6.18
AUS2022,AUS,AUS,Australia,2022,0.1,2.107,0.623,0,2.107,0,1,3.354,1.87,0,3.354,0,1,5.223,3.74,0.039,5.746,0.1,1,12.903,0.676,0,12.903,0,1,14.138,1.352,0,14.138,0,1,21.546,5.408,0.026,23.555,0.1,1,0.847,0.123,0.304,1.266,0.1,1,0.947,0.123,0.343,1.419,0.1,1,0.589,0.123,0.031,0.681,0.1,1,0.689,0.123,0.031,0.786,0.1,1,0,0,0.27,0,1,0,0,0.233,0.1,1,12.729,0,12.729,0,102.477,7.95,0.758,112.724,0.1,1,0,0,0,0.001,0,0.023,2.308,0.99,1.399,0,4.325,10.204,11.669
AUS2023,AUS,AUS,Australia,2023,0.1,2.147,0.649,0,2.147,0,1,3.45,1.948,0,3.45,0,1,5.394,3.896,0.06,5.934,0.1,1,8.851,0.661,0,8.851,0,1,10.136,1.322,0,10.136,0,1,17.85,5.289,0.198,19.635,0.1,1,0.749,0.129,0.365,1.225,0.1,1,0.783,0.129,0.4,1.301,0.1,1,0.527,0.129,0.058,0.644,0.1,1,0.64,0.129,0.031,0.73,0.1,1,0,0,0.228,0,1,0,0,0.255,0.1,1,13.254,0,13.254,0,87.079,7.95,0.964,95.787,0.1,1,0,0,0,0.001,0,0.024,2.168,0.99,1.457,0,4.504,5.487,7.565
AUS2024,AUS,AUS,Australia,2024,0.1,2.199,0.669,2.262,4.461,0,1,3.54,2.006,2.237,5.777,0,1,5.542,4.011,0.075,6.096,0.1,1,8.604,0.681,1.31,9.914,0,1,9.928,1.361,1.31,11.238,0,1,17.87,5.445,0.286,19.703,0.1,1,0.72,0.132,0.365,1.194,0.1,1,0.734,0.132,0.368,1.211,0.1,1,0.51,0.132,0.054,0.621,0.1,1,0.652,0.132,0.092,0.808,0.1,1,0,0,0.235,0,1,0,0,0.257,0.1,1,13.646,0,13.646,0,86.385,7.95,12.349,107.149,0.1,1,0,0,0,0.001,0,0.025,2.037,0.99,1.5,0,4.637,4.509,7.281
AUT2021,AUT,AUT,Austria,2021,0.2,5.326,1.165,1.894,7.22,0,1,7.305,3.311,2.459,9.765,0,1,11.27,6.86,2.566,16.603,0.2,1,19.207,2.122,-5.131,14.076,0,1,19.163,3.771,-5.087,14.076,0,1,30.123,14.784,-11.904,21.862,0.2,1,0.619,0.114,0.646,1.518,0.2,1,0.599,0.114,0.62,1.463,0.2,1,0.439,0.114,0.357,0.955,0.2,1,0.505,0.114,0.235,0.887,0.2,1,0,0.029,0.128,0,1,0,0.054,0.266,0.2,1,11.787,0,11.787,0,78.125,7.95,47.305,150.516,0.2,1,0,0,0,0,0,0.035,0,0,1.198,0,5.154,4.41,14.942
AUT2022,AUT,AUT,Austria,2022,0.2,9.806,1.523,8.159,17.965,0,1,11.604,4.792,9.045,20.649,0,1,13.25,7.408,2.688,18.847,0.2,1,41.829,4.388,-15.291,26.538,0,1,41.877,7.763,-15.339,26.538,0,1,53.385,25.493,-28.988,29.277,0.2,1,0.861,0.123,0.655,1.819,0.2,1,0.986,0.123,0.611,1.917,0.2,1,0.598,0.123,0.436,1.241,0.2,1,0.612,0.123,0.633,1.494,0.2,1,0,0.01,0.195,0,1,0,0.009,0.243,0.2,1,12.729,0,12.729,0,97.9,7.95,133.885,278.142,0.2,1,0,0,0,0,0,0.039,0,0,1.294,0,5.566,5.842,37.473
AUT2023,AUT,AUT,Austria,2023,0.2,12.441,2.834,9.456,21.897,0,1,10.478,5.197,10.392,20.869,0,1,11.18,7.714,6.234,20.444,0.2,1,17.014,1.906,9.559,26.573,0,1,17.113,3.408,9.46,26.573,0,1,28.927,14.33,9.08,45.609,0.2,1,0.76,0.129,0.677,1.725,0.2,1,0.811,0.129,0.668,1.776,0.2,1,0.535,0.129,0.505,1.248,0.2,1,0.579,0.129,0.515,1.313,0.2,1,0,0.005,0.238,0,1,0,-0.064,0.292,0.2,1,13.254,0,13.254,0,83.248,7.95,129.924,255.807,0.2,1,0,0,0,0,0,0.038,0,0,1.348,0,5.796,3.466,12.608
AUT2024,AUT,AUT,Austria,2024,0.2,12.129,3.073,6.197,18.327,0,1,19.923,10.853,6.956,26.879,0,1,10.969,7.942,7.79,21.913,0.2,1,15.793,1.994,5.103,20.896,0,1,15.793,3.46,5.103,20.896,0,1,29.728,15.12,3.051,39.334,0.2,1,0.724,0.132,0.69,1.697,0.2,1,0.75,0.132,0.69,1.729,0.2,1,0.513,0.132,0.332,1.015,0.2,1,0.591,0.132,0.298,1.067,0.2,1,0,0.004,0.167,0,1,0,-0.071,0.28,0.2,1,13.646,0,13.646,0,82.588,7.95,109.01,229.918,0.2,1,0,0,0,0,0,0.038,0,0,1.387,0,5.967,3.027,10.564
AZE2021,AZE,AZE,Azerbaijan,2021,0.18,5.553,1.143,0.028,5.581,0,1,7.964,3.43,0.04,8.005,0,1,11.27,6.86,0.028,13.331,0.18,1,4.275,0.485,-1.129,3.145,0,0,4.846,0.972,-1.701,3.145,0,0,8.276,3.986,-5.611,3.145,0,0,0.619,0.114,-0.121,0.588,0,0,0.599,0.114,-0.235,0.429,0,0,0.439,0.114,-0.113,0.326,0,0,0.505,0.114,0,0.596,0.18,1,0,-0.064,0.053,0,0.333,0,-0.064,0.053,0,0.5,11.787,0,11.787,0,78.125,7.95,0,92.188,0.18,1,0,0,0,0,0,0.02,0.01,0,1.198,1,3.703,4.41,14.129
AZE2022,AZE,AZE,Azerbaijan,2022,0.18,7.077,1.235,0.043,7.12,0,1,9.783,3.704,0.058,9.84,0,1,13.25,7.408,0.22,15.686,0.18,1,4.591,0.521,-0.833,3.758,0,0,5.277,1.058,-1.519,3.758,0,0,9.394,4.524,-6.209,3.758,0,0,0.861,0.123,-0.363,0.588,0,0,0.986,0.123,-0.622,0.43,0,0,0.598,0.123,-0.122,0.476,0,0,0.612,0.123,0.008,0.723,0.18,1,0,-0.064,0.065,0,0.333,0,-0.064,0.047,0,0.5,12.729,0,12.729,0,97.9,7.95,1.304,115.522,0.18,1,0,0,0,0,0,0.023,0.011,0,1.294,0.889,3.999,5.842,28.059
AZE2023,AZE,AZE,Azerbaijan,2023,0.18,4.752,1.286,0.027,4.778,0,1,7.886,3.857,0.04,7.926,0,1,11.18,7.714,0.25,13.224,0.18,1,4.685,0.532,-0.927,3.758,0,0,5.429,1.089,-1.671,3.758,0,0,9.89,4.763,-6.705,3.758,0,0,0.76,0.129,-0.262,0.588,0,0,0.811,0.129,-0.447,0.43,0,0,0.535,0.129,-0.127,0.408,0,0,0.579,0.129,0.012,0.684,0.18,1,0,-0.064,0.065,0,0.333,0,-0.064,0.047,0,0.5,13.254,0,13.254,0,83.248,7.95,1.659,98.233,0.18,1,0,0,0,0,0,0.025,0.01,0,1.348,0.843,4.164,3.466,9.261
AZE2024,AZE,AZE,Azerbaijan,2024,0.18,4.351,1.324,0.021,4.371,0,1,7.124,3.971,0.028,7.151,0,1,10.969,7.942,0.29,12.967,0.18,1,4.794,0.544,-1.036,3.758,0,0,5.56,1.115,-1.802,3.758,0,0,10.153,4.89,-6.968,3.758,0,0,0.724,0.132,-0.187,0.634,0,0,0.75,0.132,-0.303,0.528,0,0,0.513,0.132,-0.189,0.382,0,0,0.591,0.132,0.014,0.698,0.18,1,0,-0.066,0.063,0,0.333,0,-0.066,0.046,0,0.5,13.646,0,13.646,0,82.588,7.95,2.025,97.454,0.18,1,0,0,0,0,0,0.026,0.01,0,1.387,0.843,4.287,3.027,7.598
BHS2021,BHS,BHS,"Bahamas, The",2021,0.12,5.897,1.143,0,5.897,0,1,7.964,3.43,0,7.964,0,1,11.613,6.86,0,13.007,0.12,1,16.985,2.285,0,16.985,0,1,18.128,4.245,0,18.128,0,1,24.988,13.427,0,27.987,0.12,1,0.649,0.114,0.609,1.409,0.12,1,0.577,0.114,0.498,1.204,0.12,1,0.458,0.114,0.002,0.515,0.12,1,0.491,0.114,0.022,0.575,0.12,1,0,0,0.253,0,1,0,0,0.262,0.12,1,11.787,0,11.787,0,78.125,7.95,0,87.5,0.12,1,0,0,0,0,0,0,0,0,1.198,0,4.776,4.753,15.983
BHS2022,BHS,BHS,"Bahamas, The",2022,0.1,11.72,1.235,0,11.72,0,1,9.783,3.704,0,9.783,0,1,17.893,7.408,0.132,19.683,0.1,1,30.435,4.094,0,30.435,0,1,31.67,7.416,0,31.67,0,1,39.078,20.998,0.289,42.986,0.1,1,0.896,0.123,0.676,1.716,0.1,1,0.89,0.123,0.545,1.567,0.1,1,0.62,0.123,0.007,0.685,0.1,1,0.608,0.123,0.037,0.703,0.1,1,0,0,0.264,0,1,0,0,0.273,0.1,1,12.729,0,12.729,0,97.9,7.95,0.725,107.69,0.1,1,0,0,0,0,0,0,0,0,1.294,0,5.158,10.485,29.494
BHS2023,BHS,BHS,"Bahamas, The",2023,0.1,6.147,1.286,0,6.147,0,1,7.886,3.857,0,7.886,0,1,12.575,7.714,0.139,13.833,0.1,1,12.477,1.678,0,12.477,0,1,13.763,3.223,0,13.763,0,1,21.477,11.54,0.238,23.624,0.1,1,0.791,0.129,0.721,1.645,0.1,1,0.618,0.129,0.598,1.323,0.1,1,0.554,0.129,0.008,0.612,0.1,1,0.557,0.129,0.035,0.644,0.1,1,0,0,0.402,0,1,0,0,0.41,0.1,1,13.254,0,13.254,0,83.248,7.95,0.922,91.573,0.1,1,0,0,0,0,0,0,0,0,1.348,0,5.37,4.861,11.192
BHS2024,BHS,BHS,"Bahamas, The",2024,0.1,5.575,1.324,0,5.575,0,1,7.124,3.971,0,7.124,0,1,12.193,7.942,0.166,13.412,0.1,1,11.446,1.54,0,11.446,0,1,12.77,2.99,0,12.77,0,1,20.712,11.129,0.282,22.783,0.1,1,0.756,0.132,0.751,1.635,0.1,1,0.655,0.132,0.617,1.381,0.1,1,0.534,0.132,0.009,0.589,0.1,1,0.568,0.132,0.037,0.656,0.1,1,0,0,0.357,0,1,0,0,0.331,0.1,1,13.646,0,13.646,0,82.588,7.95,1.125,90.847,0.1,1,0,0,0,0,0,0,0,0,1.387,0,5.529,4.251,10.123
BHR2021,BHR,BHR,Bahrain,2021,0.05,5.897,1.143,0.238,6.134,0,1,7.964,3.43,0.227,8.191,0,1,11.613,6.86,0.238,12.444,0.05,1,2.611,0.236,1.345,3.956,0,1,3.182,0.519,0.774,3.956,0,1,6.612,2.78,-3.094,3.694,0,0,0.621,0.114,-0.2,0.42,0,0,0.593,0.114,-0.115,0.478,0,0,0.44,0.114,-0.289,0.151,0,0,0.56,0.114,-0.132,0.428,0,0,0,-0.054,0.037,0,0.167,0,-0.054,0.021,0,0.167,11.787,0,11.787,0,81.695,7.95,-17.258,67.66,0,0,0,0,0,0,0,0,0,0,1.198,1,2.039,4.753,14.162
BHR2022,BHR,BHR,Bahrain,2022,0.1,11.72,1.235,0.566,12.286,0,1,9.783,3.704,0.328,10.111,0,1,17.893,7.408,0.703,20.305,0.1,1,2.819,0.255,1.401,4.22,0,1,3.437,0.561,0.783,4.22,0,1,7.141,3.002,-3.783,3.694,0,0,0.847,0.123,-0.427,0.42,0,0,0.947,0.123,-0.469,0.478,0,0,0.589,0.123,-0.438,0.151,0,0,0.689,0.123,-0.261,0.428,0,0,0,-0.1,0.037,0,0.167,0,-0.1,0.021,0,0.167,12.729,0,12.729,0,102.477,7.95,-40.968,67.66,0,0,0,0,0,0,0,0,0,0,1.294,1,2.202,10.485,30.326
BHR2023,BHR,BHR,Bahrain,2023,0.1,6.147,1.286,0.273,6.42,0,1,7.886,3.857,0.227,8.113,0,1,12.575,7.714,0.416,14.133,0.1,1,2.936,0.266,1.284,4.22,0,1,3.579,0.584,0.641,4.22,0,1,7.436,3.126,-4.078,3.694,0,0,0.749,0.129,-0.329,0.42,0,0,0.783,0.129,-0.305,0.478,0,0,0.527,0.129,-0.374,0.153,0,0,0.64,0.129,-0.215,0.425,0,0,0,-0.072,0.037,0,0.167,0,-0.072,0.021,0,0.167,13.254,0,13.254,0,87.079,7.95,-25.57,67.66,0,0,0,0,0,0,0,0,0,0,1.348,1,2.293,4.861,10.622
BHR2024,BHR,BHR,Bahrain,2024,0.1,5.575,1.324,0.213,5.787,0,1,7.124,3.971,0.158,7.281,0,1,12.193,7.942,0.382,13.646,0.1,1,3.022,0.274,1.198,4.22,0,1,3.684,0.601,0.536,4.22,0,1,7.655,3.218,-4.297,3.694,0,0,0.72,0.132,-0.3,0.42,0,0,0.734,0.132,-0.256,0.478,0,0,0.51,0.132,-0.357,0.153,0,0,0.652,0.132,-0.227,0.425,0,0,0,-0.074,0.037,0,0.167,0,-0.074,0.021,0,0.167,13.646,0,13.646,0,86.385,7.95,-24.877,67.66,0,0,0,0,0,0,0,0,0,0,1.387,1,2.361,4.251,9.168
BGD2021,BGD,BGD,Bangladesh,2021,0.15,4.388,1.074,0,4.388,0,1,7.355,3.223,0.199,7.554,0,1,9.76,6.446,0,11.223,0.15,1,4.113,0.278,-2.759,1.354,0,0,4.796,0.601,-1.54,3.256,0,1,8.894,3.159,-5.56,3.834,0,0,0.621,0.114,0.289,1.046,0.15,1,0.593,0.114,0.225,0.94,0.15,1,0.44,0.114,-0.138,0.323,0,0,0.56,0.114,0.243,0.94,0.17,1,0,-0.032,0.099,0,0.833,0,-0.032,0.073,0,0.833,11.787,0,11.787,0,81.695,7.95,10.145,107.453,0.17,1,0,0,0,0,1.051,0,0,0.121,1.198,0.805,1.314,3.604,16.843
BGD2022,BGD,BGD,Bangladesh,2022,0.15,8.175,1.18,0,8.175,0,1,9.19,3.539,0.277,9.467,0,1,14.073,7.078,0.156,16.184,0.15,1,6.64,0.448,-5.224,1.417,0,0,7.395,0.927,-4.07,3.325,0,1,11.922,4.235,-7.505,5.08,0,0,0.847,0.123,0.159,1.157,0.15,1,0.947,0.123,-0.081,0.996,0.15,1,0.589,0.123,-0.272,0.339,0,0,0.689,0.123,0.191,1.03,0.17,1,0,-0.032,0.09,0,0.833,0,-0.032,0.066,0,0.833,12.729,0,12.729,0,102.477,7.95,5.486,126.317,0.17,1,0,0,0,0,1.395,0,0,0.089,1.294,0.778,1.419,7.554,30.149
BGD2023,BGD,BGD,Bangladesh,2023,0.15,5.326,1.21,0,5.326,0,1,7.344,3.63,0.178,7.522,0,1,11.377,7.261,0.189,13.083,0.15,1,4.267,0.288,-0.857,3.41,0,0,5.076,0.636,2.23,7.307,0,1,9.933,3.528,-6.121,4.384,0,0,0.749,0.129,0.302,1.209,0.15,1,0.783,0.129,0.185,1.113,0.15,1,0.527,0.129,-0.268,0.277,0,0,0.64,0.129,0.216,1.002,0.17,1,0,-0.032,0.088,0,0.833,0,-0.032,0.063,0,0.833,13.254,0,13.254,0,87.079,7.95,14.039,118.308,0.17,1,0,0,0,0,2.776,0,0,0.118,1.348,0.741,1.477,4.484,12.392
BGD2024,BGD,BGD,Bangladesh,2024,0.15,4.506,1.246,0,4.506,0,1,6.683,3.738,0.139,6.822,0,1,10.735,7.475,0.219,12.345,0.15,1,4.036,0.272,-0.565,3.472,0,0,4.869,0.61,1.85,6.719,0,1,9.869,3.506,-6.364,4.031,0,0,0.72,0.132,0.456,1.376,0.17,1,0.734,0.132,0.138,1.019,0.17,1,0.51,0.132,-0.257,0.296,0,0,0.652,0.132,0.1,0.88,0.17,1,0,-0.033,0.097,0,0.833,0,-0.033,0.068,0,0.833,13.646,0,13.646,0,86.385,7.95,8.976,111.573,0.17,1,0,0,0,0,2.855,0,0,0.118,1.387,0.741,1.521,3.509,10.792
BRB2021,BRB,BRB,Barbados,2021,0.175,5.897,1.143,0,5.897,0,1,7.964,3.43,0,7.964,0,1,11.613,6.86,0,13.646,0.175,1,9.228,1.241,12.499,21.728,0,1,10.372,2.429,11.356,21.728,0,1,17.232,9.259,3.566,24.437,0.175,1,0.649,0.114,0.936,1.863,0.175,1,0.577,0.114,0.691,1.49,0.175,1,0.458,0.114,0.291,0.88,0.175,1,0.491,0.114,0.148,0.639,0,1,0,0,0.261,0,1,0,0,0.279,0,1,11.787,0,11.787,0,78.125,7.95,31.732,129.081,0.175,1,0,0,0,0,0,0,0,0,1.198,0,4.776,4.753,15.983
BRB2022,BRB,BRB,Barbados,2022,0.175,11.72,1.235,0,11.72,0,1,9.783,3.704,0,9.783,0,1,17.893,7.408,0.232,21.025,0.175,1,13.632,1.834,11.082,24.714,0,1,14.867,3.481,9.847,24.714,0,1,22.275,11.969,-1.33,24.61,0.175,1,0.896,0.123,0.899,2.109,0.175,1,0.89,0.123,0.703,1.872,0.175,1,0.62,0.123,0.151,0.906,0.175,1,0.608,0.123,0.466,1.073,0,1,0,0,0.347,0,1,0,0,0.305,0,1,12.729,0,12.729,0,97.9,7.95,33.938,152.929,0.175,1,0,0,0,0,0,0,0,0,1.294,0,5.158,10.485,29.494
BRB2023,BRB,BRB,Barbados,2023,0.175,6.147,1.286,0,6.147,0,1,7.886,3.857,0,7.886,0,1,12.575,7.714,0.244,14.776,0.175,1,8.345,1.122,24.771,33.116,0,1,9.631,2.255,23.486,33.116,0,1,17.345,9.32,4.28,25.409,0.175,1,0.791,0.129,0.935,2.027,0.175,1,0.618,0.129,0.857,1.733,0.175,1,0.554,0.129,0.206,0.893,0.175,1,0.557,0.129,0.373,0.931,0,1,0,0,0.325,0,1,0,0,0.294,0,1,13.254,0,13.254,0,83.248,7.95,38.685,140.549,0.175,1,0,0,0,0,0,0,0,0,1.348,0,5.37,4.861,11.192
BRB2024,BRB,BRB,Barbados,2024,0.175,5.575,1.324,0,5.575,0,1,7.124,3.971,0,7.124,0,1,12.193,7.942,0.291,14.327,0.175,1,8.172,1.099,24.944,33.116,0,1,9.496,2.224,23.62,33.116,0,1,17.438,9.37,4.187,25.409,0.175,1,0.756,0.132,1.006,2.071,0.175,1,0.655,0.132,0.799,1.709,0.175,1,0.534,0.132,0.224,0.89,0.175,1,0.568,0.132,0.416,0.984,0,1,0,0,0.336,0,1,0,0,0.344,0,1,13.646,0,13.646,0,82.588,7.95,40.778,141.58,0.175,1,0,0,0,0,0,0,0,0,1.387,0,5.529,4.251,10.123
BLR2021,BLR,BLR,Belarus,2021,0.2,5.553,1.143,0,5.553,0,1,7.964,3.43,0,7.964,0,1,13.63,6.86,-9.985,3.703,0,0,5.914,0.795,0.979,6.893,0,0,7.053,1.641,-0.159,6.893,0,0,13.883,7.373,-12.698,1.422,0,0,0.619,0.114,0.03,0.779,0.2,1,0.599,0.114,0.05,0.779,0.2,1,0.439,0.114,-0.092,0.416,0,0,0.505,0.114,0,0.606,0.2,1,0,0,0.093,0,1,0,0,0.077,0.2,1,11.787,0,11.787,0,78.125,7.95,0,93.75,0.2,1,0,0,0,0,0.019,0.041,0,0,1.198,0.009,4.776,4.41,15.162
BLR2022,BLR,BLR,Belarus,2022,0.2,7.077,1.235,0,7.077,0,1,9.783,3.704,0,9.783,0,1,15.8,7.408,-11.888,3.968,0,0,6.387,0.859,0.171,6.558,0,0,7.616,1.773,-1.058,6.558,0,0,14.993,7.962,-13.472,1.825,0,0,0.861,0.123,-0.118,0.892,0.2,1,0.986,0.123,-0.243,0.892,0.2,1,0.598,0.123,-0.189,0.491,0,0,0.612,0.123,0.009,0.735,0.2,1,0,0,0.098,0,1,0,0,0.064,0.2,1,12.729,0,12.729,0,97.9,7.95,1.449,117.48,0.2,1,0,0,0,0,0.021,0.044,0,0,1.294,0.009,5.158,5.842,31.326
BLR2023,BLR,BLR,Belarus,2023,0.2,4.752,1.286,0,4.752,0,1,7.886,3.857,0,7.886,0,1,13.834,7.714,-9.807,4.078,0,0,6.65,0.894,-0.485,6.165,0,0,7.93,1.845,-1.764,6.165,0,0,15.607,8.289,-14.222,1.663,0,0,0.76,0.129,-0.099,0.793,0.2,1,0.811,0.129,-0.15,0.793,0.2,1,0.535,0.129,-0.187,0.417,0,0,0.579,0.129,0.013,0.695,0.2,1,0,0,0.128,0,1,0,0,0.083,0.2,1,13.254,0,13.254,0,83.248,7.95,1.843,99.898,0.2,1,0,0,0,0,0.022,0.046,0,0,1.348,0.009,5.37,3.466,11.622
BLR2024,BLR,BLR,Belarus,2024,0.2,4.351,1.324,0,4.351,0,1,7.124,3.971,0,7.124,0,1,13.702,7.942,-9.58,4.167,0,0,6.846,0.92,-1.092,5.755,0,0,8.164,1.9,-2.409,5.755,0,0,16.068,8.533,-14.57,1.797,0,0,0.724,0.132,-0.107,0.741,0.2,1,0.75,0.132,-0.133,0.741,0.2,1,0.513,0.132,-0.196,0.38,0,0,0.591,0.132,0.016,0.71,0.2,1,0,0,0.097,0,1,0,0,0.073,0.2,1,13.646,0,13.646,0,82.588,7.95,2.25,99.106,0.2,1,0,0,0,0,0.022,0.048,0,0,1.387,0.009,5.529,3.027,10.168
BEL2021,BEL,BEL,Belgium,2021,0.21,4.698,1.028,1.866,6.564,0,1,4.654,2.109,1.91,6.564,0,1,11.101,6.698,0,13.433,0.21,1,17.859,1.973,-7.544,10.315,0,1,17.815,3.506,-7.5,10.315,0,1,24.137,11.846,-8.603,18.796,0.21,1,0.619,0.114,0.833,1.757,0.21,1,0.599,0.114,0.864,1.77,0.21,1,0.439,0.114,0.192,0.763,0.21,1,0.505,0.114,0.309,0.984,0.21,1,0,0.026,0.118,0,1,0,0.056,0.337,0.21,1,11.787,0,11.787,0,78.125,7.95,28.91,129.512,0.21,1,0,0,0,0,0,0,0,0,1.198,0,4.776,4.561,15.107
BEL2022,BEL,BEL,Belgium,2022,0.21,10.197,1.583,8.159,18.356,0,1,10.039,4.146,8.317,18.356,0,1,18.108,7.408,0.288,21.918,0.21,1,34.07,3.574,-12.795,21.275,0,1,34.118,6.325,-12.843,21.275,0,1,40.988,19.573,-13.124,33.715,0.21,1,0.861,0.123,0.704,1.893,0.21,1,0.986,0.123,0.69,2.028,0.21,1,0.598,0.123,0.11,0.856,0.21,1,0.612,0.123,0.65,1.528,0.21,1,0,0.021,0.173,0,1,0,0.047,0.417,0.21,1,12.729,0,12.729,0,97.9,7.95,98.408,237.532,0.21,1,0,0,0,0,0,0,0,0,1.294,0,5.158,10.7,31.227
BEL2023,BEL,BEL,Belgium,2023,0.21,8.573,1.953,9.456,18.029,0,1,8.393,4.163,9.636,18.029,0,1,19.078,7.714,0.455,23.099,0.21,1,15.019,1.682,8.03,23.049,0,1,15.117,3.011,7.931,23.049,0,1,22.293,11.043,4.26,32.129,0.21,1,0.76,0.129,0.779,1.863,0.21,1,0.811,0.129,0.769,1.912,0.21,1,0.535,0.129,0.076,0.739,0.21,1,0.579,0.129,0.515,1.325,0.21,1,0,0.019,0.193,0,1,0,0.07,0.439,0.21,1,13.254,0,13.254,0,83.248,7.95,90.292,209.983,0.21,1,0,0,0,0,0,0,0,0,1.348,0,5.37,11.365,12.124
BEL2024,BEL,BEL,Belgium,2024,0.21,15.168,3.843,6.197,21.366,0,1,15.048,8.197,6.318,21.366,0,1,15.416,7.942,0.453,18.668,0.21,1,14.196,1.793,4.198,18.394,0,1,14.196,3.11,4.198,18.394,0,1,18.243,9.279,2.929,25.619,0.21,1,0.724,0.132,0.739,1.771,0.21,1,0.75,0.132,0.788,1.861,0.21,1,0.513,0.132,0.157,0.811,0.21,1,0.591,0.132,0.43,1.236,0.21,1,0,0.019,0.141,0,1,0,0.077,0.361,0.21,1,13.646,0,13.646,0,82.588,7.95,69.153,183.607,0.21,1,0,0,0,0,0,0,0,0,1.387,0,5.529,7.474,10.304
BLZ2021,BLZ,BLZ,Belize,2021,0.125,5.897,1.143,0,5.897,0,1,7.964,3.43,0,7.964,0,1,11.613,6.86,0,13.065,0.125,1,5.919,0.796,0,5.919,0,1,7.062,1.654,0,7.062,0,1,13.922,7.481,0,15.663,0.125,1,0.649,0.114,0.628,1.437,0.125,1,0.577,0.114,0.616,1.342,0.125,1,0.458,0.114,0,0.515,0.125,1,0.491,0.114,0.366,0.964,0.125,1,0,0,0.175,0,0.333,0,0,0.222,0.125,0.667,11.787,0,11.787,0,78.125,7.95,68.088,164.49,0.125,1,0,0,0,0,0,0,0,0,1.198,0,4.776,4.753,15.983
BLZ2022,BLZ,BLZ,Belize,2022,0.125,11.72,1.235,0,11.72,0,1,9.783,3.704,0,9.783,0,1,17.893,7.408,0.166,20.13,0.125,1,6.392,0.86,0,6.392,0,1,7.627,1.786,0,7.627,0,1,15.035,8.079,0.139,16.914,0.125,1,0.896,0.123,0.351,1.403,0.125,1,0.89,0.123,0.35,1.395,0.125,1,0.62,0.123,0.006,0.698,0.125,1,0.608,0.123,0.712,1.484,0.125,1,0,0,0.175,0,0.333,0,0,0.219,0.125,0.667,12.729,0,12.729,0,97.9,7.95,73.599,191.168,0.125,1,0,0,0,0,0,0,0,0,1.294,0,5.158,10.485,29.494
BLZ2023,BLZ,BLZ,Belize,2023,0.125,6.147,1.286,0,6.147,0,1,7.886,3.857,0,7.886,0,1,12.575,7.714,0.174,14.147,0.125,1,3.731,0.502,0,3.731,0,1,5.016,1.175,0,5.016,0,1,12.73,6.84,0.176,14.322,0.125,1,0.791,0.129,0.4,1.339,0.125,1,0.618,0.129,0.55,1.314,0.125,1,0.554,0.129,0.008,0.624,0.125,1,0.557,0.129,0.613,1.317,0.125,1,0,0,0.175,0,0.333,0,0,0.219,0.125,0.667,13.254,0,13.254,0,83.248,7.95,79.296,180.366,0.125,1,0,0,0,0,0,0,0,0,1.348,0,5.37,4.861,11.192
BLZ2024,BLZ,BLZ,Belize,2024,0.125,5.575,1.324,0,5.575,0,1,7.124,3.971,0,7.124,0,1,12.193,7.942,0.208,13.717,0.125,1,3.841,0.517,0,3.841,0,1,5.164,1.209,0,5.164,0,1,13.106,7.042,0.223,14.744,0.125,1,0.756,0.132,0.153,1.023,0.125,1,0.655,0.132,0.489,1.287,0.125,1,0.534,0.132,0.009,0.6,0.125,1,0.568,0.132,0.652,1.35,0.125,1,0,0,0.175,0,0.333,0,0,0.219,0.125,0.667,13.646,0,13.646,0,82.588,7.95,82.462,182.572,0.125,1,0,0,0,0,0,0,0,0,1.387,0,5.529,4.251,10.123
BEN2021,BEN,BEN,Benin,2021,0.18,5.897,1.143,0,5.897,0,1,7.964,3.43,0,7.964,0,1,11.613,6.86,0,13.704,0.18,1,5.721,0.773,0,5.721,0,1,6.864,1.605,0,6.864,0,1,13.724,7.309,0,16.195,0.18,1,0.619,0.114,0.158,0.917,0.18,1,0.599,0.114,0.197,0.94,0.18,1,0.439,0.114,0.055,0.583,0.18,1,0.505,0.114,0.282,0.928,0.18,1,0,0,0.214,0,0.667,0,0,0.216,0.18,0.667,11.787,0,11.787,0,78.125,7.95,71.617,176.696,0.18,1,0,0,0,0,0,0,0,0,1.198,0,4.776,4.753,15.162
BEN2022,BEN,BEN,Benin,2022,0.18,11.72,1.235,0,11.72,0,1,9.783,3.704,0,9.783,0,1,17.893,7.408,0.238,21.114,0.18,1,6.488,0.877,0,6.488,0,1,7.723,1.806,0,7.723,0,1,15.131,8.059,0.202,17.855,0.18,1,0.861,0.123,-0.047,0.961,0.18,1,0.986,0.123,-0.112,1.032,0.18,1,0.598,0.123,-0.005,0.699,0.18,1,0.612,0.123,0.444,1.246,0.18,1,0,0,0.191,0,0.667,0,0,0.192,0.18,0.667,12.729,0,12.729,0,97.9,7.95,94.369,226.877,0.18,1,0,0,0,0,0,0,0,0,1.294,0,5.158,10.485,31.326
BEN2023,BEN,BEN,Benin,2023,0.18,6.147,1.286,0,6.147,0,1,7.886,3.857,0,7.886,0,1,12.575,7.714,0.251,14.839,0.18,1,6.433,0.869,0,6.433,0,1,7.719,1.805,0,7.719,0,1,15.433,8.219,0.308,18.211,0.18,1,0.76,0.129,0.164,1.091,0.18,1,0.811,0.129,0.166,1.154,0.18,1,0.535,0.129,0.116,0.768,0.18,1,0.579,0.129,0.609,1.403,0.18,1,0,0,0.196,0,0.667,0,0,0.197,0.18,0.667,13.254,0,13.254,0,83.248,7.95,161.243,288.499,0.18,1,0,0,0,0,0,0,0,0,1.348,0,5.37,4.861,11.622
BEN2024,BEN,BEN,Benin,2024,0.18,5.575,1.324,0,5.575,0,1,7.124,3.971,0,7.124,0,1,12.193,7.942,0.299,14.388,0.18,1,6.623,0.895,0,6.623,0,1,7.947,1.858,0,7.947,0,1,15.888,8.462,0.39,18.748,0.18,1,0.724,0.132,0.223,1.118,0.18,1,0.75,0.132,0.228,1.154,0.18,1,0.513,0.132,0.158,0.792,0.18,1,0.591,0.132,0.598,1.403,0.18,1,0,0,0.202,0,0.667,0,0,0.203,0.18,0.667,13.646,0,13.646,0,82.588,7.95,173.791,295.287,0.18,1,0,0,0,0,0,0,0,0,1.387,0,5.529,4.251,10.168
BMU2021,BMU,BMU,Bermuda,2021,0,3.885,1.143,0,3.885,0,1,7.964,3.43,0,7.964,0,1,9.601,6.86,0,9.601,0,1,4.665,1.091,0,4.665,0,1,5.809,2.169,0,5.809,0,1,12.669,8.759,0,12.669,0,1,0.649,0.114,0,0.649,0,1,0.577,0.114,0,0.577,0,1,0.458,0.114,0,0.458,0,1,0.491,0.114,0,0.491,0,1,0,0,0.218,0,0.833,0,0,0.378,0,1,11.787,0,11.787,0,78.125,7.95,0,78.125,0,1,0,0,0,0,0,0,0,0,1.198,0,3.522,2.742,3.522
BMU2022,BMU,BMU,Bermuda,2022,0,7.537,1.235,0,7.537,0,1,9.783,3.704,0,9.783,0,1,13.711,7.408,0,13.711,0,1,6.392,1.495,0,6.392,0,1,7.627,2.848,0,7.627,0,1,15.035,10.395,0,15.035,0,1,0.896,0.123,0,0.896,0,1,0.89,0.123,0,0.89,0,1,0.62,0.123,0,0.62,0,1,0.608,0.123,0,0.608,0,1,0,0,0.264,0,0.833,0,0,0.419,0,1,12.729,0,12.729,0,97.9,7.95,0,97.9,0,1,0,0,0,0,0,0,0,0,1.294,0,5.158,6.303,6.176
BMU2023,BMU,BMU,Bermuda,2023,0,4.229,1.286,0,4.229,0,1,7.886,3.857,0,7.886,0,1,10.657,7.714,0,10.657,0,1,3.817,0.893,0,3.817,0,1,5.103,1.906,0,5.103,0,1,12.817,8.862,0,12.817,0,1,0.791,0.129,0,0.791,0,1,0.618,0.129,0,0.618,0,1,0.554,0.129,0,0.554,0,1,0.557,0.129,0,0.557,0,1,0,0,0.265,0,0.833,0,0,0.44,0,1,13.254,0,13.254,0,83.248,7.95,0,83.248,0,1,0,0,0,0,0,0,0,0,1.348,0,2.532,2.943,2.532
BMU2024,BMU,BMU,Bermuda,2024,0,3.627,1.324,0,3.627,0,1,7.124,3.971,0,7.124,0,1,10.245,7.942,0,10.245,0,1,3.615,0.845,0,3.615,0,1,4.939,1.845,0,4.939,0,1,12.881,8.906,0,12.881,0,1,0.756,0.132,0,0.756,0,1,0.655,0.132,0,0.655,0,1,0.534,0.132,0,0.534,0,1,0.568,0.132,0,0.568,0,1,0,0,0.279,0,0.833,0,0,0.47,0,1,13.646,0,13.646,0,82.588,7.95,0,82.588,0,1,0,0,0,0,0,0,0,0,1.387,0,2.292,2.303,2.292
BTN2021,BTN,BTN,Bhutan,2021,0.1,4.747,1.143,0,4.747,0,1,7.964,3.43,0,7.964,0,1,10.464,6.86,0,11.51,0.1,1,17.987,2.1,0,17.987,0,1,19.13,3.956,0,19.13,0,1,25.99,12.953,0,28.589,0.1,1,0.621,0.114,0.533,1.269,0.1,1,0.593,0.114,0.335,1.021,0.1,1,0.44,0.114,0,0.484,0.1,1,0.56,0.114,0,0.616,0.1,1,0,0,0.035,0,1,0,0,0.017,0.1,0.833,11.787,0,11.787,0,81.695,7.95,0,89.865,0.1,1,0,0,0,0,0,0,0,0,1.198,0,4.776,3.604,16.843
BTN2022,BTN,BTN,Bhutan,2022,0.1,8.788,1.235,0,8.788,0,1,9.783,3.704,0,9.783,0,1,14.962,7.408,0.111,16.458,0.1,1,31.383,3.665,0,31.383,0,1,32.618,6.745,0,32.618,0,1,40.026,19.948,0.296,44.029,0.1,1,0.847,0.123,0.57,1.547,0.1,1,0.947,0.123,0.343,1.409,0.1,1,0.589,0.123,0.004,0.647,0.1,1,0.689,0.123,0.005,0.758,0.1,1,0,0,0.031,0,1,0,0,0.016,0.1,0.833,12.729,0,12.729,0,102.477,7.95,0.758,112.724,0.1,1,0,0,0,0,0,0,0,0,1.294,0,5.158,7.554,30.149
BTN2023,BTN,BTN,Bhutan,2023,0.1,5.77,1.286,0,5.77,0,1,7.886,3.857,0,7.886,0,1,12.198,7.714,0.135,13.418,0.1,1,13.678,1.597,0,13.678,0,1,14.963,3.094,0,14.963,0,1,22.677,11.302,0.251,24.945,0.1,1,0.749,0.129,0.609,1.478,0.1,1,0.783,0.129,0.379,1.264,0.1,1,0.527,0.129,0.006,0.58,0.1,1,0.64,0.129,0.007,0.704,0.1,1,0,0,0.02,0,1,0,0,0.015,0.1,0.833,13.254,0,13.254,0,87.079,7.95,0.964,95.787,0.1,1,0,0,0,0,0,0,0,0,1.348,0,5.37,4.484,12.392
BTN2024,BTN,BTN,Bhutan,2024,0.1,4.833,1.324,0,4.833,0,1,7.124,3.971,0,7.124,0,1,11.451,7.942,0.156,12.596,0.1,1,12.116,1.415,0,12.116,0,1,13.439,2.779,0,13.439,0,1,21.381,10.656,0.291,23.519,0.1,1,0.72,0.132,0.635,1.47,0.1,1,0.734,0.132,0.399,1.229,0.1,1,0.51,0.132,0.007,0.561,0.1,1,0.652,0.132,0.009,0.717,0.1,1,0,0,0.019,0,1,0,0,0.015,0.1,0.833,13.646,0,13.646,0,86.385,7.95,1.177,95.024,0.1,1,0,0,0,0,0,0,0,0,1.387,0,5.529,3.509,10.792
BOL2021,BOL,BOL,Bolivia,2021,0.149,5.897,1.143,0.238,6.134,0,1,7.964,3.43,0.227,8.191,0,1,11.613,6.86,0.238,13.622,0.149,1,9.832,1.079,-7.712,2.12,0,0,10.404,2.023,-2.788,7.616,0,0,13.834,6.526,-6.162,7.671,0,0,0.649,0.114,-0.175,0.545,0,0,0.577,0.114,-0.105,0.542,0,0,0.458,0.114,-0.313,0.167,0,0,0.491,0.114,-0.146,0.397,0,0,0,-0.004,0.08,0,0.5,0,-0.004,0.102,0.149,0.833,11.787,0,11.787,0,78.125,7.95,-22.1,64.395,0,0,0,0,0,0,0,0,0,0,1.198,1,9.261,4.753,14.129
BOL2022,BOL,BOL,Bolivia,2022,0.149,11.72,1.235,0.566,12.286,0,1,9.783,3.704,0.328,10.111,0,1,17.893,7.408,0.77,21.217,0.149,1,10.618,1.165,-8.329,2.289,0,0,11.235,2.185,-3.011,8.225,0,0,14.94,7.047,-6.655,8.285,0,0,0.896,0.123,-0.422,0.545,0,0,0.89,0.123,-0.419,0.542,0,0,0.62,0.123,-0.475,0.167,0,0,0.608,0.123,-0.262,0.397,0,0,0,-0.005,0.081,0,0.5,0,-0.005,0.106,0.149,0.833,12.729,0,12.729,0,97.9,7.95,-41.875,64.395,0,0,0,0,0,0,0,0,0,0,1.294,1,10.001,10.485,28.059
BOL2023,BOL,BOL,Bolivia,2023,0.149,6.147,1.286,0.273,6.42,0,1,7.886,3.857,0.227,8.113,0,1,12.575,7.714,0.486,14.768,0.149,1,9.904,1.087,-7.521,2.384,0,0,10.547,2.051,-3.135,7.412,0,0,14.404,6.795,-5.969,8.435,0,0,0.791,0.129,-0.314,0.548,0,0,0.618,0.129,-0.124,0.568,0,0,0.554,0.129,-0.409,0.167,0,0,0.557,0.129,-0.212,0.397,0,0,0,0,0.082,0,0.5,0,0,0.11,0.149,0.833,13.254,0,13.254,0,83.248,7.95,-27.61,63.95,0,0,0,0,0,0,0,0,0,0,1.348,1,9.261,4.861,9.261
BOL2024,BOL,BOL,Bolivia,2024,0.149,5.575,1.324,0.213,5.787,0,1,7.124,3.971,0.158,7.281,0,1,12.193,7.942,0.465,14.259,0.149,1,8.26,0.906,-5.806,2.454,0,0,8.922,1.735,-3.227,5.694,0,0,12.892,6.082,-4.531,8.362,0,0,0.756,0.132,-0.268,0.561,0,0,0.655,0.132,-0.167,0.561,0,0,0.534,0.132,-0.388,0.167,0,0,0.568,0.132,-0.223,0.397,0,0,0,0,0.084,0,0.5,0,0,0.113,0.149,0.833,13.646,0,13.646,0,82.588,7.95,-26.95,63.95,0,0,0,0,0,0,0,0,0,0,1.387,1,7.598,4.251,7.598
BIH2021,BIH,BIH,Bosnia and Herzegovina,2021,0.17,2.809,0.729,0.124,2.933,0,1,4.301,2.186,-1.368,2.933,0,0,6.452,4.372,0,7.549,0.17,1,22.51,2.486,-10.342,12.168,0,1,22.467,4.421,-10.298,12.168,0,1,26.868,13.187,-17.256,11.246,0,0,0.619,0.114,0.5,1.31,0.17,1,0.599,0.114,0.486,1.27,0.17,1,0.439,0.114,0.184,0.729,0.17,1,0.505,0.114,0.19,0.813,0.17,1,0,0.003,0.072,0,1,0,0.003,0.103,0.17,1,11.787,0,11.787,0,78.125,7.95,0,91.406,0.17,1,0,0,0,0,0,0,0,0.725,1.198,0,4.776,4.41,20.363
BIH2022,BIH,BIH,Bosnia and Herzegovina,2022,0.17,3.179,0.769,0.134,3.313,0,1,4.775,2.307,-1.477,3.298,0,0,7.023,4.613,0.088,8.217,0.17,1,50.269,5.273,-34.302,15.967,0,1,50.317,9.328,-34.349,15.967,0,1,55.255,26.386,-41.591,15.987,0,0,0.861,0.123,0.473,1.561,0.17,1,0.986,0.123,0.452,1.683,0.17,1,0.598,0.123,0.135,0.857,0.17,1,0.612,0.123,0.217,0.959,0.17,1,0,0.003,0.086,0,1,0,0.003,0.094,0.17,1,12.729,0,12.729,0,97.9,7.95,1.232,114.543,0.17,1,0,0,0,0,0,0,0,0.755,1.294,0,5.158,5.842,48.03
BIH2023,BIH,BIH,Bosnia and Herzegovina,2023,0.17,2.595,0.784,0.139,2.734,0,1,4.285,2.351,-1.538,2.747,0,0,6.513,4.701,0.123,7.62,0.17,1,18.781,2.104,-2.333,16.448,0,1,18.88,3.76,-2.432,16.448,0,1,24.023,11.9,-9.874,16.554,0,0,0.76,0.129,0.49,1.463,0.17,1,0.811,0.129,0.456,1.482,0.17,1,0.535,0.129,0.095,0.737,0.17,1,0.579,0.129,0.229,0.929,0.17,1,0,0.001,0.092,0,1,0,0.001,0.093,0.17,1,13.254,0,13.254,0,83.248,7.95,1.567,97.4,0.17,1,0,0,0,0,0,0,0,0.781,1.348,0,5.37,3.466,16.492
BIH2024,BIH,BIH,Bosnia and Herzegovina,2024,0.17,2.553,0.807,0.143,2.696,0,1,4.194,2.42,-1.583,2.61,0,0,6.586,4.84,0.153,7.706,0.17,1,15.707,1.983,0.138,15.846,0,1,15.707,3.441,0.138,15.846,0,1,20.479,10.416,-6.978,15.796,0,0,0.724,0.132,0.486,1.416,0.17,1,0.75,0.132,0.448,1.402,0.17,1,0.513,0.132,0.088,0.703,0.17,1,0.591,0.132,0.239,0.95,0.17,1,0,0,0.096,0,1,0,0.001,0.095,0.17,1,13.646,0,13.646,0,82.588,7.95,1.912,96.628,0.17,1,0,0,0,0,0,0,0,0.781,1.387,0,5.529,3.027,13.942
BWA2021,BWA,BWA,Botswana,2021,0.12,1.77,0.572,0,1.77,0,1,2.913,1.715,0,2.913,0,1,4.628,3.43,0,5.276,0.14,1,14.663,1.982,0,14.663,0,1,15.806,3.696,0,15.806,0,1,22.666,12.072,0,25.839,0.14,1,0.619,0.114,0.424,1.189,0.14,1,0.599,0.114,0.206,0.918,0.14,1,0.439,0.114,0.679,1.118,0,1,0.505,0.114,0.192,0.794,0.14,1,0,0,0.124,0,1,0,0,0.108,0.14,1,11.787,0,11.787,0,78.125,7.95,34.597,128.503,0.14,1,0,0,0,0,0,0,0,1,1.198,0,1.643,4.753,15.162
BWA2022,BWA,BWA,Botswana,2022,0.12,1.911,0.617,0,1.911,0,1,3.146,1.852,0,3.146,0,1,4.998,3.704,0.052,5.698,0.14,1,30.514,4.124,0,30.514,0,1,31.748,7.424,0,31.748,0,1,39.157,20.855,0.406,44.638,0.14,1,0.861,0.123,0.246,1.262,0.14,1,0.986,0.123,0.184,1.334,0.14,1,0.598,0.123,0.529,1.127,0,1,0.612,0.123,0.375,1.125,0.14,1,0,0,0.118,0,1,0,0,0.103,0.14,1,12.729,0,12.729,0,97.9,7.95,59.54,179.481,0.14,1,0,0,0,0,0,0,0,1,1.294,0,1.774,10.485,31.326
BWA2023,BWA,BWA,Botswana,2023,0.12,1.99,0.643,0,1.99,0,1,3.276,1.928,0,3.276,0,1,5.205,3.857,0.081,5.933,0.14,1,12.039,1.627,0,12.039,0,1,13.324,3.116,0,13.324,0,1,21.038,11.205,0.326,23.984,0.14,1,0.76,0.129,0.231,1.13,0.14,1,0.811,0.129,0.251,1.211,0.14,1,0.535,0.129,0.474,1.009,0,1,0.579,0.129,0.345,1.053,0.14,1,0,0,0.115,0,1,0,0,0.095,0.14,1,13.254,0,13.254,0,83.248,7.95,77.672,183.448,0.14,1,0,0,0,0,0,0,0,1,1.348,0,1.847,4.861,11.622
BWA2024,BWA,BWA,Botswana,2024,0.12,2.049,0.662,0,2.049,0,1,3.373,1.985,0,3.373,0,1,5.358,3.971,0.102,6.108,0.14,1,10.757,1.454,0,10.757,0,1,12.08,2.825,0,12.08,0,1,20.022,10.664,0.382,22.825,0.14,1,0.724,0.132,0.29,1.156,0.14,1,0.75,0.132,0.294,1.19,0.14,1,0.513,0.132,0.455,0.968,0,1,0.591,0.132,0.286,1.001,0.14,1,0,0,0.108,0,1,0,0,0.094,0.14,1,13.646,0,13.646,0,82.588,7.95,77.649,182.67,0.14,1,0,0,0,0,0,0,0,1,1.387,0,1.902,4.251,10.168
BRA2021,BRA,BRA,Brazil,2021,0.18,4.394,0.961,0,4.394,0,1,4.394,1.991,0,4.394,0,1,10.534,6.33,0,12.43,0.18,1,12.137,1.341,-0.268,11.869,0,1,11.869,2.336,0,11.869,0,1,32.754,16.076,0,32.754,0,1,0.649,0.114,0.208,1.072,0.25,1,0.577,0.114,0.174,0.841,0.12,1,0.458,0.114,0.165,0.698,0.12,1,0.491,0.114,-0.061,0.538,0.25,1,0,0.007,0.143,0,1,0,0.028,0.162,0,0.667,24.816,0,24.816,0,78.125,7.95,-3.175,88.44,0.18,1,0,0,0,0,0,0.225,1.629,0,1.198,0,5.226,4.753,11.128
BRA2022,BRA,BRA,Brazil,2022,0.17,10.205,1.585,0,10.205,0,1,10.205,4.214,0,10.205,0,1,15.819,6.812,0.199,18.508,0.17,1,17.263,1.811,-0.277,16.986,0,1,16.986,3.149,0,16.986,0,1,46.272,22.097,0,46.272,0,1,0.896,0.123,0.055,1.189,0.25,1,0.89,0.123,0.243,1.27,0.12,1,0.62,0.123,0.171,0.887,0.12,1,0.608,0.123,0.143,0.938,0.25,1,0,0.006,0.151,0,1,0,0.022,0.166,0,0.667,26.8,0,26.8,0,97.9,7.95,15.82,133.053,0.17,1,0,0,0,0,0,0.227,1.817,0,1.294,0,5.644,10.485,20.306
BRA2023,BRA,BRA,Brazil,2023,0.17,7.662,1.745,0,7.662,0,1,7.662,3.8,0,7.662,0,1,11.366,7.081,0.214,13.299,0.17,1,20.673,2.316,-0.286,20.387,0,1,20.387,4.06,0,20.387,0,1,50.233,24.884,0,50.233,0,1,0.791,0.129,0.092,1.104,0.25,1,0.618,0.129,0.41,1.152,0.12,1,0.554,0.129,0.209,0.855,0.12,1,0.557,0.129,0.065,0.778,0.25,1,0,0.005,0.151,0,1,0,0.02,0.166,0,0.667,27.906,0,27.906,0,83.248,7.95,17.463,117.832,0.17,1,0,0,0,0,0,0.234,2.082,0,1.348,0,5.877,4.861,9.675
BRA2024,BRA,BRA,Brazil,2024,0.17,6.222,1.576,0,6.222,0,1,6.222,3.389,0,6.222,0,1,11.072,7.29,0.256,12.954,0.17,1,17.661,2.23,-0.295,17.367,0,1,17.367,3.804,0,17.367,0,1,45.956,23.374,0,45.956,0,1,0.756,0.132,0.126,1.103,0.25,1,0.655,0.132,0.328,1.102,0.12,1,0.534,0.132,0.174,0.792,0.12,1,0.568,0.132,0.09,0.796,0.25,1,0,0.005,0.133,0,1,0,0.02,0.16,0,0.667,28.73,0,28.73,0,82.588,7.95,21.376,118.885,0.17,1,0,0,0,0,0,0.229,2.244,0,1.387,0,6.05,4.251,9.278
VGB2021,VGB,VGB,British Virgin Islands,2021,0.21,5.897,1.143,0,5.897,0,1,7.964,3.43,0,7.964,0,1,11.613,6.86,0,14.052,0.21,1,17.127,2.304,0,17.127,0,1,18.27,4.278,0,18.27,0,1,25.13,13.503,0,30.407,0.21,1,0.649,0.114,0,0.785,0.21,1,0.577,0.114,0,0.698,0.21,1,0.458,0.114,0,0.554,0.21,1,0.491,0.114,0,0.594,0.21,1,0,0,0,0,1,0,0,0,0.21,1,11.787,0,11.787,0,78.125,7.95,0,94.531,0.21,1,0,0,0,0,0,0,0,0,1.198,0,4.776,4.753,15.983
VGB2022,VGB,VGB,British Virgin Islands,2022,0.21,11.72,1.235,0,11.72,0,1,9.783,3.704,0,9.783,0,1,17.893,7.408,0.278,21.651,0.21,1,30.728,4.133,0,30.728,0,1,31.963,7.485,0,31.963,0,1,39.371,21.155,0.612,47.639,0.21,1,0.896,0.123,0.014,1.084,0.21,1,0.89,0.123,0.014,1.077,0.21,1,0.62,0.123,0.01,0.751,0.21,1,0.608,0.123,0.009,0.735,0.21,1,0,0,0,0,1,0,0,0,0.21,1,12.729,0,12.729,0,97.9,7.95,1.522,118.459,0.21,1,0,0,0,0,0,0,0,0,1.294,0,5.158,10.485,29.494
VGB2023,VGB,VGB,British Virgin Islands,2023,0.21,6.147,1.286,0,6.147,0,1,7.886,3.857,0,7.886,0,1,12.575,7.714,0.292,15.216,0.21,1,12.478,1.678,0,12.478,0,1,13.763,3.223,0,13.763,0,1,21.477,11.54,0.499,25.988,0.21,1,0.791,0.129,0.018,0.957,0.21,1,0.618,0.129,0.014,0.748,0.21,1,0.554,0.129,0.013,0.671,0.21,1,0.557,0.129,0.013,0.674,0.21,1,0,0,0,0,1,0,0,0,0.21,1,13.254,0,13.254,0,83.248,7.95,1.936,100.73,0.21,1,0,0,0,0,0,0,0,0,1.348,0,5.37,4.861,11.192
VGB2024,VGB,VGB,British Virgin Islands,2024,0.21,5.575,1.324,0,5.575,0,1,7.124,3.971,0,7.124,0,1,12.193,7.942,0.349,14.753,0.21,1,11.447,1.54,0,11.447,0,1,12.771,2.991,0,12.771,0,1,20.712,11.129,0.592,25.062,0.21,1,0.756,0.132,0.022,0.915,0.21,1,0.655,0.132,0.019,0.793,0.21,1,0.534,0.132,0.015,0.646,0.21,1,0.568,0.132,0.016,0.687,0.21,1,0,0,0,0,1,0,0,0,0.21,1,13.646,0,13.646,0,82.588,7.95,2.362,99.931,0.21,1,0,0,0,0,0,0,0,0,1.387,0,5.529,4.251,10.123
BRN2021,BRN,BRN,Brunei Darussalam,2021,0,4.747,1.143,0,4.747,0,1,7.964,3.43,0,7.964,0,1,10.464,6.86,0,10.464,0,1,3.471,0.381,0.783,4.253,0,1,4.042,0.786,0.211,4.253,0,1,7.472,3.525,-3.219,4.253,0,0,0.621,0.114,-0.342,0.278,0,0,0.593,0.114,-0.355,0.238,0,0,0.44,0.114,-0.301,0.139,0,0,0.56,0.114,-0.276,0.284,0,0,0,-0.021,0.046,0,1,0,-0.021,0.076,0,1,11.787,0,11.787,0,81.695,7.95,0,81.695,0,1,0,0,0,0,0,0,0,0,1.198,1,2.899,3.604,14.129
BRN2022,BRN,BRN,Brunei Darussalam,2022,0,8.788,1.235,0,8.788,0,1,9.783,3.704,0,9.783,0,1,14.962,7.408,0,14.962,0,1,3.748,0.411,0.845,4.593,0,1,4.366,0.849,0.228,4.593,0,1,8.07,3.807,-3.476,4.593,0,0,0.847,0.123,-0.541,0.305,0,0,0.947,0.123,-0.685,0.262,0,0,0.589,0.123,-0.436,0.153,0,0,0.689,0.123,-0.381,0.308,0,0,0,-0.021,0.049,0,1,0,-0.021,0.082,0,1,12.729,0,12.729,0,102.477,7.95,0,102.477,0,1,0,0,0,0,0,0,0,0,1.294,1,3.131,7.554,28.059
BRN2023,BRN,BRN,Brunei Darussalam,2023,0,5.77,1.286,0,5.77,0,1,7.886,3.857,0,7.886,0,1,12.198,7.714,0,12.198,0,1,3.903,0.428,0.88,4.783,0,1,4.546,0.884,0.237,4.783,0,1,8.403,3.964,-3.62,4.783,0,0,0.749,0.129,-0.434,0.314,0,0,0.783,0.129,-0.513,0.269,0,0,0.527,0.129,-0.37,0.157,0,0,0.64,0.129,-0.32,0.32,0,0,0,-0.021,0.051,0,1,0,-0.021,0.085,0,1,13.254,0,13.254,0,87.079,7.95,0,87.079,0,1,0,0,0,0,0,0,0,0,1.348,1,3.26,4.484,9.261
BRN2024,BRN,BRN,Brunei Darussalam,2024,0,4.833,1.324,0,4.833,0,1,7.124,3.971,0,7.124,0,1,11.451,7.942,0,11.451,0,1,4.018,0.441,0.906,4.924,0,1,4.68,0.91,0.244,4.924,0,1,8.651,4.081,-3.727,4.924,0,0,0.72,0.132,-0.398,0.322,0,0,0.734,0.132,-0.457,0.276,0,0,0.51,0.132,-0.349,0.161,0,0,0.652,0.132,-0.323,0.329,0,0,0,-0.022,0.053,0,1,0,-0.022,0.088,0,1,13.646,0,13.646,0,86.385,7.95,0,86.385,0,1,0,0,0,0,0,0,0,0,1.387,1,3.356,3.509,7.598
BGR2021,BGR,BGR,Bulgaria,2021,0.2,5.895,1.29,1.782,7.676,0,1,5.998,2.719,1.721,7.72,0,1,4.822,2.988,0.295,6.141,0.2,1,18.292,2.02,-4.869,13.423,0,1,18.248,3.591,-4.825,13.423,0,1,21.611,10.607,-8.42,17.664,0.339,1,0.619,0.114,0.441,1.273,0.2,1,0.599,0.114,0.45,1.26,0.2,1,0.439,0.114,0.108,0.657,0.2,1,0.505,0.114,0.509,1.216,0.2,1,0,-0.004,0.133,0,1,0,0,0.125,0.295,1,11.787,0,11.787,0,78.125,7.95,80.877,190.803,0.2,1,0,0,0,0.075,0,0.066,0,0,1.198,0,4.776,3.867,15.162
BGR2022,BGR,BGR,Bulgaria,2022,0.2,6.644,1.032,8.48,15.124,0,1,6.685,2.76,8.193,14.878,0,1,5.895,2.887,0.411,7.457,0.2,1,34.547,3.624,-3.662,30.885,0,1,34.595,6.413,-3.71,30.885,0,1,38.506,18.388,-17.353,28.326,0.339,1,0.861,0.123,0.423,1.541,0.2,1,0.986,0.123,0.389,1.65,0.2,1,0.598,0.123,-0.028,0.684,0.2,1,0.612,0.123,0.801,1.696,0.2,1,0,-0.108,0.171,0,1,0,0,0.118,0.295,1,12.729,0,12.729,0,97.9,7.95,150.931,298.597,0.2,1,0,0,0,0.081,0,0.059,0,0,1.294,0,5.158,8.078,31.326
BGR2023,BGR,BGR,Bulgaria,2023,0.2,6.249,1.423,9.828,16.077,0,1,6.392,3.17,9.639,16.031,0,1,5.557,3.485,0.462,7.067,0.2,1,14.895,1.668,7.415,22.31,0,1,14.993,2.986,7.316,22.31,0,1,19.21,9.516,-1.472,23.754,0.339,1,0.76,0.129,0.445,1.446,0.2,1,0.811,0.129,0.422,1.48,0.2,1,0.535,0.129,-0.036,0.599,0.2,1,0.579,0.129,0.876,1.708,0.2,1,0,-0.005,0.15,0,1,0,0,0.126,0.295,1,13.254,0,13.254,0,83.248,7.95,131.156,257.285,0.2,1,0,0,0,0.084,0,0.052,0,0,1.348,0,5.37,5.402,11.622
BGR2024,BGR,BGR,Bulgaria,2024,0.2,6.181,1.566,6.441,12.622,0,1,6.545,3.565,6.366,12.911,0,1,5.594,3.703,0.504,7.123,0.2,1,12.466,1.574,3.964,16.43,0,1,12.466,2.731,3.964,16.43,0,1,16.238,8.259,-2.003,19.063,0.339,1,0.724,0.132,0.458,1.419,0.2,1,0.75,0.132,0.431,1.417,0.2,1,0.513,0.132,0.037,0.66,0.2,1,0.591,0.132,0.91,1.754,0.2,1,0,-0.013,0.126,0,1,0,0,0.13,0.295,1,13.646,0,13.646,0,82.588,7.95,141.49,261.762,0.2,1,0,0,0,0.087,0,0.045,0,0,1.387,0,5.529,4.174,10.168
BFA2021,BFA,BFA,Burkina Faso,2021,0.18,5.897,1.143,0,5.897,0,1,7.964,3.43,0,7.964,0,1,11.613,6.86,-2.985,10.182,0.18,0,5.919,0.8,0,5.919,0,1,7.062,1.651,0,7.062,0,1,13.922,7.415,0,16.428,0.18,1,0.619,0.114,0.321,1.109,0.18,1,0.599,0.114,0.308,1.071,0.18,1,0.439,0.114,-0.045,0.394,0,0,0.505,0.114,0.478,0.983,0,1,0,0,0.48,0,0.833,0,0,0.222,0.18,0.5,11.787,0,11.787,0,78.125,7.95,52.361,153.973,0.18,1,0,0,0,0,0,0,0,0,1.198,0,4.776,4.753,15.162
BFA2022,BFA,BFA,Burkina Faso,2022,0.18,11.72,1.235,0,11.72,0,1,9.783,3.704,0,9.783,0,1,17.893,7.408,-8.252,11.377,0.18,0,6.392,0.864,0,6.392,0,1,7.627,1.783,0,7.627,0,1,15.035,8.008,0.2,17.741,0.18,1,0.861,0.123,0.088,1.12,0.18,1,0.986,0.123,0.011,1.177,0.18,1,0.598,0.123,-0.267,0.331,0,0,0.612,0.123,0.635,1.248,0,1,0,0,0.437,0,0.833,0,0,0.198,0.18,0.5,12.729,0,12.729,0,97.9,7.95,60.506,186.919,0.18,1,0,0,0,0,0,0,0,0,1.294,0,5.158,10.485,31.326
BFA2023,BFA,BFA,Burkina Faso,2023,0.18,6.147,1.286,0,6.147,0,1,7.886,3.857,0,7.886,0,1,12.575,7.714,-2.918,11.396,0.18,0,6.656,0.9,0,6.656,0,1,7.942,1.857,0,7.942,0,1,15.656,8.338,0.312,18.474,0.18,1,0.76,0.129,0.424,1.397,0.18,1,0.811,0.129,0.264,1.269,0.18,1,0.535,0.129,-0.195,0.34,0,0,0.579,0.129,1.099,1.678,0,1,0,0,0.196,0,0.833,0,0,0.203,0.18,0.5,13.254,0,13.254,0,83.248,7.95,134.453,256.887,0.18,1,0,0,0,0,0,0,0,0,1.348,0,5.37,4.861,11.622
BFA2024,BFA,BFA,Burkina Faso,2024,0.18,5.575,1.324,0,5.575,0,1,7.124,3.971,0,7.124,0,1,12.193,7.942,-2.779,10.843,0.18,0,5.675,0.767,0,5.675,0,1,6.998,1.636,0,6.998,0,1,14.94,7.957,0.366,17.629,0.18,1,0.724,0.132,0.475,1.415,0.18,1,0.75,0.132,0.325,1.269,0.18,1,0.513,0.132,-0.188,0.325,0,0,0.591,0.132,1.115,1.707,0,1,0,0,0.304,0,0.833,0,0,0.186,0.18,0.5,13.646,0,13.646,0,82.588,7.95,131.815,252.995,0.18,1,0,0,0,0,0,0,0,0,1.387,0,5.529,4.251,10.168
BDI2021,BDI,BDI,Burundi,2021,0.18,5.897,1.143,0,5.897,0,1,7.964,3.43,0,7.964,0,1,11.613,6.86,0,13.704,0.18,1,16.167,2.185,0,16.167,0,1,17.31,4.048,0,17.31,0,1,24.17,12.873,0,28.521,0.18,1,0.619,0.114,0.523,1.348,0.18,1,0.599,0.114,0.53,1.333,0.18,1,0.439,0.114,0,0.518,0.18,1,0.505,0.114,0.499,1.185,0.18,1,0,0,0.202,0,1,0,0,0.147,0.18,1,11.787,0,11.787,0,78.125,7.95,0,92.188,0.18,1,0,0,0,0,0,0,0,0,1.198,0,4.776,4.753,15.162
BDI2022,BDI,BDI,Burundi,2022,0.18,11.72,1.235,0,11.72,0,1,9.783,3.704,0,9.783,0,1,17.893,7.408,0.238,21.114,0.18,1,32.463,4.387,0,32.463,0,1,33.697,7.879,0,33.697,0,1,41.105,21.893,0.548,48.504,0.18,1,0.861,0.123,0.389,1.456,0.18,1,0.986,0.123,0.444,1.666,0.18,1,0.598,0.123,0.008,0.705,0.18,1,0.612,0.123,0.525,1.324,0.18,1,0,0,0.196,0,1,0,0,0.142,0.18,1,12.729,0,12.729,0,97.9,7.95,1.304,115.522,0.18,1,0,0,0,0,0,0,0,0,1.294,0,5.158,10.485,31.326
BDI2023,BDI,BDI,Burundi,2023,0.18,6.147,1.286,0,6.147,0,1,7.886,3.857,0,7.886,0,1,12.575,7.714,0.251,14.839,0.18,1,12.881,1.741,0,12.881,0,1,14.167,3.313,0,14.167,0,1,21.881,11.654,0.436,25.819,0.18,1,0.76,0.129,0.55,1.516,0.18,1,0.811,0.129,0.563,1.591,0.18,1,0.535,0.129,0.011,0.631,0.18,1,0.579,0.129,0.579,1.34,0.18,1,0,0,0.159,0,1,0,0,0.116,0.18,1,13.254,0,13.254,0,83.248,7.95,1.659,98.233,0.18,1,0,0,0,0,0,0,0,0,1.348,0,5.37,4.861,11.622
BDI2024,BDI,BDI,Burundi,2024,0.18,5.575,1.324,0,5.575,0,1,7.124,3.971,0,7.124,0,1,12.193,7.942,0.299,14.388,0.18,1,11.471,1.55,0,11.471,0,1,12.794,2.992,0,12.794,0,1,20.736,11.044,0.508,24.468,0.18,1,0.724,0.132,0.631,1.56,0.18,1,0.75,0.132,0.622,1.58,0.18,1,0.513,0.132,0.013,0.605,0.18,1,0.591,0.132,0.604,1.376,0.18,1,0,0,0.164,0,1,0,0,0.119,0.18,1,13.646,0,13.646,0,82.588,7.95,2.025,97.454,0.18,1,0,0,0,0,0,0,0,0,1.387,0,5.529,4.251,10.168
CPV2021,CPV,CPV,Cabo Verde,2021,0.15,5.897,1.143,0,5.897,0,1,7.964,3.43,0,7.964,0,1,11.613,6.86,0,13.355,0.15,1,4.768,0.644,0,4.768,0,1,5.911,1.382,0,5.911,0,1,12.771,6.802,0,14.686,0.15,1,0.619,0.114,0.548,1.342,0.15,1,0.599,0.114,0.312,1.048,0.15,1,0.439,0.114,0.311,0.863,0.15,1,0.505,0.114,0.258,0.877,0.15,1,0,0,0.234,0,0.5,0,0,0.289,0.15,0.833,11.787,0,11.787,0,78.125,7.95,21.469,114.533,0.15,1,0,0,0,0,0,0,0,0,1.198,0,4.776,4.753,15.162
CPV2022,CPV,CPV,Cabo Verde,2022,0.15,11.72,1.235,0,11.72,0,1,9.783,3.704,0,9.783,0,1,17.893,7.408,0.199,20.577,0.15,1,5.853,0.791,0,5.853,0,1,7.088,1.657,0,7.088,0,1,14.496,7.72,0.161,16.67,0.15,1,0.861,0.123,0.462,1.522,0.15,1,0.986,0.123,0.263,1.437,0.15,1,0.598,0.123,0.187,0.902,0.15,1,0.612,0.123,0.611,1.407,0.15,1,0,0,0.194,0,0.5,0,0,0.303,0.08,0.833,12.729,0,12.729,0,97.9,7.95,26.176,142.687,0.15,1,0,0,0,0,0,0,0,0,1.294,0,5.158,10.485,31.326
CPV2023,CPV,CPV,Cabo Verde,2023,0.15,6.147,1.286,0,6.147,0,1,7.886,3.857,0,7.886,0,1,12.575,7.714,0.209,14.461,0.15,1,9.028,1.22,0,9.028,0,1,10.314,2.412,0,10.314,0,1,18.028,9.602,0.299,20.732,0.15,1,0.76,0.129,0.469,1.414,0.15,1,0.811,0.129,0.317,1.297,0.15,1,0.535,0.129,0.157,0.795,0.15,1,0.579,0.129,0.668,1.434,0.15,1,0,0,0.199,0,0.5,0,0,0.312,0.08,0.833,13.254,0,13.254,0,83.248,7.95,23.129,122.334,0.15,1,0,0,0,0,0,0,0,0,1.348,0,5.37,4.861,11.622
CPV2024,CPV,CPV,Cabo Verde,2024,0.15,5.575,1.324,0,5.575,0,1,7.124,3.971,0,7.124,0,1,12.193,7.942,0.249,14.022,0.15,1,8.521,1.152,0,8.521,0,1,9.844,2.302,0,9.844,0,1,17.786,9.473,0.363,20.454,0.15,1,0.724,0.132,0.459,1.361,0.15,1,0.75,0.132,0.289,1.195,0.15,1,0.513,0.132,0.188,0.806,0.15,1,0.591,0.132,0.566,1.331,0.15,1,0,0,0.199,0,0.5,0,0,0.352,0.08,0.833,13.646,0,13.646,0,82.588,7.95,19.848,117.802,0.15,1,0,0,0,0,0,0,0,0,1.387,0,5.529,4.251,10.168
KHM2021,KHM,KHM,Cambodia,2021,0.1,4.733,1.141,0,4.733,0,1,7.94,3.422,0,7.94,0,1,10.436,6.843,0,11.479,0.1,1,10.551,1.302,0,10.551,0,1,11.694,2.549,0,11.694,0,1,18.554,9.627,0,20.41,0.1,1,0.621,0.114,0.237,0.943,0.1,1,0.593,0.114,0.241,0.918,0.1,1,0.44,0.114,0.049,0.537,0.1,1,0.56,0.114,0,0.616,0.1,1,0,0,0.158,0,0.5,0,0,0.118,0.1,0.667,11.787,0,11.787,0,81.695,7.95,0,89.865,0.1,1,0,0,0,0,0,0,0,0.005,1.198,0,4.776,3.604,9.408
KHM2022,KHM,KHM,Cambodia,2022,0.1,8.752,1.231,0,8.752,0,1,9.748,3.694,0,9.748,0,1,14.91,7.389,0.11,16.401,0.1,1,17.332,2.139,0,17.332,0,1,18.566,4.048,0,18.566,0,1,25.974,13.478,0.192,28.572,0.1,1,0.847,0.123,0.184,1.133,0.1,1,0.947,0.123,0.169,1.227,0.1,1,0.589,0.123,-0.026,0.619,0.1,1,0.689,0.123,0.005,0.758,0.1,1,0,0,0.158,0,0.5,0,0,0.117,0.1,0.667,12.729,0,12.729,0,102.477,7.95,0.758,112.724,0.1,1,0,0,0,0,0,0,0,0.005,1.294,0,5.158,7.554,16.097
KHM2023,KHM,KHM,Cambodia,2023,0.1,5.761,1.284,0,5.761,0,1,7.876,3.853,0,7.876,0,1,12.182,7.705,0.135,13.401,0.1,1,13.814,1.705,0,13.814,0,1,15.1,3.292,0,15.1,0,1,22.814,11.838,0.253,25.095,0.1,1,0.749,0.129,0.203,1.046,0.1,1,0.783,0.129,0.168,1.046,0.1,1,0.527,0.129,-0.013,0.559,0.1,1,0.64,0.129,0.007,0.704,0.1,1,0,0,0.158,0,0.5,0,0,0.117,0.1,0.667,13.254,0,13.254,0,87.079,7.95,0.964,95.787,0.1,1,0,0,0,0,0,0,0,0.002,1.348,0,5.37,4.484,12.529
KHM2024,KHM,KHM,Cambodia,2024,0.1,4.826,1.322,0,4.826,0,1,7.115,3.966,0,7.115,0,1,11.437,7.933,0.156,12.581,0.1,1,12.219,1.508,0,12.219,0,1,13.543,2.952,0,13.543,0,1,21.484,11.148,0.293,23.633,0.1,1,0.72,0.132,0.202,1.014,0.1,1,0.734,0.132,0.159,0.982,0.1,1,0.51,0.132,-0.01,0.543,0.1,1,0.652,0.132,0.009,0.717,0.1,1,0,0,0.155,0,0.5,0,0,0.118,0.1,0.667,13.646,0,13.646,0,86.385,7.95,1.177,95.024,0.1,1,0,0,0,0,0,0,0,0.002,1.387,0,5.529,3.509,10.896
CMR2021,CMR,CMR,Cameroon,2021,0.192,5.897,1.143,0,5.897,0,1,7.964,3.43,0,7.964,0,1,11.613,6.86,0,13.849,0.192,1,10.838,1.189,0,10.838,0,1,11.41,2.219,0,11.41,0,1,14.84,7,0,17.696,0.192,1,0.619,0.114,0.334,1.136,0.192,1,0.599,0.114,0.27,1.037,0.192,1,0.439,0.114,-0.038,0.478,0.192,0,0.505,0.114,0.025,0.631,0.192,1,0,0,0.159,0,0.667,0,0,0.145,0.192,0.667,11.787,0,11.787,0,78.125,7.95,20.503,117.613,0.192,1,0,0,0,0,0,0,0,0,1.198,1,10.266,4.753,14.129
CMR2022,CMR,CMR,Cameroon,2022,0.192,11.72,1.235,0,11.72,0,1,9.783,3.704,0,9.783,0,1,17.893,7.408,0.255,21.338,0.192,1,11.704,1.284,0,11.704,0,1,12.322,2.396,0,12.322,0,1,16.026,7.56,0.228,19.111,0.192,1,0.861,0.123,-0.003,1.024,0.192,1,0.986,0.123,-0.199,0.939,0.192,1,0.598,0.123,-0.241,0.425,0.192,0,0.612,0.123,-0.141,0.562,0.192,1,0,0,0.141,0,0.667,0,0,0.129,0.192,0.667,12.729,0,12.729,0,97.9,7.95,-10.219,104.56,0.192,1,0,0,0,0,0,0,0,0,1.294,1,11.087,10.485,28.059
CMR2023,CMR,CMR,Cameroon,2023,0.192,6.147,1.286,0,6.147,0,1,7.886,3.857,0,7.886,0,1,12.575,7.714,0.268,14.996,0.192,1,9.904,1.087,0,9.904,0,1,10.547,2.051,0,10.547,0,1,14.404,6.795,0.307,17.177,0.192,1,0.76,0.129,0.238,1.191,0.192,1,0.811,0.129,0.169,1.169,0.192,1,0.535,0.129,-0.168,0.437,0.192,0,0.579,0.129,-0.095,0.577,0.192,1,0,0,0.145,0,0.667,0,0,0.133,0.192,0.667,13.254,0,13.254,0,83.248,7.95,37.143,143.566,0.192,1,0,0,0,0,0,0,0,0,1.348,1,9.261,4.861,9.261
CMR2024,CMR,CMR,Cameroon,2024,0.192,5.575,1.324,0,5.575,0,1,7.124,3.971,0,7.124,0,1,12.193,7.942,0.32,14.54,0.192,1,8.26,0.906,0,8.26,0,1,8.922,1.735,0,8.922,0,1,12.892,6.082,0.338,15.374,0.192,1,0.724,0.132,0.423,1.369,0.192,1,0.75,0.132,0.381,1.349,0.192,1,0.513,0.132,-0.143,0.442,0.192,0,0.591,0.132,-0.107,0.577,0.192,1,0,0,0.154,0,0.667,0,0,0.108,0.192,0.667,13.646,0,13.646,0,82.588,7.95,40.596,146.897,0.192,1,0,0,0,0,0,0,0,0,1.387,1,7.598,4.251,7.598
CAN2021,CAN,CAN,Canada,2021,0.05,3.254,0.813,0,3.254,0,1,5.042,2.438,0,5.042,0,1,7.316,4.875,0.313,8.011,0.05,1,7.144,0.789,-2.105,5.04,0,1,7.101,1.397,-2.061,5.04,0,1,9.089,4.461,-0.439,9.083,0.05,1,0.649,0.114,0.497,1.203,0.05,1,0.577,0.114,0.411,1.037,0.05,1,0.458,0.114,0.253,0.746,0.05,1,0.491,0.114,0.396,0.931,0.05,1,0,0.011,0.098,0,1,0,0.007,0.116,0.05,0.833,11.787,0,11.787,0,78.125,7.95,56.537,152.168,0.13,1,0,0,0,0.013,0,1.014,0.36,0.579,1.198,0,2.471,4.147,2.471
CAN2022,CAN,CAN,Canada,2022,0.05,7.405,0.959,3.809,11.214,0,1,6.822,2.878,3.878,10.7,0,1,12.202,5.756,0.559,13.349,0.05,1,8.439,0.885,1.367,9.806,0,1,8.488,1.573,1.319,9.806,0,1,11.023,5.264,0.257,11.845,0.05,1,0.896,0.123,0.491,1.456,0.05,1,0.89,0.123,0.558,1.52,0.05,1,0.62,0.123,0.284,0.95,0.05,1,0.608,0.123,0.743,1.418,0.05,1,0,0.011,0.099,0,1,0,0.007,0.122,0.05,0.833,12.729,0,12.729,0,97.9,7.95,124.321,251.109,0.13,1,0,0,0,0.014,0,1.176,0.398,0.446,1.294,0,3.674,10.596,3.674
CAN2023,CAN,CAN,Canada,2023,0.05,4.691,1.038,4.767,9.458,0,1,6.109,3.114,4.853,10.963,0,1,9.881,6.228,0.769,11.12,0.05,1,6.639,0.744,2.788,9.427,0,1,6.739,1.342,2.688,9.427,0,1,9.58,4.746,0.954,11.06,0.05,1,0.791,0.129,0.457,1.31,0.05,1,0.618,0.129,0.616,1.296,0.05,1,0.554,0.129,0.339,0.939,0.05,1,0.557,0.129,0.598,1.213,0.05,1,0,0.011,0.109,0,1,0,0.007,0.125,0.05,0.833,13.254,0,13.254,0,83.248,7.95,114.102,223.006,0.13,1,0,0,0,0.015,0,1.26,0.415,0.385,1.348,0,1.823,5.099,1.823
CAN2024,CAN,CAN,Canada,2024,0.05,4.055,1.069,6.023,10.078,0,1,5.678,3.206,6.133,11.811,0,1,9.398,6.411,0.8,10.635,0.05,1,5.223,0.659,3.527,8.749,0,1,5.223,1.144,3.526,8.749,0,1,8.335,4.24,1.131,9.94,0.05,1,0.756,0.132,0.485,1.304,0.05,1,0.655,0.132,0.514,1.228,0.05,1,0.534,0.132,0.356,0.934,0.05,1,0.568,0.132,0.651,1.28,0.05,1,0,0.012,0.106,0,1,0,0.008,0.122,0.05,0.833,13.646,0,13.646,0,82.588,7.95,99.848,206.153,0.13,1,0,0,0,0.015,0,1.406,0.442,0.385,1.387,0,0.827,3.99,0.827
CYM2021,CYM,CYM,Cayman Islands,2021,0,5.897,1.143,0,5.897,0,1,7.964,3.43,0,7.964,0,1,11.613,6.86,0,11.613,0,1,16.158,2.173,0,16.158,0,1,17.301,4.052,0,17.301,0,1,24.161,12.982,0,24.161,0,1,0.649,0.114,0.628,1.277,0,1,0.577,0.114,0.574,1.151,0,1,0.458,0.114,0,0.458,0,1,0.491,0.114,0,0.491,0,1,0,0,0.286,0,1,0,0,0.318,0,0.833,11.787,0,11.787,0,78.125,7.95,0,78.125,0,1,0,0,0,0,0,0,0,0,1.198,0,4.776,4.753,15.983
CYM2022,CYM,CYM,Cayman Islands,2022,0,11.72,1.235,0,11.72,0,1,9.783,3.704,0,9.783,0,1,17.893,7.408,0,17.893,0,1,28.798,3.873,0,28.798,0,1,30.032,7.033,0,30.032,0,1,37.44,20.118,0,37.44,0,1,0.896,0.123,0.754,1.65,0,1,0.89,0.123,0.676,1.566,0,1,0.62,0.123,0,0.62,0,1,0.608,0.123,0,0.608,0,1,0,0,0.383,0,1,0,0,0.411,0,0.833,12.729,0,12.729,0,97.9,7.95,0,97.9,0,1,0,0,0,0,0,0,0,0,1.294,0,5.158,10.485,29.494
CYM2023,CYM,CYM,Cayman Islands,2023,0,6.147,1.286,0,6.147,0,1,7.886,3.857,0,7.886,0,1,12.575,7.714,0,12.575,0,1,11.879,1.598,0,11.879,0,1,13.165,3.083,0,13.165,0,1,20.879,11.219,0,20.879,0,1,0.791,0.129,0.774,1.565,0,1,0.618,0.129,0.888,1.506,0,1,0.554,0.129,0,0.554,0,1,0.557,0.129,0,0.557,0,1,0,0,0.372,0,1,0,0,0.411,0,0.833,13.254,0,13.254,0,83.248,7.95,0,83.248,0,1,0,0,0,0,0,0,0,0,1.348,0,5.37,4.861,11.192
CYM2024,CYM,CYM,Cayman Islands,2024,0,5.575,1.324,0,5.575,0,1,7.124,3.971,0,7.124,0,1,12.193,7.942,0,12.193,0,1,10.932,1.47,0,10.932,0,1,12.256,2.87,0,12.256,0,1,20.197,10.852,0,20.197,0,1,0.756,0.132,0.752,1.508,0,1,0.655,0.132,0.751,1.406,0,1,0.534,0.132,0,0.534,0,1,0.568,0.132,0,0.568,0,1,0,0,0.378,0,1,0,0,0.425,0,0.833,13.646,0,13.646,0,82.588,7.95,0,82.588,0,1,0,0,0,0,0,0,0,0,1.387,0,5.529,4.251,10.123
CAF2021,CAF,CAF,Central African Republic,2021,0.19,5.897,1.143,0,5.897,0,1,7.964,3.43,0,7.964,0,1,11.613,6.86,0,13.82,0.19,1,5.919,0.8,0,5.919,0,1,7.062,1.651,0,7.062,0,1,13.922,7.415,0,16.568,0.19,1,0.619,0.114,0.692,1.56,0.19,1,0.599,0.114,0.696,1.542,0.19,1,0.439,0.114,-0.052,0.46,0.19,0,0.505,0.114,0.473,1.163,0.19,1,0,0,0.082,0,1,0,0,0.152,0.19,1,11.787,0,11.787,0,78.125,7.95,0,92.969,0.19,1,0,0,0,0,0,0,0,0,1.198,0,4.776,4.753,15.162
CAF2022,CAF,CAF,Central African Republic,2022,0.19,11.72,1.235,0,11.72,0,1,9.783,3.704,0,9.783,0,1,17.893,7.408,0.252,21.293,0.19,1,6.392,0.864,0,6.392,0,1,7.627,1.783,0,7.627,0,1,15.035,8.008,0.211,17.892,0.19,1,0.861,0.123,0.304,1.387,0.19,1,0.986,0.123,0.166,1.371,0.19,1,0.598,0.123,-0.253,0.41,0.19,0,0.612,0.123,0.257,1.034,0.19,1,0,0,0.073,0,1,0,0,0.135,0.19,1,12.729,0,12.729,0,97.9,7.95,1.377,116.501,0.19,1,0,0,0,0,0,0,0,0,1.294,0,5.158,10.485,31.326
CAF2023,CAF,CAF,Central African Republic,2023,0.19,6.147,1.286,0,6.147,0,1,7.886,3.857,0,7.886,0,1,12.575,7.714,0.265,14.964,0.19,1,6.656,0.9,0,6.656,0,1,7.942,1.857,0,7.942,0,1,15.656,8.338,0.329,18.63,0.19,1,0.76,0.129,0.902,1.978,0.19,1,0.811,0.129,1.128,2.308,0.19,1,0.535,0.129,-0.184,0.418,0.19,0,0.579,0.129,0.806,1.649,0.19,1,0,0,0.075,0,1,0,0,0.139,0.19,1,13.254,0,13.254,0,83.248,7.95,1.751,99.065,0.19,1,0,0,0,0,0,0,0,0,1.348,0,5.37,4.861,11.622
CAF2024,CAF,CAF,Central African Republic,2024,0.19,5.575,1.324,0,5.575,0,1,7.124,3.971,0,7.124,0,1,12.193,7.942,0.316,14.509,0.19,1,6.853,0.926,0,6.853,0,1,8.176,1.912,0,8.176,0,1,16.118,8.584,0.417,19.18,0.19,1,0.724,0.132,0.8,1.814,0.19,1,0.75,0.132,1.121,2.226,0.19,1,0.513,0.132,-0.142,0.43,0.19,0,0.591,0.132,0.587,1.402,0.19,1,0,0,0.077,0,1,0,0,0.143,0.19,1,13.646,0,13.646,0,82.588,7.95,2.137,98.28,0.19,1,0,0,0,0,0,0,0,0,1.387,0,5.529,4.251,10.168
TCD2021,TCD,TCD,Chad,2021,0.18,5.897,1.143,0,5.897,0,1,7.964,3.43,0,7.964,0,1,11.613,6.86,0,13.704,0.18,1,16.305,2.204,0,16.305,0,1,17.449,4.08,0,17.449,0,1,24.309,12.947,0,28.684,0.18,1,0.714,0.131,0.193,0.907,0,1,0.711,0.137,0.284,0.995,0,1,0.439,0.114,-0.163,0.326,0,0,0.729,0.161,0.169,0.898,0,1,0,-0.179,0.178,0,1,0,-0.337,0.2,0,0.833,11.787,0,11.787,0,78.125,7.95,13.799,91.924,0,1,0,0,0,0,0,0,0,0,1.198,0,4.776,4.753,15.162
TCD2022,TCD,TCD,Chad,2022,0.18,11.72,1.235,0,11.72,0,1,9.783,3.704,0,9.783,0,1,17.893,7.408,0.238,21.114,0.18,1,32.56,4.401,0,32.56,0,1,33.795,7.902,0,33.795,0,1,41.203,21.945,0.549,48.62,0.18,1,0.616,0.088,0.184,0.799,0,1,0.612,0.08,0.273,0.885,0,1,0.598,0.123,-0.348,0.294,0,0,0.753,0.147,0.182,0.935,0,1,0,-0.194,0.192,0,1,0,-0.333,0.183,0,0.833,12.729,0,12.729,0,97.9,7.95,3.174,101.074,0,1,0,0,0,0,0,0,0,0,1.294,0,5.158,10.485,31.326
TCD2023,TCD,TCD,Chad,2023,0.18,6.147,1.286,0,6.147,0,1,7.886,3.857,0,7.886,0,1,12.575,7.714,0.251,14.839,0.18,1,12.908,1.745,0,12.908,0,1,14.194,3.319,0,14.194,0,1,21.908,11.668,0.437,25.851,0.18,1,0.65,0.11,0.204,0.854,0,1,0.784,0.134,0.37,1.154,0,1,0.535,0.129,-0.282,0.298,0,0,0.767,0.167,0.19,0.956,0,1,0,-0.202,0.2,0,1,0,-0.354,0.187,0,0.833,13.254,0,13.254,0,83.248,7.95,19.507,102.755,0,1,0,0,0,0,0,0,0,0,1.348,0,5.37,4.861,11.622
TCD2024,TCD,TCD,Chad,2024,0.18,5.575,1.324,0,5.575,0,1,7.124,3.971,0,7.124,0,1,12.193,7.942,0.299,14.388,0.18,1,11.492,1.553,0,11.492,0,1,12.815,2.997,0,12.815,0,1,20.757,11.055,0.509,24.493,0.18,1,0.66,0.12,0.495,1.154,0,1,0.796,0.146,0.524,1.319,0,1,0.513,0.132,-0.26,0.298,0,0,0.792,0.174,0.165,0.957,0,1,0,-0.208,0.206,0,1,0,-0.274,0.14,0,0.833,13.646,0,13.646,0,82.588,7.95,20.205,102.793,0,1,0,0,0,0,0,0,0,0,1.387,0,5.529,4.251,10.168
CHI2021,CHI,CHI,Channel Islands,2021,0,5.553,1.143,0,5.553,0,1,7.964,3.43,0,7.964,0,1,11.27,6.86,0,11.27,0,1,16.305,2.204,0,16.305,0,1,17.449,4.08,0,17.449,0,1,24.309,12.947,0,24.309,0,1,0.619,0.114,0,0.619,0,1,0.599,0.114,0,0.599,0,1,0.439,0.114,0,0.439,0,1,0.505,0.114,0,0.505,0,1,0,0,0,0,1,0,0,0,0,1,11.787,0,11.787,0,78.125,7.95,0,78.125,0,1,0,0,0,0,0,0,0,0,1.198,0,4.776,4.41,15.162
CHI2022,CHI,CHI,Channel Islands,2022,0,7.077,1.235,0,7.077,0,1,9.783,3.704,0,9.783,0,1,13.25,7.408,0,13.25,0,1,32.56,4.401,0,32.56,0,1,33.795,7.902,0,33.795,0,1,41.203,21.945,0,41.203,0,1,0.861,0.123,0,0.861,0,1,0.986,0.123,0,0.986,0,1,0.598,0.123,0,0.598,0,1,0.612,0.123,0,0.612,0,1,0,0,0,0,1,0,0,0,0,1,12.729,0,12.729,0,97.9,7.95,0,97.9,0,1,0,0,0,0,0,0,0,0,1.294,0,5.158,5.842,31.326
CHI2023,CHI,CHI,Channel Islands,2023,0,4.752,1.286,0,4.752,0,1,7.886,3.857,0,7.886,0,1,11.18,7.714,0,11.18,0,1,12.908,1.745,0,12.908,0,1,14.194,3.319,0,14.194,0,1,21.908,11.668,0,21.908,0,1,0.76,0.129,0,0.76,0,1,0.811,0.129,0,0.811,0,1,0.535,0.129,0,0.535,0,1,0.579,0.129,0,0.579,0,1,0,0,0,0,1,0,0,0,0,1,13.254,0,13.254,0,83.248,7.95,0,83.248,0,1,0,0,0,0,0,0,0,0,1.348,0,5.37,3.466,11.622
CHI2024,CHI,CHI,Channel Islands,2024,0,4.351,1.324,0,4.351,0,1,7.124,3.971,0,7.124,0,1,10.969,7.942,0,10.969,0,1,11.492,1.553,0,11.492,0,1,12.815,2.997,0,12.815,0,1,20.757,11.055,0,20.757,0,1,0.724,0.132,0,0.724,0,1,0.75,0.132,0,0.75,0,1,0.513,0.132,0,0.513,0,1,0.591,0.132,0,0.591,0,1,0,0,0,0,1,0,0,0,0,1,13.646,0,13.646,0,82.588,7.95,0,82.588,0,1,0,0,0,0,0,0,0,0,1.387,0,5.529,3.027,10.168
CHL2021,CHL,CHL,Chile,2021,0.19,3.214,0.703,0.702,3.916,0,1,5.268,2.387,0.703,5.97,0,1,11.613,6.86,0.758,14.722,0.19,1,14.318,1.581,1.044,15.362,0,1,14.318,2.817,1.044,15.362,0,1,28.248,13.865,-1.768,31.512,0.19,1,0.649,0.114,0.303,1.133,0.19,1,0.577,0.114,0.126,0.836,0.19,1,0.458,0.114,0.413,1.037,0.19,1,0.491,0.114,0.281,0.919,0.19,1,0,0.004,0.175,0,0.833,0,0,0.192,0,1,11.787,0,11.787,0,78.125,7.95,-10.517,80.454,0.19,1,0,0,0,0,0,0,0,0,1.198,0,7.25,4.753,16.491
CHL2022,CHL,CHL,Chile,2022,0.19,8.28,1.286,0.999,9.279,0,1,12.687,5.239,0.752,13.439,0,1,17.652,7.339,1.363,22.314,0.19,1,17.326,1.818,1.719,19.045,0,1,17.326,3.212,1.719,19.045,0,1,28.914,13.808,-0.913,33.322,0.19,1,0.896,0.123,0.191,1.294,0.19,1,0.89,0.123,-0.004,1.054,0.19,1,0.62,0.123,0.291,1.085,0.19,1,0.608,0.123,0.464,1.275,0.19,1,0,0,0.116,0,0.833,0,0,0.127,0,1,12.729,0,12.729,0,97.9,7.95,0.573,117.183,0.19,1,0,0,0,0,0,0,0,0,1.294,0,7.83,10.485,30.272
CHL2023,CHL,CHL,Chile,2023,0.19,6.065,1.381,0.716,6.781,0,1,9.289,4.607,0.681,9.97,0,1,12.486,7.667,1.059,15.787,0.19,1,13.843,1.551,0.815,14.657,0,1,13.843,2.757,0.815,14.657,0,1,33.217,16.455,-1.684,37.524,0.19,1,0.791,0.129,0.447,1.473,0.19,1,0.618,0.129,0.424,1.24,0.19,1,0.554,0.129,0.327,1.049,0.19,1,0.557,0.129,0.507,1.266,0.19,1,0,0.002,0.151,0,0.833,0,0,0.166,0,1,13.254,0,13.254,0,83.248,7.95,25.05,128.874,0.19,1,0,0,0,0,0,0,0,0,1.348,0,8.153,4.861,11.733
CHL2024,CHL,CHL,Chile,2024,0.19,3.853,0.976,0.693,4.546,0,1,8.794,4.79,0.642,9.436,0,1,12.11,7.894,1.091,15.314,0.19,1,13.977,1.765,0.761,14.738,0,1,13.977,3.062,0.761,14.738,0,1,32.734,16.649,-2.223,36.308,0.19,1,0.756,0.132,0.383,1.355,0.19,1,0.655,0.132,0.232,1.055,0.19,1,0.534,0.132,0.319,1.015,0.19,1,0.568,0.132,0.411,1.165,0.19,1,0,0.003,0.164,0,0.833,0,0,0.182,0,1,13.646,0,13.646,0,82.588,7.95,13.913,114.836,0.19,1,0,0,0,0,0,0,0,0,1.387,0,8.393,4.251,10.46
CHN2021,CHN,CHN,China,2021,0.13,3.796,0.83,0.016,3.812,0,1,8.916,4.041,0.025,8.941,0,1,1.672,1.036,0.033,1.927,0.13,1,14.313,1.581,-2.102,12.211,0,1,14.294,2.813,-2.083,12.211,0,1,17.372,8.526,-7.341,10.934,0,0,0.669,0.122,0.271,1.062,0.13,1,0.673,0.13,0.215,1.003,0.13,1,0.554,0.143,0.016,0.621,0.09,1,0.56,0.114,0.215,0.876,0.13,1,0,-0.003,0.095,0,0.833,0,-0.003,0.081,0.13,0,11.787,0,11.787,0,81.695,7.95,34.413,131.203,0.13,1,0,0,0,0.783,0,1.445,1.047,0,1.137,0,4.117,4.634,12.488
CHN2022,CHN,CHN,China,2022,0.13,4.02,0.624,0.883,4.903,0,1,10.033,4.143,0.902,10.936,0,1,1.826,0.894,0.055,2.105,0.13,1,16.416,1.722,-2.84,13.576,0,1,16.439,3.048,-2.863,13.576,0,1,19.77,9.441,-10.126,10.513,0,0,0.812,0.116,0.276,1.229,0.13,1,0.815,0.106,0.228,1.178,0.13,1,0.582,0.12,0.023,0.66,0.09,1,0.689,0.123,0.224,1.022,0.13,1,0,-0.007,0.092,0,0.833,0,-0.007,0.077,0.13,0,12.729,0,12.729,0,102.477,7.95,40.185,159.672,0.13,1,0,0,0,0.846,0,1.659,1.163,0,1.227,0,4.446,6.365,20.007
CHN2023,CHN,CHN,China,2023,0.13,4.106,0.935,0.811,4.918,0,1,8.242,4.088,0.835,9.077,0,1,1.923,1.206,0.064,2.214,0.13,1,13.96,1.564,-0.308,13.653,0,1,14.026,2.793,-0.373,13.653,0,1,17.608,8.723,-8.265,10.184,0,0,0.727,0.123,0.258,1.113,0.13,1,0.729,0.125,0.209,1.059,0.13,1,0.558,0.134,0.02,0.63,0.09,1,0.64,0.129,0.215,0.952,0.13,1,0,-0.003,0.089,0,0.833,0,-0.003,0.073,0.13,0,13.254,0,13.254,0,87.079,7.95,37.871,139.19,0.13,1,0,0,0,0.881,0,1.803,1.254,0,1.278,0,4.629,4.66,11.873
CHN2024,CHN,CHN,China,2024,0.13,4.109,1.041,1.28,5.389,0,1,7.656,4.171,1.304,8.96,0,1,1.961,1.298,0.07,2.255,0.13,1,13.283,1.677,0.662,13.944,0,1,13.283,2.91,0.662,13.944,0,1,16.157,8.218,-6.759,10.244,0,0,0.705,0.128,0.252,1.081,0.13,1,0.711,0.13,0.203,1.032,0.13,1,0.557,0.143,0.019,0.627,0.09,1,0.652,0.132,0.216,0.964,0.13,1,0,-0.003,0.088,0,0.833,0,-0.003,0.072,0.13,0,13.646,0,13.646,0,86.385,7.95,40.172,140.522,0.13,1,0,0,0,0.907,0,1.978,1.316,0,1.316,0,4.766,4.15,10.873
COL2021,COL,COL,Colombia,2021,0.19,2.052,0.449,0,2.052,0,1,2.084,0.944,0,2.084,0,1,4.589,3.43,0,5.461,0.19,1,12.169,1.344,0.06,12.229,0,1,12.169,2.395,0.06,12.229,0,1,14.143,6.941,-2.963,13.304,0,1,0.649,0.114,-0.131,0.616,0.19,1,0.577,0.114,-0.063,0.611,0.19,1,0.458,0.114,-0.071,0.46,0.19,1,0.491,0.114,0.158,0.773,0.19,1,0,0,0.121,0,1,0,-0.025,0.165,0.19,1,11.787,0,11.787,0,78.125,7.95,-22.809,65.826,0,1,0,0,0,0.083,0.101,0.179,0,0,1.159,0,6.734,3.984,14.129
COL2022,COL,COL,Colombia,2022,0.19,2.191,0.34,0,2.191,0,1,2.314,0.956,0,2.314,0,1,4.957,3.704,0.07,5.898,0.19,1,12.712,1.334,0.2,12.912,0,1,12.712,2.357,0.2,12.912,0,1,15.166,7.242,-3.391,14.013,0,1,0.896,0.123,-0.381,0.613,0.19,1,0.89,0.123,-0.383,0.603,0.19,1,0.62,0.123,-0.249,0.442,0.19,1,0.608,0.123,0.167,0.921,0.19,1,0,0,0.131,0,1,0,-0.027,0.175,0.19,1,12.729,0,12.729,0,97.9,7.95,-12.82,101.245,0,1,0,0,0,0.089,0.109,0.191,0,0,1.252,0,7.272,9.856,28.059
COL2023,COL,COL,Colombia,2023,0.19,2.268,0.517,0,2.268,0,1,2.442,1.211,0,2.442,0,1,5.161,3.857,0.109,6.142,0.19,1,13.518,1.514,0.197,13.715,0,1,13.518,2.692,0.197,13.715,0,1,16.16,8.005,-3.704,14.822,0,1,0.791,0.129,-0.024,0.912,0.19,1,0.618,0.129,-0.131,0.579,0.19,1,0.554,0.129,-0.088,0.555,0.19,1,0.557,0.129,0.414,1.156,0.19,1,0,0,0.151,0,1,0,-0.028,0.192,0.19,1,13.254,0,13.254,0,83.248,7.95,-4.573,93.623,0,1,0,0,0,0.093,0.114,0.201,0,0,1.304,0,7.572,3.963,9.261
COL2024,COL,COL,Colombia,2024,0.19,2.325,0.589,0,2.325,0,1,2.537,1.382,0,2.537,0,1,5.313,3.971,0.138,6.323,0.19,1,13.978,1.765,0.267,14.245,0,1,13.978,3.062,0.267,14.245,0,1,16.698,8.493,-3.733,15.428,0,1,0.756,0.132,0.217,1.158,0.19,1,0.655,0.132,-0.112,0.647,0.19,1,0.534,0.132,-0.03,0.599,0.19,1,0.568,0.132,0.48,1.247,0.19,1,0,0,0.18,0,1,0,-0.029,0.222,0.19,1,13.646,0,13.646,0,82.588,7.95,2.313,101.032,0,1,0,0,0,0.096,0.117,0.194,0,0,1.342,0,7.598,3.101,7.598
COM2021,COM,COM,Comoros,2021,0.1,5.897,1.143,0,5.897,0,1,7.964,3.43,0,7.964,0,1,11.613,6.86,0,12.775,0.1,1,10.633,1.437,0,10.633,0,1,11.776,2.754,0,11.776,0,1,18.636,9.925,0,20.499,0.1,1,0.619,0.114,0.712,1.464,0.1,1,0.599,0.114,0.378,1.075,0.1,1,0.439,0.114,0,0.483,0.1,1,0.505,0.114,0.053,0.613,0.1,1,0,0,0,0,1,0,0,0,0.1,1,11.787,0,11.787,0,78.125,7.95,0,85.938,0.1,1,0,0,0,0,0,0,0,0,1.198,0,4.776,4.753,15.162
COM2022,COM,COM,Comoros,2022,0.1,11.72,1.235,0,11.72,0,1,9.783,3.704,0,9.783,0,1,17.893,7.408,0.132,19.683,0.1,1,19.012,2.569,0,19.012,0,1,20.246,4.734,0,20.246,0,1,27.655,14.729,0.205,30.42,0.1,1,0.861,0.123,0.691,1.695,0.1,1,0.986,0.123,0.17,1.262,0.1,1,0.598,0.123,0.004,0.658,0.1,1,0.612,0.123,0.005,0.675,0.1,1,0,0,0,0,1,0,0,0,0.1,1,12.729,0,12.729,0,97.9,7.95,0.725,107.69,0.1,1,0,0,0,0,0,0,0,0,1.294,0,5.158,10.485,31.326
COM2023,COM,COM,Comoros,2023,0.1,6.147,1.286,0,6.147,0,1,7.886,3.857,0,7.886,0,1,12.575,7.714,0.139,13.833,0.1,1,9.223,1.247,0,9.223,0,1,10.509,2.457,0,10.509,0,1,18.223,9.705,0.202,20.045,0.1,1,0.76,0.129,0.788,1.685,0.1,1,0.811,0.129,0.338,1.25,0.1,1,0.535,0.129,0.006,0.588,0.1,1,0.579,0.129,0.056,0.692,0.1,1,0,0,0,0,1,0,0,0,0.1,1,13.254,0,13.254,0,83.248,7.95,0.922,91.573,0.1,1,0,0,0,0,0,0,0,0,1.348,0,5.37,4.861,11.622
COM2024,COM,COM,Comoros,2024,0.1,5.575,1.324,0,5.575,0,1,7.124,3.971,0,7.124,0,1,12.193,7.942,0.166,13.412,0.1,1,8.591,1.161,0,8.591,0,1,9.914,2.318,0,9.914,0,1,17.856,9.51,0.243,19.641,0.1,1,0.724,0.132,0.842,1.7,0.1,1,0.75,0.132,0.413,1.262,0.1,1,0.513,0.132,0.007,0.564,0.1,1,0.591,0.132,0.064,0.711,0.1,1,0,0,0,0,1,0,0,0,0.1,1,13.646,0,13.646,0,82.588,7.95,1.125,90.847,0.1,1,0,0,0,0,0,0,0,0,1.387,0,5.529,4.251,10.168
COD2021,COD,COD,"Congo, Democratic Republic of the",2021,0.16,5.897,1.143,0,5.897,0,1,7.964,3.43,0,7.964,0,1,11.613,6.86,0,13.471,0.16,1,5.347,0.393,0,5.347,0,1,5.919,0.8,0,5.919,0,1,9.349,3.473,0,10.845,0.16,1,0.619,0.114,0.268,1.003,0.13,1,0.599,0.114,0.284,0.998,0.13,1,0.439,0.114,0.297,0.832,0.13,1,0.505,0.114,0.196,0.792,0.13,1,0,0,0.072,0,0.833,0,0,0.083,0.16,0.833,11.787,0,11.787,0,78.125,7.95,13.957,104.053,0.13,1,0,0,0,0,0,0,0,0,1.198,1,4.776,4.753,15.162
COD2022,COD,COD,"Congo, Democratic Republic of the",2022,0.16,11.72,1.235,0,11.72,0,1,9.783,3.704,0,9.783,0,1,17.893,7.408,0.212,20.756,0.16,1,5.775,0.425,0,5.775,0,1,6.392,0.864,0,6.392,0,1,10.096,3.751,0.12,11.712,0.16,1,0.861,0.123,0.398,1.423,0.13,1,0.986,0.123,0.269,1.418,0.13,1,0.598,0.123,0.314,1.031,0.13,1,0.612,0.123,0.647,1.423,0.13,1,0,0,0.059,0,0.833,0,0,0.069,0.16,0.833,12.729,0,12.729,0,97.9,7.95,4.633,115.862,0.13,1,0,0,0,0,0,0,0,0,1.294,1,5.158,10.485,31.326
COD2023,COD,COD,"Congo, Democratic Republic of the",2023,0.16,6.147,1.286,0,6.147,0,1,7.886,3.857,0,7.886,0,1,12.575,7.714,0.223,14.587,0.16,1,6.013,0.442,0,6.013,0,1,6.656,0.9,0,6.656,0,1,10.513,3.906,0.186,12.195,0.16,1,0.76,0.129,0.459,1.378,0.13,1,0.811,0.129,0.404,1.374,0.13,1,0.535,0.129,0.397,1.053,0.13,1,0.579,0.129,0.501,1.22,0.13,1,0,0,0.05,0,0.833,0,0,0.06,0.16,0.833,13.254,0,13.254,0,83.248,7.95,40.685,140.044,0.13,1,0,0,0,0,0,0,0,0,1.348,1,5.37,4.861,11.622
COD2024,COD,COD,"Congo, Democratic Republic of the",2024,0.16,5.575,1.324,0,5.575,0,1,7.124,3.971,0,7.124,0,1,12.193,7.942,0.266,14.144,0.16,1,6.191,0.455,0,6.191,0,1,6.853,0.926,0,6.853,0,1,10.823,4.021,0.236,12.555,0.16,1,0.724,0.132,0.414,1.286,0.13,1,0.75,0.132,0.384,1.282,0.13,1,0.513,0.132,0.464,1.084,0.13,1,0.591,0.132,0.285,0.99,0.13,1,0,0,0.049,0,0.833,0,0,0.063,0.16,0.833,13.646,0,13.646,0,82.588,7.95,28.151,125.135,0.13,1,0,0,0,0,0,0,0,0,1.387,1,5.529,4.251,10.168
COG2021,COG,COG,"Congo, Republic of",2021,0.18,5.897,1.143,0,5.897,0,1,7.964,3.43,0,7.964,0,1,11.613,6.86,0,13.704,0.18,1,6.369,0.468,0,6.369,0,1,6.941,0.938,0,6.941,0,1,10.371,3.853,0,12.238,0.18,1,0.619,0.114,0.29,1.073,0.18,1,0.599,0.114,0.127,0.857,0.18,1,0.439,0.114,-0.324,0.135,0,0,0.505,0.114,-0.016,0.577,0.18,0,0,0,0.048,0,1,0,0,0.136,0.18,1,11.787,0,11.787,0,78.125,7.95,6.922,100.355,0.18,1,0,0,0,0,0,0,0.047,0,1.198,1,5.798,4.753,15.162
COG2022,COG,COG,"Congo, Republic of",2022,0.18,11.72,1.235,0,11.72,0,1,9.783,3.704,0,9.783,0,1,17.893,7.408,0.238,21.114,0.18,1,6.878,0.506,0,6.878,0,1,7.496,1.013,0,7.496,0,1,11.2,4.161,0.149,13.216,0.18,1,0.861,0.123,-0.053,0.954,0.18,1,0.986,0.123,-0.341,0.762,0.18,1,0.598,0.123,-0.484,0.134,0,0,0.612,0.123,-0.178,0.513,0.18,0,0,0,0.042,0,1,0,0,0.121,0.18,1,12.729,0,12.729,0,97.9,7.95,-22.292,89.217,0.18,1,0,0,0,0,0,0,0.021,0,1.294,1,6.261,10.485,31.326
COG2023,COG,COG,"Congo, Republic of",2023,0.18,6.147,1.286,0,6.147,0,1,7.886,3.857,0,7.886,0,1,12.575,7.714,0.251,14.839,0.18,1,7.162,0.527,0,7.162,0,1,7.805,1.055,0,7.805,0,1,11.662,4.332,0.232,13.761,0.18,1,0.76,0.129,0.218,1.154,0.18,1,0.811,0.129,-0.084,0.859,0.18,1,0.535,0.129,-0.395,0.14,0,0,0.579,0.129,-0.132,0.528,0.18,0,0,0,0.044,0,1,0,0,0.124,0.18,1,13.254,0,13.254,0,83.248,7.95,-5.498,91.745,0.18,1,0,0,0,0,0,0,0.054,0,1.348,1,6.519,4.861,11.622
COG2024,COG,COG,"Congo, Republic of",2024,0.18,5.575,1.324,0,5.575,0,1,7.124,3.971,0,7.124,0,1,12.193,7.942,0.299,14.388,0.18,1,7.374,0.542,0,7.374,0,1,8.036,1.086,0,8.036,0,1,12.006,4.46,0.294,14.167,0.18,1,0.724,0.132,0.359,1.278,0.18,1,0.75,0.132,0.123,1.031,0.18,1,0.513,0.132,-0.369,0.144,0,0,0.591,0.132,-0.144,0.528,0.18,0,0,0,0.045,0,1,0,0,0.128,0.18,1,13.646,0,13.646,0,82.588,7.95,-4.809,91.779,0.18,1,0,0,0,0,0,0,0.051,0,1.387,1,6.712,4.251,10.168
CRI2021,CRI,CRI,Costa Rica,2021,0.13,5.897,1.143,0,5.897,0,1,7.964,3.43,0,7.964,0,1,11.613,6.86,0,13.123,0.13,1,3.738,0.503,0,3.738,0,1,4.881,1.143,0,4.881,0,1,11.741,6.309,0,13.267,0.13,1,0.649,0.114,0.321,1.096,0.13,1,0.577,0.114,0.236,0.919,0.13,1,0.458,0.114,-0.199,0.293,0,0,0.491,0.114,0.127,0.698,0.13,1,0,0.002,0.171,0,1,0,0.016,0.152,0,0.833,11.787,0,11.787,0,78.125,7.95,-11.373,75.43,0.13,1,0,0,0,0,0,0,0.053,0,1.198,0,4.776,4.753,15.983
CRI2022,CRI,CRI,Costa Rica,2022,0.13,11.72,1.235,0,11.72,0,1,9.783,3.704,0,9.783,0,1,17.893,7.408,0.172,20.219,0.13,1,4.036,0.543,0,4.036,0,1,5.271,1.234,0,5.271,0,1,12.679,6.813,0.122,14.327,0.13,1,0.896,0.123,0.294,1.345,0.13,1,0.89,0.123,0.244,1.281,0.13,1,0.62,0.123,-0.256,0.412,0,0,0.608,0.123,0.382,1.119,0.13,1,0,0.005,0.161,0,1,0,0.016,0.131,0,0.833,12.729,0,12.729,0,97.9,7.95,4.575,115.797,0.13,1,0,0,0,0,0,0,0.058,0,1.294,0,5.158,10.485,29.494
CRI2023,CRI,CRI,Costa Rica,2023,0.13,6.147,1.286,0,6.147,0,1,7.886,3.857,0,7.886,0,1,12.575,7.714,0.181,14.21,0.13,1,3.731,0.502,0,3.731,0,1,5.016,1.175,0,5.016,0,1,12.73,6.84,0.183,14.385,0.13,1,0.791,0.129,0.391,1.336,0.13,1,0.618,0.129,0.457,1.214,0.13,1,0.554,0.129,-0.195,0.406,0,0,0.557,0.129,0.392,1.073,0.13,1,0,0.01,0.201,0,1,0,0.016,0.167,0,0.833,13.254,0,13.254,0,83.248,7.95,-9.033,83.863,0.13,1,0,0,0,0,0,0,0.062,0,1.348,0,5.37,4.861,11.192
CRI2024,CRI,CRI,Costa Rica,2024,0.13,5.575,1.324,0,5.575,0,1,7.124,3.971,0,7.124,0,1,12.193,7.942,0.216,13.778,0.13,1,3.841,0.517,0,3.841,0,1,5.164,1.209,0,5.164,0,1,13.106,7.042,0.232,14.81,0.13,1,0.756,0.132,0.412,1.32,0.13,1,0.655,0.132,0.518,1.325,0.13,1,0.534,0.132,-0.233,0.34,0,0,0.568,0.132,0.294,0.974,0.13,1,0,0.014,0.232,0,1,0,0.016,0.191,0,0.833,13.646,0,13.646,0,82.588,7.95,-7.326,85.046,0.13,1,0,0,0,0,0,0,0.065,0,1.387,0,5.529,4.251,10.123
HRV2021,HRV,HRV,Croatia,2021,0.25,7.431,1.626,0.731,8.163,0,1,10.953,4.964,0.759,11.711,0,1,9.023,5.591,0.335,11.563,0.236,1,13.603,1.503,-2.069,11.533,0,1,13.559,2.668,-2.026,11.533,0,1,16.803,8.247,-6.658,12.681,0,0,0.619,0.114,0.708,1.659,0.25,1,0.599,0.114,0.69,1.611,0.25,1,0.439,0.114,0.22,0.824,0.25,1,0.505,0.114,0.124,0.785,0.25,1,0,0.012,0.102,0,1,0,0.016,0.154,0.13,0.5,11.787,0,11.787,0,78.125,7.95,24.804,128.661,0.25,1,0,0,0,0,0.007,0.109,0.201,0,1.198,0,3.929,5.61,8.303
HRV2022,HRV,HRV,Croatia,2022,0.25,15.227,2.365,8.161,23.388,0,1,12.771,5.274,8.466,21.237,0,1,17.275,8.461,0.336,21.387,0.236,1,35.731,3.748,-10.721,25.009,0,1,35.778,6.633,-10.769,25.009,0,1,39.571,18.897,-27.556,12.615,0,0,0.861,0.123,0.495,1.696,0.25,1,0.986,0.123,0.504,1.862,0.25,1,0.598,0.123,0.198,0.995,0.25,1,0.612,0.123,0.387,1.249,0.25,1,0,0.012,0.157,0,1,0,0.015,0.149,0.13,0.5,12.729,0,12.729,0,97.9,7.95,92.868,238.46,0.25,1,0,0,0,0,0.008,0.113,0.211,0,1.294,0,4.243,13.314,30.339
HRV2023,HRV,HRV,Croatia,2023,0.25,8.023,1.827,9.458,17.481,0,1,10.874,5.393,10.146,21.021,0,1,10.326,6.476,0.613,13.174,0.236,1,17.935,2.009,6.898,24.832,0,1,18.033,3.592,6.799,24.832,0,1,22.131,10.963,-9.256,13.52,0,0,0.76,0.129,0.302,1.328,0.25,1,0.811,0.129,0.363,1.468,0.25,1,0.535,0.129,0.231,0.957,0.25,1,0.579,0.129,0.283,1.078,0.25,1,0,0.014,0.234,0,1,0,0.015,0.16,0.13,0.5,13.254,0,13.254,0,83.248,7.95,91.529,218.471,0.25,1,0,0,0,0,0.008,0.112,0.198,0,1.348,0,4.418,6.059,12.492
HRV2024,HRV,HRV,Croatia,2024,0.25,6.577,1.666,6.198,12.775,0,1,10.112,5.508,6.765,16.877,0,1,9.07,6.004,0.647,11.633,0.236,1,15.604,1.97,3.893,19.497,0,1,15.604,3.418,3.893,19.497,0,1,18.243,9.279,-5.315,13.575,0,0,0.724,0.132,0.613,1.672,0.25,1,0.75,0.132,0.606,1.696,0.25,1,0.513,0.132,0.164,0.846,0.25,1,0.591,0.132,0.323,1.105,0.25,1,0,0.014,0.218,0,1,0,0.015,0.16,0.13,0.5,13.646,0,13.646,0,82.588,7.95,72.228,193.52,0.25,1,0,0,0,0,0.008,0.107,0.18,0,1.387,0,4.548,4.575,5.564
CUB2021,CUB,CUB,Cuba,2021,0.1,5.897,1.143,0,5.897,0,1,7.964,3.43,0,7.964,0,1,11.613,6.86,0,12.775,0.1,1,17.127,2.304,0,17.127,0,1,18.27,4.278,0,18.27,0,1,25.13,13.503,0,27.643,0.1,1,0.649,0.114,0.818,1.613,0.1,1,0.577,0.114,0.727,1.434,0.1,1,0.458,0.114,0,0.504,0.1,1,0.491,0.114,0,0.54,0.1,1,0,0,0.183,0,0.833,0,0,0.209,0,0.833,11.787,0,11.787,0,78.125,7.95,0,85.938,0.1,1,0,0,0,0,0,0,0,0,1.198,0,4.776,4.753,15.983
CUB2022,CUB,CUB,Cuba,2022,0.1,11.72,1.235,0,11.72,0,1,9.783,3.704,0,9.783,0,1,17.893,7.408,0.132,19.683,0.1,1,30.728,4.133,0,30.728,0,1,31.963,7.485,0,31.963,0,1,39.371,21.155,0.291,43.308,0.1,1,0.896,0.123,0.878,1.937,0.1,1,0.89,0.123,0.773,1.816,0.1,1,0.62,0.123,0.005,0.682,0.1,1,0.608,0.123,0.004,0.668,0.1,1,0,0,0.198,0,0.833,0,0,0.226,0,0.833,12.729,0,12.729,0,97.9,7.95,0.725,107.69,0.1,1,0,0,0,0,0,0,0,0,1.294,0,5.158,10.485,29.494
CUB2023,CUB,CUB,Cuba,2023,0.1,6.147,1.286,0,6.147,0,1,7.886,3.857,0,7.886,0,1,12.575,7.714,0.139,13.833,0.1,1,12.478,1.678,0,12.478,0,1,13.763,3.223,0,13.763,0,1,21.477,11.54,0.238,23.625,0.1,1,0.791,0.129,0.933,1.875,0.1,1,0.618,0.129,0.837,1.583,0.1,1,0.554,0.129,0.006,0.61,0.1,1,0.557,0.129,0.006,0.613,0.1,1,0,0,0.206,0,0.833,0,0,0.235,0,0.833,13.254,0,13.254,0,83.248,7.95,0.922,91.573,0.1,1,0,0,0,0,0,0,0,0,1.348,0,5.37,4.861,11.192
CUB2024,CUB,CUB,Cuba,2024,0.1,5.575,1.324,0,5.575,0,1,7.124,3.971,0,7.124,0,1,12.193,7.942,0.166,13.412,0.1,1,11.447,1.54,0,11.447,0,1,12.771,2.991,0,12.771,0,1,20.712,11.129,0.282,22.784,0.1,1,0.756,0.132,0.969,1.872,0.1,1,0.655,0.132,0.864,1.648,0.1,1,0.534,0.132,0.007,0.587,0.1,1,0.568,0.132,0.008,0.625,0.1,1,0,0,0.212,0,0.833,0,0,0.242,0,0.833,13.646,0,13.646,0,82.588,7.95,1.125,90.847,0.1,1,0,0,0,0,0,0,0,0,1.387,0,5.529,4.251,10.123
CUW2021,CUW,CUW,Curaçao,2021,0.06,5.897,1.143,0,5.897,0,1,7.964,3.43,0,7.964,0,1,11.613,6.86,0,12.31,0.06,1,5.919,0.796,0,5.919,0,1,7.062,1.654,0,7.062,0,1,13.922,7.481,0,14.758,0.06,1,0.649,0.114,0.364,1.074,0.06,1,0.577,0.114,0.309,0.939,0.06,1,0.458,0.114,0,0.486,0.06,1,0.491,0.114,0.344,0.885,0.06,1,0,0,0,0,1,0,0,0,0.06,1,11.787,0,11.787,0,78.125,7.95,0,82.813,0.06,1,0,0,0,0,0,0,0,0,1.198,0,4.776,4.753,15.983
CUW2022,CUW,CUW,Curaçao,2022,0.06,11.72,1.235,0,11.72,0,1,9.783,3.704,0,9.783,0,1,17.893,7.408,0.079,18.967,0.06,1,6.392,0.86,0,6.392,0,1,7.627,1.786,0,7.627,0,1,15.035,8.079,0.067,15.937,0.06,1,0.896,0.123,0.387,1.354,0.06,1,0.89,0.123,0.324,1.282,0.06,1,0.62,0.123,0.003,0.658,0.06,1,0.608,0.123,0.372,1.033,0.06,1,0,0,0,0,1,0,0,0,0.06,1,12.729,0,12.729,0,97.9,7.95,0.435,103.774,0.06,1,0,0,0,0,0,0,0,0,1.294,0,5.158,10.485,29.494
CUW2023,CUW,CUW,Curaçao,2023,0.06,6.147,1.286,0,6.147,0,1,7.886,3.857,0,7.886,0,1,12.575,7.714,0.084,13.33,0.06,1,6.656,0.895,0,6.656,0,1,7.942,1.86,0,7.942,0,1,15.656,8.412,0.104,16.595,0.06,1,0.791,0.129,0.406,1.268,0.06,1,0.618,0.129,0.35,1.026,0.06,1,0.554,0.129,0.004,0.588,0.06,1,0.557,0.129,0.387,1.001,0.06,1,0,0,0,0,1,0,0,0,0.06,1,13.254,0,13.254,0,83.248,7.95,0.553,88.243,0.06,1,0,0,0,0,0,0,0,0,1.348,0,5.37,4.861,11.192
CUW2024,CUW,CUW,Curaçao,2024,0.06,5.575,1.324,0,5.575,0,1,7.124,3.971,0,7.124,0,1,12.193,7.942,0.1,12.924,0.06,1,6.853,0.922,0,6.853,0,1,8.176,1.915,0,8.176,0,1,16.118,8.66,0.132,17.085,0.06,1,0.756,0.132,0.372,1.196,0.06,1,0.655,0.132,0.286,0.997,0.06,1,0.534,0.132,0.004,0.566,0.06,1,0.568,0.132,0.268,0.885,0.06,1,0,0,0,0,1,0,0,0,0.06,1,13.646,0,13.646,0,82.588,7.95,0.675,87.543,0.06,1,0,0,0,0,0,0,0,0,1.387,0,5.529,4.251,10.123
CYP2021,CYP,CYP,Cyprus,2021,0.19,5.702,1.13,2.34,8.041,0,1,7.843,3.389,2.324,10.167,0,1,11.349,6.777,0,13.506,0.19,1,16.305,1.143,1.343,17.648,0,1,17.449,2.287,1.343,18.792,0,1,24.309,9.147,0,28.927,0.19,1,0.619,0.114,0.619,1.474,0.19,1,0.599,0.114,0.675,1.517,0.19,1,0.439,0.114,0.005,0.528,0.19,1,0.505,0.114,0.311,0.971,0.19,1,0,0.058,0.2,0,1,0,0.052,0.253,0.19,1,11.787,0,11.787,0,78.125,7.95,59.674,163.981,0.19,1,0,0,0,0,0,0,0,0.024,1.198,0,3.979,4.655,15.162
CYP2022,CYP,CYP,Cyprus,2022,0.19,9.759,1.235,8.414,18.173,0,1,9.783,3.704,8.358,18.141,0,1,15.932,7.408,0.224,18.959,0.19,1,32.56,1.235,4.829,37.389,0,1,33.795,2.469,4.831,38.626,0,1,41.203,9.878,0.579,49.032,0.19,1,0.861,0.123,0.499,1.618,0.19,1,0.986,0.123,0.556,1.835,0.19,1,0.598,0.123,0.016,0.72,0.19,1,0.612,0.123,0.525,1.353,0.19,1,0,0.076,0.285,0,1,0,0.046,0.309,0.19,1,12.729,0,12.729,0,97.9,7.95,116.835,255.534,0.19,1,0,0,0,0,0,0,0,0,1.294,0,4.297,8.524,31.326
CYP2023,CYP,CYP,Cyprus,2023,0.19,4.261,0.947,9.751,14.011,0,1,5.459,2.841,9.686,15.145,0,1,8.997,5.683,0.189,10.706,0.19,1,12.908,1.286,5.596,18.504,0,1,14.194,2.571,5.598,19.792,0,1,21.908,10.285,0.461,26.07,0.19,1,0.76,0.129,0.555,1.566,0.19,1,0.811,0.129,0.594,1.673,0.19,1,0.535,0.129,0.018,0.644,0.19,1,0.579,0.129,0.497,1.281,0.19,1,0,0.086,0.291,0,1,0,0.089,0.389,0.19,1,13.254,0,13.254,0,83.248,7.95,115.756,236.815,0.19,1,0,0,0,0,0,0,0,0.527,1.348,0,4.474,5.5,11.622
CYP2024,CYP,CYP,Cyprus,2024,0.19,3.922,0.975,6.39,10.312,0,1,5.149,2.925,6.347,11.496,0,1,8.797,5.851,0.228,10.469,0.19,1,11.492,1.324,3.667,15.159,0,1,12.815,2.647,3.668,16.484,0,1,20.757,10.589,0.537,24.701,0.19,1,0.724,0.132,0.585,1.558,0.19,1,0.75,0.132,0.62,1.63,0.19,1,0.513,0.132,0.019,0.618,0.19,1,0.591,0.132,0.468,1.261,0.19,1,0,0.069,0.262,0,1,0,0.069,0.351,0.19,1,13.646,0,13.646,0,82.588,7.95,97.929,214.815,0.19,1,0,0,0,0,0,0,0,0.527,1.387,0,4.607,4.681,10.168
CZE2021,CZE,CZE,Czechia,2021,0.21,1.563,0.342,1.887,3.449,0,1,1.508,0.684,1.941,3.449,0,1,5.018,3.11,0.396,6.55,0.21,1,14.741,1.628,-4.153,10.587,0,1,14.697,2.892,-4.11,10.587,0,1,21.341,10.474,-6.187,18.335,0.21,1,0.619,0.114,0.634,1.516,0.21,1,0.599,0.114,0.595,1.445,0.21,1,0.439,0.114,0.103,0.656,0.21,1,0.505,0.114,0.227,0.885,0.21,1,0,0.01,0.096,0,1,0,0.021,0.218,0.21,1,11.787,0,11.787,0,78.125,7.95,39.796,142.685,0.21,1,0,0,0,0,0,0,0,0,1.198,0,4.776,5.416,10.236
CZE2022,CZE,CZE,Czechia,2022,0.21,3.418,0.531,8.521,11.939,0,1,3.304,1.364,8.634,11.939,0,1,7.282,3.566,0.392,9.285,0.21,1,31.968,3.354,-5.173,26.795,0,1,32.016,5.935,-5.221,26.795,0,1,39.208,18.723,-17.909,25.771,0.21,1,0.861,0.123,0.615,1.786,0.21,1,0.986,0.123,0.549,1.857,0.21,1,0.598,0.123,0.068,0.806,0.21,1,0.612,0.123,0.549,1.406,0.21,1,0,0.006,0.187,0,1,0,-0.035,0.219,0.21,1,12.729,0,12.729,0,97.9,7.95,114.227,256.674,0.21,1,0,0,0,0,0,0,0,0,1.294,0,5.158,11.285,27.372
CZE2023,CZE,CZE,Czechia,2023,0.21,4.158,0.947,9.875,14.033,0,1,4.033,2,10,14.033,0,1,9.649,6.051,0.388,12.144,0.21,1,19.47,2.181,8.135,27.605,0,1,19.569,3.897,8.036,27.605,0,1,27.067,13.408,1.029,33.996,0.21,1,0.76,0.129,0.646,1.702,0.21,1,0.811,0.129,0.529,1.622,0.21,1,0.535,0.129,0.053,0.711,0.21,1,0.579,0.129,0.348,1.122,0.21,1,0,0.001,0.199,0,1,0,0.002,0.343,0.21,1,13.254,0,13.254,0,83.248,7.95,103.863,226.404,0.21,1,0,0,0,0,0,0,0,0,1.348,0,5.37,9.798,14.823
CZE2024,CZE,CZE,Czechia,2024,0.21,3.674,0.931,6.472,10.146,0,1,3.58,1.95,6.566,10.146,0,1,9.408,6.228,0.388,11.853,0.21,1,18.851,2.38,4.068,22.918,0,1,18.851,4.129,4.068,22.918,0,1,26.226,13.339,0.033,31.773,0.21,1,0.724,0.132,0.607,1.611,0.21,1,0.75,0.132,0.548,1.571,0.21,1,0.513,0.132,0.097,0.739,0.21,1,0.591,0.132,0.255,1.024,0.21,1,0,0.015,0.188,0,1,0,0.024,0.362,0.21,1,13.646,0,13.646,0,82.588,7.95,79.055,195.588,0.21,1,0,0,0,0,0,0,0,0,1.387,0,5.529,4.91,12.35
CIV2021,CIV,CIV,Côte d'Ivoire,2021,0.18,5.897,1.143,0,5.897,0,1,7.964,3.43,0,7.964,0,1,11.613,6.86,0,13.704,0.18,1,5.739,0.634,0,5.739,0,1,7.783,1.052,0,7.783,0,1,11.213,4.166,0,13.231,0.18,1,0.619,0.114,0.391,1.101,0.09,1,0.685,0.132,0.325,1.101,0.09,1,0.439,0.114,0.084,0.522,0,1,0.505,0.114,0.413,1.001,0.09,1,0,0.024,0.12,0,1,0,-0.044,0.128,0.18,0.833,11.787,0,11.787,0,78.125,7.95,26.342,123.272,0.18,1,0,0,0,0,0,0,0,0,1.198,0,6.64,4.753,15.162
CIV2022,CIV,CIV,Côte d'Ivoire,2022,0.18,11.72,1.235,0,11.72,0,1,9.783,3.704,0,9.783,0,1,17.893,7.408,0.238,21.114,0.18,1,5.665,0.594,0,5.665,0,1,8.405,1.136,0,8.405,0,1,12.109,4.499,0.161,14.289,0.18,1,0.861,0.123,0.186,1.141,0.09,1,0.797,0.104,0.122,1.002,0.09,1,0.598,0.123,0.008,0.605,0,1,0.612,0.123,0.307,1.002,0.09,1,0,0.004,0.108,0,1,0,-0.058,0.111,0.18,0.833,12.729,0,12.729,0,97.9,7.95,30.201,151.159,0.18,1,0,0,0,0,0,0,0,0,1.294,0,7.171,10.485,31.326
CIV2023,CIV,CIV,Côte d'Ivoire,2023,0.18,6.147,1.286,0,6.147,0,1,7.886,3.857,0,7.886,0,1,12.575,7.714,0.251,14.839,0.18,1,5.985,0.67,0,5.985,0,1,8.752,1.183,0,8.752,0,1,12.609,4.684,0.251,14.879,0.18,1,0.76,0.129,0.49,1.363,0.09,1,0.683,0.117,0.331,1.105,0.09,1,0.535,0.129,-0.037,0.498,0,1,0.579,0.129,0.479,1.154,0.09,1,0,0.014,0.117,0,1,0,-0.057,0.117,0.18,0.833,13.254,0,13.254,0,83.248,7.95,29.379,132.9,0.18,1,0,0,0,0,0,0,0,0,1.348,0,7.467,4.861,11.622
CIV2024,CIV,CIV,Côte d'Ivoire,2024,0.18,5.575,1.324,0,5.575,0,1,7.124,3.971,0,7.124,0,1,12.193,7.942,0.299,14.388,0.18,1,6.224,0.786,0,6.224,0,1,9.011,1.218,0,9.011,0,1,12.981,4.823,0.318,15.318,0.18,1,0.724,0.132,0.6,1.443,0.09,1,0.595,0.109,0.486,1.179,0.09,1,0.513,0.132,-0.013,0.5,0,1,0.591,0.132,0.536,1.229,0.09,1,0,0.028,0.14,0,1,0,-0.048,0.131,0.18,0.833,13.646,0,13.646,0,82.588,7.95,29.654,132.445,0.18,1,0,0,0,0,0,0,0,0,1.387,0,7.687,4.251,10.168
DNK2021,DNK,DNK,Denmark,2021,0.25,3.451,0.815,2.966,6.417,0,1,5.068,2.446,7.856,12.923,0,1,7.528,4.893,2.36,12.36,0.25,1,19.611,2.166,0.156,19.768,0,1,19.568,3.851,0.2,19.768,0,1,24.725,12.135,3.419,35.18,0.25,1,0.619,0.114,0.962,1.977,0.25,1,0.599,0.114,0.745,1.681,0.25,1,0.439,0.114,0.258,0.872,0.25,1,0.505,0.114,0.856,1.701,0.25,1,0,0.005,0.113,0,1,0,0.151,0.375,0.25,1,11.787,0,11.787,0,78.125,7.95,148.839,283.705,0.25,1,0,0,0,0,0,0.138,0.065,0.573,1.198,0,2.498,4.567,14.129
DNK2022,DNK,DNK,Denmark,2022,0.25,12.904,1.235,9.989,22.893,0,1,9.783,3.704,13.237,23.02,0,1,19.078,7.408,3.144,27.273,0.25,1,33.633,3.528,6.874,40.507,0,1,33.68,6.244,6.826,40.507,0,1,39.386,18.808,2.651,52.546,0.25,1,0.861,0.123,0.898,2.199,0.25,1,0.986,0.123,0.668,2.068,0.25,1,0.598,0.123,0.282,1.08,0.25,1,0.612,0.123,1.129,2.177,0.25,1,0,0.001,0.194,0,1,0,0.123,0.549,0.25,1,12.729,0,12.729,0,97.9,7.95,207.777,382.096,0.25,1,0,0,0,0,0,0.149,0.069,0,1.294,0,2.698,11.669,28.059
DNK2023,DNK,DNK,Denmark,2023,0.25,6.901,1.286,11.192,18.092,0,1,7.886,3.857,14.221,22.107,0,1,13.329,7.714,3.278,20.2,0.25,1,14.886,1.667,9.521,24.406,0,1,14.984,2.984,9.422,24.406,0,1,20.996,10.401,13.552,43.184,0.25,1,0.76,0.129,0.948,2.135,0.25,1,0.811,0.129,0.693,1.88,0.25,1,0.535,0.129,0.287,1,0.25,1,0.579,0.129,1.022,2.002,0.25,1,0,0.001,0.13,0,1,0,0.058,0.398,0.25,1,13.254,0,13.254,0,83.248,7.95,206.151,361.749,0.25,1,0,0,0,0,0,0.149,0.066,0,1.348,0,2.809,5.615,9.261
DNK2024,DNK,DNK,Denmark,2024,0.25,5.717,1.324,8.045,13.763,0,1,7.124,3.971,12.724,19.848,0,1,12.335,7.942,3.61,19.275,0.25,1,14.533,1.835,6.495,21.029,0,1,14.533,3.184,6.495,21.029,0,1,19.97,10.157,10.534,38.13,0.25,1,0.724,0.132,1.005,2.162,0.25,1,0.75,0.132,0.725,1.844,0.25,1,0.513,0.132,0.296,0.978,0.25,1,0.591,0.132,0.943,1.917,0.25,1,0,0.002,0.122,0,1,0,0.117,0.404,0.25,1,13.646,0,13.646,0,82.588,7.95,192.975,344.454,0.25,1,0,0,0,0,0,0.363,0.069,0,1.387,0,2.892,4.394,7.598
DJI2021,DJI,DJI,Djibouti,2021,0.1,5.897,1.143,0,5.897,0,1,7.964,3.43,0,7.964,0,1,11.613,6.86,0,12.775,0.1,1,5.115,0.834,0,5.115,0,1,6.258,1.715,0,6.258,0,1,13.118,7.629,0,14.43,0.1,1,0.621,0.114,1.066,1.856,0.1,1,0.593,0.114,0.386,1.077,0.1,1,0.44,0.114,0,0.484,0.1,1,0.56,0.114,0,0.616,0.1,1,0,0,0,0,1,0,0,0,0.1,1,11.787,0,11.787,0,81.695,7.95,0,89.865,0.1,1,0,0,0,0,0,0,0,0,1.198,0,4.776,4.753,14.162
DJI2022,DJI,DJI,Djibouti,2022,0.1,11.72,1.235,0,11.72,0,1,9.783,3.704,0,9.783,0,1,17.893,7.408,0.132,19.683,0.1,1,5.91,0.964,0,5.91,0,1,7.145,1.958,0,7.145,0,1,14.553,8.463,0.108,16.008,0.1,1,0.847,0.123,1.15,2.181,0.1,1,0.947,0.123,0.399,1.47,0.1,1,0.589,0.123,0.004,0.647,0.1,1,0.689,0.123,0.005,0.758,0.1,1,0,0,0,0,1,0,0,0,0.1,1,12.729,0,12.729,0,102.477,7.95,0.758,112.724,0.1,1,0,0,0,0,0,0,0,0,1.294,0,5.158,10.485,30.326
DJI2023,DJI,DJI,Djibouti,2023,0.1,6.147,1.286,0,6.147,0,1,7.886,3.857,0,7.886,0,1,12.575,7.714,0.139,13.833,0.1,1,5.615,0.916,0,5.615,0,1,6.901,1.891,0,6.901,0,1,14.615,8.499,0.162,16.076,0.1,1,0.749,0.129,1.216,2.138,0.1,1,0.783,0.129,0.437,1.327,0.1,1,0.527,0.129,0.006,0.58,0.1,1,0.64,0.129,0.007,0.704,0.1,1,0,0,0,0,1,0,0,0,0.1,1,13.254,0,13.254,0,87.079,7.95,0.964,95.787,0.1,1,0,0,0,0,0,0,0,0,1.348,0,5.37,4.861,10.622
DJI2024,DJI,DJI,Djibouti,2024,0.1,5.575,1.324,0,5.575,0,1,7.124,3.971,0,7.124,0,1,12.193,7.942,0.166,13.412,0.1,1,5.735,0.936,0,5.735,0,1,7.059,1.935,0,7.059,0,1,15,8.724,0.204,16.5,0.1,1,0.72,0.132,1.261,2.15,0.1,1,0.734,0.132,0.459,1.294,0.1,1,0.51,0.132,0.007,0.561,0.1,1,0.652,0.132,0.009,0.717,0.1,1,0,0,0,0,1,0,0,0,0.1,1,13.646,0,13.646,0,86.385,7.95,1.177,95.024,0.1,1,0,0,0,0,0,0,0,0,1.387,0,5.529,4.251,9.168
DMA2021,DMA,DMA,Dominica,2021,0.15,5.897,1.143,0,5.897,0,1,7.964,3.43,0,7.964,0,1,11.613,6.86,0,13.355,0.15,1,5.919,0.796,0,5.919,0,1,7.062,1.654,0,7.062,0,1,13.922,7.481,0,16.011,0.15,1,0.649,0.114,0.342,1.14,0.15,1,0.577,0.114,0.267,0.97,0.15,1,0.458,0.114,0.177,0.73,0.15,1,0.491,0.114,0,0.565,0.15,1,0,0,0.23,0,1,0,0,0.22,0,1,11.787,0,11.787,0,78.125,7.95,0,89.844,0.15,1,0,0,0,0,0,0,0,0,1.198,0,4.776,4.753,15.983
DMA2022,DMA,DMA,Dominica,2022,0.15,11.72,1.235,0,11.72,0,1,9.783,3.704,0,9.783,0,1,17.893,7.408,0.199,20.577,0.15,1,6.392,0.86,0,6.392,0,1,7.627,1.786,0,7.627,0,1,15.035,8.079,0.167,17.29,0.15,1,0.896,0.123,0.382,1.47,0.15,1,0.89,0.123,0.353,1.43,0.15,1,0.62,0.123,0.014,0.73,0.15,1,0.608,0.123,0.007,0.699,0.15,1,0,0,0.249,0,1,0,0,0.237,0,1,12.729,0,12.729,0,97.9,7.95,1.087,112.585,0.15,1,0,0,0,0,0,0,0,0,1.294,0,5.158,10.485,29.494
DMA2023,DMA,DMA,Dominica,2023,0.15,6.147,1.286,0,6.147,0,1,7.886,3.857,0,7.886,0,1,12.575,7.714,0.209,14.461,0.15,1,6.656,0.895,0,6.656,0,1,7.942,1.86,0,7.942,0,1,15.656,8.412,0.26,18.004,0.15,1,0.791,0.129,0.47,1.45,0.15,1,0.618,0.129,0.512,1.3,0.15,1,0.554,0.129,0.08,0.73,0.15,1,0.557,0.129,0.009,0.641,0.15,1,0,0,0.259,0,1,0,0,0.247,0,1,13.254,0,13.254,0,83.248,7.95,1.383,95.735,0.15,1,0,0,0,0,0,0,0,0,1.348,0,5.37,4.861,11.192
DMA2024,DMA,DMA,Dominica,2024,0.15,5.575,1.324,0,5.575,0,1,7.124,3.971,0,7.124,0,1,12.193,7.942,0.249,14.022,0.15,1,6.853,0.922,0,6.853,0,1,8.176,1.915,0,8.176,0,1,16.118,8.66,0.329,18.535,0.15,1,0.756,0.132,0.461,1.4,0.15,1,0.655,0.132,0.449,1.27,0.15,1,0.534,0.132,0.101,0.73,0.15,1,0.568,0.132,0.012,0.653,0.15,1,0,0,0.267,0,1,0,0,0.254,0,1,13.646,0,13.646,0,82.588,7.95,1.687,94.976,0.15,1,0,0,0,0,0,0,0,0,1.387,0,5.529,4.251,10.123
DOM2021,DOM,DOM,Dominican Republic,2021,0.18,5.897,1.143,0,5.897,0,1,7.964,3.43,0,7.964,0,1,11.613,6.86,0,13.704,0.18,1,17.127,2.303,10.604,27.73,0,1,18.27,4.278,9.46,27.73,0,1,25.13,13.502,-1.63,27.73,0.18,1,0.649,0.114,0.296,1.096,0.16,1,0.577,0.114,0.236,0.943,0.16,1,0.458,0.114,0.059,0.599,0.16,1,0.491,0.114,0.233,0.84,0.16,1,0,0,0.129,0,0.5,0,0,0.078,0,0.5,11.787,0,11.787,0,78.125,7.95,0.187,90.842,0.16,1,0,0,0,0,0,0,0,0,1.198,0,4.776,4.753,15.983
DOM2022,DOM,DOM,Dominican Republic,2022,0.18,11.72,1.235,0,11.72,0,1,9.783,3.704,0,9.783,0,1,17.893,7.408,0.238,21.114,0.18,1,30.728,4.132,11.451,42.18,0,1,31.963,7.484,10.217,42.18,0,1,39.371,21.154,-3.15,42.18,0.18,1,0.896,0.123,0.233,1.31,0.16,1,0.89,0.123,0.1,1.149,0.16,1,0.62,0.123,-0.012,0.705,0.16,1,0.608,0.123,0.673,1.486,0.16,1,0,0,0.134,0,0.5,0,0,0.081,0,0.5,12.729,0,12.729,0,97.9,7.95,14.809,130.742,0.16,1,0,0,0,0,0,0,0,0,1.294,0,5.158,10.485,29.494
DOM2023,DOM,DOM,Dominican Republic,2023,0.18,6.147,1.286,0,6.147,0,1,7.886,3.857,0,7.886,0,1,12.575,7.714,0.251,14.839,0.18,1,12.478,1.678,11.924,24.402,0,1,13.763,3.223,10.638,24.402,0,1,21.477,11.54,-0.386,24.402,0.18,1,0.791,0.129,0.323,1.292,0.16,1,0.618,0.129,0.302,1.067,0.16,1,0.554,0.129,0.008,0.652,0.16,1,0.557,0.129,0.609,1.352,0.16,1,0,0,0.132,0,0.5,0,0,0.079,0,0.5,13.254,0,13.254,0,83.248,7.95,20.052,119.828,0.16,1,0,0,0,0,0,0,0,0,1.348,0,5.37,4.861,11.192
DOM2024,DOM,DOM,Dominican Republic,2024,0.18,5.575,1.324,0,5.575,0,1,7.124,3.971,0,7.124,0,1,12.193,7.942,0.299,14.388,0.18,1,11.447,1.539,12.276,23.723,0,1,12.771,2.99,10.952,23.723,0,1,20.712,11.129,-0.115,23.723,0.18,1,0.756,0.132,0.282,1.204,0.16,1,0.655,0.132,0.212,1.007,0.16,1,0.534,0.132,-0.027,0.588,0.16,1,0.568,0.132,0.305,1.013,0.16,1,0,0,0.143,0,0.5,0,0,0.091,0,0.5,13.646,0,13.646,0,82.588,7.95,6.724,103.602,0.16,1,0,0,0,0,0,0,0,0,1.387,0,5.529,4.251,10.123
ECU2021,ECU,ECU,Ecuador,2021,0.12,5.897,1.143,0,5.897,0,1,7.964,3.43,0.227,8.191,0,1,11.613,6.86,0,13.007,0.12,1,9.379,0.683,-0.586,8.793,0,1,9.951,1.338,-0.586,9.365,0,1,13.381,5.005,-0.414,12.967,0,1,0.53,0.097,-0.014,0.578,0,1,0.53,0.103,-0.15,0.426,0,0,0.742,0.192,-0.647,0.107,0,0,0.491,0.114,0.034,0.525,0,1,0,0,0.062,0,0.5,0,-0.009,0.103,0,0.833,11.787,0,11.787,0,73.254,3.079,-29.421,49.094,0,0,0,0,0,0,0,0,0,0,1.198,1,8.808,4.753,15.983
ECU2022,ECU,ECU,Ecuador,2022,0.12,11.72,1.235,0,11.72,0,1,9.783,3.704,0.328,10.111,0,1,17.893,7.408,0.159,20.041,0.12,1,10.129,0.737,-0.428,9.701,0,1,10.746,1.445,-0.428,10.319,0,1,14.451,5.405,-0.109,14.342,0,1,0.768,0.11,-0.169,0.671,0,1,0.863,0.112,-0.421,0.495,0,0,0.79,0.163,-0.695,0.107,0,0,0.608,0.123,0.004,0.611,0,1,0,0,0.062,0,0.5,0,-0.01,0.104,0,0.833,12.729,0,12.729,0,117.033,27.083,-62.76,60.786,0,0,0,0,0,0,0,0,0,0,1.294,1,9.512,10.485,29.494
ECU2023,ECU,ECU,Ecuador,2023,0.12,6.147,1.286,0,6.147,0,1,7.886,3.857,0.227,8.113,0,1,12.575,7.714,0.167,14.084,0.12,1,10.547,0.768,-0.269,10.278,0,1,11.19,1.505,-0.269,10.921,0,1,15.047,5.628,0.14,15.187,0,1,0.642,0.108,-0.061,0.651,0,1,1.056,0.181,-0.633,0.475,0,0,0.637,0.153,-0.541,0.107,0,0,0.557,0.129,-0.042,0.516,0,1,0,0,0.062,0,0.5,0,-0.009,0.104,0,0.833,13.254,0,13.254,0,106.14,30.842,-44.068,69.521,0,0,0,0,0,0,0,0,0,0,1.348,1,9.904,4.861,11.192
ECU2024,ECU,ECU,Ecuador,2024,0.12,5.575,1.324,0,5.575,0,1,7.124,3.971,0.158,7.281,0,1,12.193,7.942,0.199,13.656,0.12,1,10.785,0.785,-0.277,10.508,0,1,11.447,1.54,-0.277,11.17,0,1,15.418,5.766,0.135,15.553,0,1,0.638,0.116,-0.048,0.679,0,1,0.856,0.157,-0.443,0.475,0,0,0.708,0.182,-0.615,0.107,0,0,0.568,0.132,-0.044,0.524,0,1,0,0,0.071,0,0.5,0,-0.009,0.103,0,0.833,13.646,0,13.646,0,109.623,34.985,-41.506,78.334,0,0,0,0,0,0,0,0,0,0,1.387,1,10.123,4.251,10.123
EGY2021,EGY,EGY,Egypt,2021,0.14,5.897,1.143,0,5.897,0,1,7.964,3.43,0.227,8.191,0,1,11.613,6.86,0,13.239,0.14,1,7.854,0.964,-4.993,2.861,0,0,8.462,1.818,-4.115,4.347,0,0,12.106,6.079,-7.942,4.747,0,0,0.621,0.114,-0.125,0.565,0,0,0.593,0.114,-0.215,0.431,0,0,0.44,0.114,-0.289,0.172,0,0,0.56,0.114,-0.182,0.431,0,0,0,-0.05,0.07,0,0.833,0,-0.05,0.075,0,0.833,11.787,0,11.787,0,81.695,7.95,-51.738,34.152,0,0,0,0,0,0,0,0,0,0,1.198,0.937,6.788,4.753,14.129
EGY2022,EGY,EGY,Egypt,2022,0.14,11.72,1.235,0,11.72,0,1,9.783,3.704,0.304,10.087,0,1,17.893,7.408,0.185,20.398,0.14,1,10.107,1.24,-7.658,2.449,0,0,10.787,2.317,-6.093,4.694,0,0,14.866,7.465,-11.29,4.076,0,0,0.847,0.123,-0.384,0.528,0,0,0.947,0.123,-0.627,0.364,0,0,0.589,0.123,-0.453,0.154,0,0,0.689,0.123,-0.369,0.364,0,0,0,-0.05,0.056,0,0.833,0,-0.05,0.054,0,0.833,12.729,0,12.729,0,102.477,7.95,-73.404,33.143,0,0,0,0,0,0,0,0,0,0,1.294,0.899,7.33,10.485,28.059
EGY2023,EGY,EGY,Egypt,2023,0.14,6.147,1.286,0,6.147,0,1,7.886,3.857,0.201,8.088,0,1,12.575,7.714,0.195,14.336,0.14,1,8.602,1.055,-6.208,2.394,0,0,9.337,2.006,-4.749,4.589,0,0,13.748,6.904,-11.171,2.939,0,0,0.749,0.129,-0.419,0.376,0,0,0.783,0.129,-0.557,0.257,0,0,0.527,0.129,-0.446,0.093,0,0,0.64,0.129,-0.432,0.237,0,0,0,-0.05,0.057,0,0.833,0,-0.05,0.048,0,0.833,13.254,0,13.254,0,87.079,7.95,-62.989,27.463,0,0,0,0,0,0,0,0,0,0,1.348,0.856,7.633,4.861,9.261
EGY2024,EGY,EGY,Egypt,2024,0.14,5.575,1.324,0,5.575,0,1,7.124,3.971,0.158,7.281,0,1,12.193,7.942,0.233,13.9,0.14,1,8.355,1.025,-5.852,2.503,0,0,9.112,1.957,-4.315,4.797,0,0,13.653,6.856,-11.725,2.198,0,0,0.72,0.132,-0.443,0.316,0,0,0.734,0.132,-0.528,0.235,0,0,0.51,0.132,-0.442,0.078,0,0,0.652,0.132,-0.45,0.23,0,0,0,-0.052,0.049,0,0.833,0,-0.052,0.043,0,0.833,13.646,0,13.646,0,86.385,7.95,-64.53,24.916,0,0,0,0,0,0,0,0,0,0,1.387,0.856,7.598,4.251,7.598
SLV2021,SLV,SLV,El Salvador,2021,0.13,5.897,1.143,0.238,6.134,0,1,7.964,3.43,0,7.964,0,1,11.613,6.86,0.238,13.392,0.13,1,17.127,2.304,0,17.127,0,1,18.27,4.278,0,18.27,0,1,25.13,13.503,0,28.397,0.13,1,0.649,0.114,0.162,0.916,0.13,1,0.577,0.114,0.142,0.812,0.13,1,0.458,0.114,-0.196,0.296,0,0,0.491,0.114,0,0.555,0.13,1,0,0,0.127,0,1,0,0,0.15,0.13,1,11.787,0,11.787,0,78.125,7.95,0,88.281,0.13,1,0,0,0,0,0,0,0,0,1.198,0,4.776,4.753,15.983
SLV2022,SLV,SLV,El Salvador,2022,0.13,11.72,1.235,0.566,12.286,0,1,9.783,3.704,0,9.783,0,1,17.893,7.408,0.744,20.859,0.13,1,30.728,4.133,0,30.728,0,1,31.963,7.485,0,31.963,0,1,39.371,21.155,0.379,44.49,0.13,1,0.896,0.123,0.055,1.075,0.13,1,0.89,0.123,0.054,1.067,0.13,1,0.62,0.123,-0.403,0.246,0,0,0.608,0.123,0.006,0.686,0.13,1,0,0,0.165,0,1,0,0,0.16,0.13,1,12.729,0,12.729,0,97.9,7.95,0.942,110.627,0.13,1,0,0,0,0,0,0,0,0,1.294,0,5.158,10.485,29.494
SLV2023,SLV,SLV,El Salvador,2023,0.13,6.147,1.286,0.273,6.42,0,1,7.886,3.857,0,7.886,0,1,12.575,7.714,0.458,14.519,0.13,1,12.478,1.678,0,12.478,0,1,13.763,3.223,0,13.763,0,1,21.477,11.54,0.309,24.269,0.13,1,0.791,0.129,0.183,1.1,0.13,1,0.618,0.129,0.34,1.083,0.13,1,0.554,0.129,-0.343,0.239,0,0,0.557,0.129,0.008,0.63,0.13,1,0,0,0.147,0,1,0,0,0.141,0.13,1,13.254,0,13.254,0,83.248,7.95,1.198,94.07,0.13,1,0,0,0,0,0,0,0,0,1.348,0,5.37,4.861,11.192
SLV2024,SLV,SLV,El Salvador,2024,0.13,5.575,1.324,0.213,5.787,0,1,7.124,3.971,0,7.124,0,1,12.193,7.942,0.432,14.018,0.13,1,11.447,1.54,0,11.447,0,1,12.771,2.991,0,12.771,0,1,20.712,11.129,0.367,23.405,0.13,1,0.756,0.132,0.143,1.016,0.13,1,0.655,0.132,0.207,0.974,0.13,1,0.534,0.132,-0.321,0.24,0,0,0.568,0.132,0.01,0.642,0.13,1,0,0,0.194,0,1,0,0,0.205,0.13,1,13.646,0,13.646,0,82.588,7.95,1.462,93.324,0.13,1,0,0,0,0,0,0,0,0,1.387,0,5.529,4.251,10.123
GNQ2021,GNQ,GNQ,Equatorial Guinea,2021,0.15,5.897,1.143,0,5.897,0,1,7.964,3.43,0,7.964,0,1,11.613,6.86,0,13.355,0.15,1,4.09,0.449,0,4.09,0,1,4.662,0.907,0,4.662,0,1,8.092,3.817,0,9.305,0.15,1,0.619,0.114,0.129,0.861,0.15,1,0.599,0.114,-0.052,0.629,0.15,1,0.439,0.114,0,0.505,0.15,1,0.505,0.114,-0.169,0.386,0,0,0,0,0.082,0,1,0,0,0.109,0,1,11.787,0,11.787,0,78.125,7.95,0,89.844,0.15,1,0,0,0,0,0,0,0,0,1.198,1,3.518,4.753,14.129
GNQ2022,GNQ,GNQ,Equatorial Guinea,2022,0.15,11.72,1.235,0,11.72,0,1,9.783,3.704,0,9.783,0,1,17.893,7.408,0.199,20.577,0.15,1,4.417,0.485,0,4.417,0,1,5.034,0.979,0,5.034,0,1,8.738,4.122,0.097,10.049,0.15,1,0.861,0.123,-0.179,0.785,0.15,1,0.986,0.123,-0.338,0.746,0.15,1,0.598,0.123,0.007,0.688,0.15,1,0.612,0.123,-0.314,0.343,0,0,0,0,0.089,0,1,0,0,0.117,0,1,12.729,0,12.729,0,97.9,7.95,1.087,112.585,0.15,1,0,0,0,0,0,0,0,0,1.294,1,3.8,10.485,28.059
GNQ2023,GNQ,GNQ,Equatorial Guinea,2023,0.15,6.147,1.286,0,6.147,0,1,7.886,3.857,0,7.886,0,1,12.575,7.714,0.209,14.461,0.15,1,4.599,0.505,0,4.599,0,1,5.242,1.019,0,5.242,0,1,9.099,4.292,0.151,10.464,0.15,1,0.76,0.129,-0.055,0.811,0.15,1,0.811,0.129,-0.136,0.776,0.15,1,0.535,0.129,0.009,0.615,0.15,1,0.579,0.129,-0.279,0.346,0,0,0,0,0.092,0,1,0,0,0.122,0,1,13.254,0,13.254,0,83.248,7.95,1.383,95.735,0.15,1,0,0,0,0,0,0,0,0,1.348,1,3.956,4.861,9.261
GNQ2024,GNQ,GNQ,Equatorial Guinea,2024,0.15,5.575,1.324,0,5.575,0,1,7.124,3.971,0,7.124,0,1,12.193,7.942,0.249,14.022,0.15,1,4.735,0.52,0,4.735,0,1,5.397,1.049,0,5.397,0,1,9.368,4.419,0.191,10.773,0.15,1,0.724,0.132,-0.019,0.811,0.15,1,0.75,0.132,-0.075,0.776,0.15,1,0.513,0.132,0.01,0.59,0.15,1,0.591,0.132,-0.291,0.346,0,0,0,0,0.095,0,1,0,0,0.126,0,1,13.646,0,13.646,0,82.588,7.95,1.687,94.976,0.15,1,0,0,0,0,0,0,0,0,1.387,1,4.073,4.251,7.598
ERI2021,ERI,ERI,Eritrea,2021,0.085,5.897,1.143,0,5.897,0,1,7.964,3.43,0,7.964,0,1,11.613,6.86,0,12.6,0.085,1,16.305,2.204,0,16.305,0,1,17.449,4.08,0,17.449,0,1,24.309,12.947,0,26.375,0.085,1,0.619,0.114,0,0.672,0.085,1,0.599,0.114,0,0.65,0.085,1,0.439,0.114,0,0.476,0.085,1,0.505,0.114,0,0.548,0.085,1,0,0,0.24,0,0.167,0,0,0.24,0.085,0.167,11.787,0,11.787,0,78.125,7.95,0,84.766,0.085,1,0,0,0,0,0,0,0,0,1.198,0,4.776,4.753,15.162
ERI2022,ERI,ERI,Eritrea,2022,0.085,11.72,1.235,0,11.72,0,1,9.783,3.704,0,9.783,0,1,17.893,7.408,0.113,19.414,0.085,1,32.56,4.401,0,32.56,0,1,33.795,7.902,0,33.795,0,1,41.203,21.945,0.259,44.705,0.085,1,0.861,0.123,0.005,0.934,0.085,1,0.986,0.123,0.006,1.07,0.085,1,0.598,0.123,0.004,0.649,0.085,1,0.612,0.123,0.004,0.664,0.085,1,0,0,0.24,0,0.167,0,0,0.24,0.085,0.167,12.729,0,12.729,0,97.9,7.95,0.616,106.222,0.085,1,0,0,0,0,0,0,0,0,1.294,0,5.158,10.485,31.326
ERI2023,ERI,ERI,Eritrea,2023,0.085,6.147,1.286,0,6.147,0,1,7.886,3.857,0,7.886,0,1,12.575,7.714,0.118,13.644,0.085,1,12.908,1.745,0,12.908,0,1,14.194,3.319,0,14.194,0,1,21.908,11.668,0.206,23.77,0.085,1,0.76,0.129,0.007,0.825,0.085,1,0.811,0.129,0.008,0.88,0.085,1,0.535,0.129,0.005,0.58,0.085,1,0.579,0.129,0.005,0.629,0.085,1,0,0,0.24,0,0.167,0,0,0.24,0.085,0.167,13.254,0,13.254,0,83.248,7.95,0.783,90.324,0.085,1,0,0,0,0,0,0,0,0,1.348,0,5.37,4.861,11.622
ERI2024,ERI,ERI,Eritrea,2024,0.085,5.575,1.324,0,5.575,0,1,7.124,3.971,0,7.124,0,1,12.193,7.942,0.141,13.229,0.085,1,11.492,1.553,0,11.492,0,1,12.815,2.997,0,12.815,0,1,20.757,11.055,0.24,22.521,0.085,1,0.724,0.132,0.008,0.786,0.085,1,0.75,0.132,0.009,0.814,0.085,1,0.513,0.132,0.006,0.557,0.085,1,0.591,0.132,0.007,0.642,0.085,1,0,0,0.247,0,0.167,0,0,0.247,0.085,0.167,13.646,0,13.646,0,82.588,7.95,0.956,89.608,0.085,1,0,0,0,0,0,0,0,0,1.387,0,5.529,4.251,10.168
EST2021,EST,EST,Estonia,2021,0.2,1.774,0.572,2.742,4.515,0,1,2.919,1.717,2.702,5.621,0,1,4.635,3.434,0.756,6.47,0.2,1,11.978,1.323,5.549,17.527,0,1,11.934,2.348,5.593,17.527,0,1,16.329,8.014,-0.107,19.466,0.2,1,0.619,0.114,0.787,1.687,0.2,1,0.599,0.114,0.621,1.465,0.2,1,0.439,0.114,0.261,0.839,0.2,1,0.505,0.114,0.362,1.04,0.2,1,0,0.015,0.125,0,1,0,0.015,0.193,0.2,0.667,11.787,0,11.787,0,78.125,7.95,68.926,176.461,0.2,1,0,0,0,0,0,0,0,0.999,1.198,0,4.776,3.852,8.009
EST2022,EST,EST,Estonia,2022,0.2,1.914,0.618,9.448,11.362,0,1,3.15,1.853,8.891,12.041,0,1,5.003,3.706,0.809,6.872,0.2,1,29.224,3.066,10.043,39.267,0,1,29.272,5.427,9.995,39.267,0,1,34.211,16.337,-7.457,32.105,0.2,1,0.861,0.123,0.763,1.949,0.2,1,0.986,0.123,0.585,1.885,0.2,1,0.598,0.123,0.154,0.902,0.2,1,0.612,0.123,0.593,1.447,0.2,1,0,0.013,0.206,0,1,0,0.013,0.248,0.2,0.667,12.729,0,12.729,0,97.9,7.95,127.099,269.999,0.2,1,0,0,0,0,0,0,0,0.999,1.294,0,5.158,4.748,25.164
EST2023,EST,EST,Estonia,2023,0.2,1.995,0.643,10.898,12.893,0,1,3.277,1.929,10.305,13.582,0,1,5.21,3.858,0.822,7.082,0.2,1,18.916,2.119,7.721,26.637,0,1,19.014,3.787,7.622,26.637,0,1,24.157,11.967,-0.507,28.38,0.2,1,0.76,0.129,0.786,1.856,0.2,1,0.811,0.129,0.638,1.739,0.2,1,0.535,0.129,0.095,0.755,0.2,1,0.579,0.129,0.449,1.234,0.2,1,0,0.014,0.147,0,1,0,0.014,0.243,0.2,0.667,13.254,0,13.254,0,83.248,7.95,119.584,243.399,0.2,1,0,0,0,0,0,0,0,1,1.348,0,5.37,23.964,14.805
EST2024,EST,EST,Estonia,2024,0.2,2.051,0.662,7.203,9.254,0,1,3.374,1.986,6.799,10.173,0,1,5.361,3.972,0.894,7.409,0.22,1,15.644,1.975,4.912,20.556,0,1,15.644,3.427,4.912,20.556,0,1,20.238,10.294,-2.021,22.225,0.22,1,0.724,0.132,0.761,1.812,0.22,1,0.75,0.132,0.615,1.666,0.22,1,0.513,0.132,0.108,0.758,0.22,1,0.591,0.132,0.359,1.159,0.22,1,0,0.013,0.151,0,1,0,0.013,0.244,0.22,0.667,13.646,0,13.646,0,82.588,7.95,102.705,226.058,0.22,1,0,0,0,0,0,0,0,1,1.387,0,5.529,11.886,10.037
SWZ2021,SWZ,SWZ,Eswatini,2021,0.15,5.897,1.143,0,5.897,0,1,7.964,3.43,0,7.964,0,1,11.613,6.86,0,13.355,0.15,1,15.672,2.118,0,15.672,0,1,16.816,3.932,0,16.816,0,1,23.675,12.609,0,27.227,0.15,1,0.619,0.114,0.243,0.992,0.15,1,0.599,0.114,0.188,0.906,0.15,1,0.439,0.114,0,0.505,0.15,1,0.505,0.114,0,0.58,0.15,1,0,0,0.078,0,1,0,0,0.118,0.15,1,11.787,0,11.787,0,78.125,7.95,0,89.844,0.15,1,0,0,0,0,0,0,0,0,1.198,0,4.776,4.753,15.162
SWZ2022,SWZ,SWZ,Eswatini,2022,0.15,11.72,1.235,0,11.72,0,1,9.783,3.704,0,9.783,0,1,17.893,7.408,0.199,20.577,0.15,1,31.7,4.284,0,31.7,0,1,32.935,7.701,0,32.935,0,1,40.343,21.486,0.448,46.394,0.15,1,0.861,0.123,0.25,1.263,0.15,1,0.986,0.123,0.172,1.317,0.15,1,0.598,0.123,0.007,0.688,0.15,1,0.612,0.123,0.007,0.704,0.15,1,0,0,0.07,0,1,0,0,0.108,0.15,1,12.729,0,12.729,0,97.9,7.95,1.087,112.585,0.15,1,0,0,0,0,0,0,0,0,1.294,0,5.158,10.485,31.326
SWZ2023,SWZ,SWZ,Eswatini,2023,0.15,6.147,1.286,0,6.147,0,1,7.886,3.857,0,7.886,0,1,12.575,7.714,0.209,14.461,0.15,1,12.364,1.671,0,12.364,0,1,13.649,3.192,0,13.649,0,1,21.363,11.378,0.355,24.568,0.15,1,0.76,0.129,0.282,1.18,0.15,1,0.811,0.129,0.21,1.156,0.15,1,0.535,0.129,0.009,0.615,0.15,1,0.579,0.129,0.01,0.666,0.15,1,0,0,0.079,0,1,0,0,0.116,0.15,1,13.254,0,13.254,0,83.248,7.95,1.383,95.735,0.15,1,0,0,0,0,0,0,0,0,1.348,0,5.37,4.861,11.622
SWZ2024,SWZ,SWZ,Eswatini,2024,0.15,5.575,1.324,0,5.575,0,1,7.124,3.971,0,7.124,0,1,12.193,7.942,0.249,14.022,0.15,1,11.088,1.499,0,11.088,0,1,12.412,2.902,0,12.412,0,1,20.353,10.84,0.416,23.406,0.15,1,0.724,0.132,0.301,1.156,0.15,1,0.75,0.132,0.23,1.105,0.15,1,0.513,0.132,0.01,0.59,0.15,1,0.591,0.132,0.012,0.68,0.15,1,0,0,0.088,0,1,0,0,0.124,0.15,1,13.646,0,13.646,0,82.588,7.95,1.687,94.976,0.15,1,0,0,0,0,0,0,0,0,1.387,0,5.529,4.251,10.168
ETH2021,ETH,ETH,Ethiopia,2021,0.15,4.108,0.896,0,4.108,0,1,5.775,2.687,0.119,5.894,0,1,8.585,5.373,0,9.873,0.15,1,3.969,0.536,0,3.969,0,1,5.112,1.195,0,5.112,0,1,11.972,6.376,0,13.768,0.15,1,0.619,0.114,-0.099,0.598,0.15,1,0.599,0.114,-0.133,0.537,0.15,1,0.439,0.114,0.016,0.523,0.15,1,0.505,0.114,0.032,0.537,0,1,0,0,0.028,0,0.667,0,0,0.048,0.15,0.667,11.787,0,11.787,0,78.125,7.95,-2.409,87.073,0.15,1,0,0,0,0,0,0,0,0.433,1.198,0,4.049,4.753,15.162
ETH2022,ETH,ETH,Ethiopia,2022,0.15,7.468,0.967,0,7.468,0,1,6.906,2.901,0.159,7.065,0,1,12.304,5.803,0.137,14.149,0.15,1,15.126,2.044,0,15.126,0,1,16.361,3.826,0,16.361,0,1,23.769,12.659,0.264,27.334,0.15,1,0.861,0.123,-0.139,0.83,0.15,1,0.986,0.123,-0.267,0.827,0.15,1,0.598,0.123,0.03,0.714,0.15,1,0.612,0.123,0.214,0.827,0,1,0,0,0.023,0,0.667,0,0,0.041,0.15,0.667,12.729,0,12.729,0,97.9,7.95,22.085,137.983,0.15,1,0,0,0,0,0,0,0,0.433,1.294,0,4.373,10.485,31.326
ETH2023,ETH,ETH,Ethiopia,2023,0.15,4.457,1.024,0,4.457,0,1,6.012,3.073,0.111,6.123,0,1,9.579,6.146,0.159,11.016,0.15,1,7.362,0.995,0,7.362,0,1,8.648,2.022,0,8.648,0,1,16.362,8.714,0.272,18.816,0.15,1,0.76,0.129,0.342,1.268,0.15,1,0.811,0.129,0.343,1.328,0.15,1,0.535,0.129,0.029,0.638,0.15,1,0.579,0.129,0.739,1.318,0,1,0,0,0.022,0,0.667,0,0,0.039,0.15,0.667,13.254,0,13.254,0,83.248,7.95,92.107,201.659,0.15,1,0,0,0,0,0,0,0,0.407,1.348,0,4.553,4.861,11.622
ETH2024,ETH,ETH,Ethiopia,2024,0.15,4.142,1.055,0,4.142,0,1,5.599,3.164,0.087,5.686,0,1,9.415,6.328,0.192,10.827,0.15,1,6.861,0.927,0,6.861,0,1,8.185,1.914,0,8.185,0,1,16.127,8.589,0.33,18.546,0.15,1,0.724,0.132,0.142,0.996,0.15,1,0.75,0.132,0.128,1.009,0.15,1,0.513,0.132,0.029,0.611,0.15,1,0.591,0.132,0.405,0.997,0,1,0,0,0.023,0,0.667,0,0,0.04,0.15,0.667,13.646,0,13.646,0,82.588,7.95,52.055,154.84,0.15,1,0,0,0,0,0,0,0,0.407,1.387,0,4.688,4.251,10.168
FRO2021,FRO,FRO,Faroe Islands,2021,0,5.553,1.143,0,5.553,0,1,7.964,3.43,0,7.964,0,1,11.27,6.86,0,11.27,0,1,16.305,2.204,0,16.305,0,1,17.449,4.08,0,17.449,0,1,24.309,12.947,0,24.309,0,1,0.619,0.114,0,0.619,0,1,0.599,0.114,0,0.599,0,1,0.439,0.114,0,0.439,0,1,0.505,0.114,0,0.505,0,1,0,0,0,0,1,0,0,0,0,1,11.787,0,11.787,0,78.125,7.95,0,78.125,0,1,0,0,0,0,0,0,0,0,1.198,0,4.776,4.41,15.162
FRO2022,FRO,FRO,Faroe Islands,2022,0,7.077,1.235,0,7.077,0,1,9.783,3.704,0,9.783,0,1,13.25,7.408,0,13.25,0,1,32.56,4.401,0,32.56,0,1,33.795,7.902,0,33.795,0,1,41.203,21.945,0,41.203,0,1,0.861,0.123,0,0.861,0,1,0.986,0.123,0,0.986,0,1,0.598,0.123,0,0.598,0,1,0.612,0.123,0,0.612,0,1,0,0,0,0,1,0,0,0,0,1,12.729,0,12.729,0,97.9,7.95,0,97.9,0,1,0,0,0,0,0,0,0,0,1.294,0,5.158,5.842,31.326
FRO2023,FRO,FRO,Faroe Islands,2023,0,4.752,1.286,0,4.752,0,1,7.886,3.857,0,7.886,0,1,11.18,7.714,0,11.18,0,1,12.908,1.745,0,12.908,0,1,14.194,3.319,0,14.194,0,1,21.908,11.668,0,21.908,0,1,0.76,0.129,0,0.76,0,1,0.811,0.129,0,0.811,0,1,0.535,0.129,0,0.535,0,1,0.579,0.129,0,0.579,0,1,0,0,0,0,1,0,0,0,0,1,13.254,0,13.254,0,83.248,7.95,0,83.248,0,1,0,0,0,0,0,0,0,0,1.348,0,5.37,3.466,11.622
FRO2024,FRO,FRO,Faroe Islands,2024,0,4.351,1.324,0,4.351,0,1,7.124,3.971,0,7.124,0,1,10.969,7.942,0,10.969,0,1,11.492,1.553,0,11.492,0,1,12.815,2.997,0,12.815,0,1,20.757,11.055,0,20.757,0,1,0.724,0.132,0,0.724,0,1,0.75,0.132,0,0.75,0,1,0.513,0.132,0,0.513,0,1,0.591,0.132,0,0.591,0,1,0,0,0,0,1,0,0,0,0,1,13.646,0,13.646,0,82.588,7.95,0,82.588,0,1,0,0,0,0,0,0,0,0,1.387,0,5.529,3.027,10.168
FJI2021,FJI,FJI,Fiji,2021,0.09,4.747,1.143,0,4.747,0,1,7.964,3.43,0,7.964,0,1,10.464,6.86,0,12.034,0.15,1,5.49,0.677,0,5.49,0,1,6.633,1.446,0,6.633,0,1,13.493,7.001,0,15.517,0.15,1,0.621,0.114,0.366,1.134,0.15,1,0.593,0.114,0.201,0.866,0.09,1,0.44,0.114,0.258,0.761,0.09,1,0.56,0.114,0.079,0.696,0.09,1,0,0,0.169,0,1,0,0,0.164,0,1,11.787,0,11.787,0,81.695,7.95,0,93.95,0.15,1,0,0,0,0,0,0,0,0,1.198,0,4.776,3.604,9.408
FJI2022,FJI,FJI,Fiji,2022,0.09,8.788,1.235,0,8.788,0,1,9.783,3.704,0,9.783,0,1,14.962,7.408,0.166,17.206,0.15,1,6.392,0.789,0,6.392,0,1,7.627,1.663,0,7.627,0,1,15.035,7.801,0.167,17.29,0.15,1,0.847,0.123,0.33,1.354,0.15,1,0.947,0.123,0.173,1.221,0.09,1,0.589,0.123,0.259,0.924,0.09,1,0.689,0.123,0.236,1.008,0.09,1,0,0,0.182,0,1,0,0,0.177,0,1,12.729,0,12.729,0,102.477,7.95,1.138,117.848,0.15,1,0,0,0,0,0,0,0,0,1.294,0,5.158,7.554,16.097
FJI2023,FJI,FJI,Fiji,2023,0.09,5.77,1.286,0,5.77,0,1,7.886,3.857,0,7.886,0,1,12.198,7.714,0.203,14.028,0.15,1,6.656,0.821,0,6.656,0,1,7.942,1.731,0,7.942,0,1,15.656,8.123,0.26,18.004,0.15,1,0.749,0.129,0.346,1.259,0.15,1,0.783,0.129,0.215,1.088,0.09,1,0.527,0.129,0.212,0.806,0.09,1,0.64,0.129,0.201,0.916,0.09,1,0,0,0.19,0,1,0,0,0.185,0,1,13.254,0,13.254,0,87.079,7.95,1.446,100.141,0.15,1,0,0,0,0,0,0,0,0,1.348,0,5.37,4.484,12.529
FJI2024,FJI,FJI,Fiji,2024,0.09,4.833,1.324,0,4.833,0,1,7.124,3.971,0,7.124,0,1,11.451,7.942,0.234,13.168,0.15,1,6.853,0.846,0,6.853,0,1,8.176,1.782,0,8.176,0,1,16.118,8.363,0.329,18.535,0.15,1,0.72,0.132,0.38,1.264,0.15,1,0.734,0.132,0.163,1.031,0.15,1,0.51,0.132,0.234,0.856,0.15,1,0.652,0.132,0.085,0.847,0.15,1,0,0,0.195,0,1,0,0,0.19,0,1,13.646,0,13.646,0,86.385,7.95,1.765,99.343,0.15,1,0,0,0,0,0,0,0,0,1.387,0,5.529,3.509,10.896
FIN2021,FIN,FIN,Finland,2021,0.24,4.778,1.045,1.672,6.45,0,1,10.182,4.615,5.492,15.673,0,1,8.596,5.288,6.461,18.67,0.24,1,24.613,2.719,2.766,27.379,0,1,24.569,4.835,2.81,27.379,0,1,27.798,13.644,6.728,42.813,0.24,1,0.619,0.114,0.977,1.979,0.24,1,0.599,0.114,0.846,1.792,0.24,1,0.439,0.114,1.02,1.81,0.24,1,0.505,0.114,0.455,1.191,0.24,1,0,0.001,0.075,0,1,0,0.027,0.213,0.24,0.833,11.787,0,11.787,0,78.125,7.95,86.602,204.261,0.24,1,0,0,0,0,0,0,0,0,1.198,0,4.776,5.092,15.162
FIN2022,FIN,FIN,Finland,2022,0.24,9.716,1.509,8.492,18.208,0,1,19.09,7.883,9.556,28.646,0,1,18.457,7.118,8.238,32.525,0.24,1,40.868,4.287,10.547,51.415,0,1,40.916,7.585,10.499,51.415,0,1,44.693,21.343,8.207,64.451,0.24,1,0.861,0.123,0.93,2.22,0.24,1,0.986,0.123,0.816,2.234,0.24,1,0.598,0.123,1.132,2.144,0.24,1,0.612,0.123,0.811,1.765,0.24,1,0,0.001,0.115,0,1,0,0.024,0.232,0.24,0.833,12.729,0,12.729,0,97.9,7.95,164.453,325.318,0.24,1,0,0,0,0,0,0,0,0,1.294,0,5.158,12.195,31.326
FIN2023,FIN,FIN,Finland,2023,0.24,9.474,2.158,9.842,19.317,0,1,27.274,13.527,10.943,38.217,0,1,11.809,6.898,8.473,24.499,0.24,1,21.216,2.376,16.525,37.74,0,1,21.314,4.245,16.426,37.74,0,1,25.398,12.581,8.102,40.464,0.24,1,0.76,0.129,0.922,2.086,0.24,1,0.811,0.129,0.878,2.095,0.24,1,0.535,0.129,1.277,2.247,0.24,1,0.579,0.129,0.676,1.557,0.24,1,0,0.001,0.081,0,1,0,0.024,0.268,0.24,0.833,13.254,0,13.254,0,83.248,7.95,164.946,307.76,0.24,1,0,0,0,0,0,0,0,0,1.348,0,5.37,5.868,11.622
FIN2024,FIN,FIN,Finland,2024,0.24,8.828,2.236,6.45,15.278,0,1,25.12,13.684,7.647,32.766,0,1,11.015,7.101,10.183,25.454,0.24,1,20.216,2.553,10,30.216,0,1,20.216,4.428,10,30.216,0,1,24.247,12.333,9.122,40.068,0.24,1,0.724,0.132,0.848,1.95,0.24,1,0.75,0.132,0.791,1.911,0.24,1,0.513,0.132,1.13,2.038,0.24,1,0.591,0.132,0.548,1.412,0.24,1,0,0.001,0.069,0,1,0,0.024,0.306,0.24,0.833,13.646,0,13.646,0,82.588,7.95,141.248,277.557,0.24,1,0,0,0,0,0,0,0,0,1.387,0,5.529,4.592,10.168
FRA2021,FRA,FRA,France,2021,0.2,5.022,1.099,1.186,6.208,0,1,6.592,2.988,1.494,8.086,0,1,11.069,5.94,0.235,13.564,0.2,1,21.184,2.34,-6.568,14.616,0,1,21.14,4.16,-6.514,14.627,0,1,27.169,13.335,-6.925,24.293,0.2,1,0.619,0.114,0.912,1.837,0.2,1,0.599,0.114,0.811,1.693,0.2,1,0.439,0.114,0.401,1.008,0.2,1,0.505,0.114,0.386,1.069,0.2,1,0,0.01,0.095,0,1,0,0.045,0.235,0.2,1,11.787,0,11.787,0,78.125,7.95,68.496,175.945,0.2,1,0,0,0,0,0,0.083,0.052,0,1.198,0,4.776,6.569,14.962
FRA2022,FRA,FRA,France,2022,0.2,9.982,1.55,8.218,18.2,0,1,6.924,2.859,8.829,15.753,0,1,18.537,6.733,3.459,26.01,0.2,1,35.155,3.688,-10.589,24.567,0,1,35.203,6.526,-10.56,24.644,0,1,41.781,19.952,-19.017,27.316,0.2,1,0.861,0.123,0.726,1.905,0.2,1,0.986,0.123,0.633,1.942,0.2,1,0.598,0.123,0.143,0.89,0.2,1,0.612,0.123,0.682,1.553,0.2,1,0,0.002,0.118,0,1,0,0.021,0.226,0.2,1,12.729,0,12.729,0,97.9,7.95,142.287,288.224,0.2,1,0,0,0,0,0,0.083,0.055,0,1.294,0,5.158,14.147,28.842
FRA2023,FRA,FRA,France,2023,0.2,18.6,4.236,9.524,28.123,0,1,15.994,7.932,9.815,25.809,0,1,16.116,6.751,3.568,23.109,0.2,1,18.138,2.032,11.559,29.698,0,1,18.237,3.632,11.55,29.787,0,1,25.12,12.444,2.725,33.414,0.2,1,0.76,0.129,0.934,2.034,0.2,1,0.811,0.129,0.806,1.941,0.2,1,0.535,0.129,0.347,1.058,0.2,1,0.579,0.129,0.563,1.371,0.2,1,0,0.001,0.168,0,1,0,0.008,0.264,0.2,1,13.254,0,13.254,0,83.248,7.95,138.203,265.741,0.2,1,0,0,0,0,0,0.028,0.056,0,1.348,0,5.37,12.035,11.774
FRA2024,FRA,FRA,France,2024,0.2,18.133,4.594,6.241,24.374,0,1,15.063,8.206,6.98,22.044,0,1,15.689,6.95,3.711,22.663,0.2,1,17.329,2.188,7.154,24.484,0,1,17.329,3.796,7.213,24.543,0,1,25.826,13.136,5.846,38.007,0.2,1,0.724,0.132,0.918,1.971,0.2,1,0.75,0.132,0.779,1.835,0.2,1,0.513,0.132,0.377,1.068,0.2,1,0.591,0.132,0.47,1.274,0.2,1,0,0.006,0.119,0,1,0,0.027,0.312,0.2,1,13.646,0,13.646,0,82.588,7.95,115.763,238.021,0.2,1,0,0,0,0,0,0.007,0.057,0,1.387,0,5.529,11.187,9.994
PYF2021,PYF,PYF,French Polynesia,2021,0.13,4.747,1.143,0,4.747,0,1,7.964,3.43,0,7.964,0,1,10.464,6.86,0,11.824,0.13,1,10.551,1.302,0,10.551,0,1,11.694,2.549,0,11.694,0,1,18.554,9.627,0,20.966,0.13,1,0.621,0.114,0,0.701,0.13,1,0.593,0.114,0,0.67,0.13,1,0.44,0.114,0,0.497,0.13,1,0.56,0.114,0,0.633,0.13,1,0,0,0,0,1,0,0,0,0.13,1,11.787,0,11.787,0,81.695,7.95,0,92.316,0.13,1,0,0,0,0,0,0,0,0,1.198,0,4.776,3.604,9.408
PYF2022,PYF,PYF,French Polynesia,2022,0.13,8.788,1.235,0,8.788,0,1,9.783,3.704,0,9.783,0,1,14.962,7.408,0.144,16.907,0.13,1,17.332,2.139,0,17.332,0,1,18.566,4.048,0,18.566,0,1,25.974,13.478,0.25,29.351,0.13,1,0.847,0.123,0.008,0.957,0.13,1,0.947,0.123,0.009,1.07,0.13,1,0.589,0.123,0.006,0.665,0.13,1,0.689,0.123,0.007,0.778,0.13,1,0,0,0,0,1,0,0,0,0.13,1,12.729,0,12.729,0,102.477,7.95,0.986,115.798,0.13,1,0,0,0,0,0,0,0,0,1.294,0,5.158,7.554,16.097
PYF2023,PYF,PYF,French Polynesia,2023,0.13,5.77,1.286,0,5.77,0,1,7.886,3.857,0,7.886,0,1,12.198,7.714,0.176,13.784,0.13,1,13.814,1.705,0,13.814,0,1,15.1,3.292,0,15.1,0,1,22.814,11.838,0.328,25.78,0.13,1,0.749,0.129,0.011,0.846,0.13,1,0.783,0.129,0.011,0.884,0.13,1,0.527,0.129,0.008,0.596,0.13,1,0.64,0.129,0.009,0.723,0.13,1,0,0,0,0,1,0,0,0,0.13,1,13.254,0,13.254,0,87.079,7.95,1.253,98.399,0.13,1,0,0,0,0,0,0,0,0,1.348,0,5.37,4.484,12.529
PYF2024,PYF,PYF,French Polynesia,2024,0.13,4.833,1.324,0,4.833,0,1,7.124,3.971,0,7.124,0,1,11.451,7.942,0.203,12.939,0.13,1,12.219,1.508,0,12.219,0,1,13.543,2.952,0,13.543,0,1,21.484,11.148,0.38,24.277,0.13,1,0.72,0.132,0.013,0.814,0.13,1,0.734,0.132,0.013,0.829,0.13,1,0.51,0.132,0.009,0.577,0.13,1,0.652,0.132,0.012,0.737,0.13,1,0,0,0,0,1,0,0,0,0.13,1,13.646,0,13.646,0,86.385,7.95,1.53,97.616,0.13,1,0,0,0,0,0,0,0,0,1.387,0,5.529,3.509,10.896
GAB2021,GAB,GAB,Gabon,2021,0.18,5.897,1.143,0.475,6.372,0,1,7.964,3.43,0.453,8.418,0,1,11.613,6.86,0.475,14.265,0.18,1,5.347,0.393,-0.127,5.22,0,1,5.919,0.8,-0.127,5.792,0,1,9.349,3.473,-0.108,10.905,0.18,1,0.619,0.114,0.306,1.091,0.18,1,0.599,0.114,0.295,1.055,0.18,1,0.439,0.114,-0.068,0.438,0,0,0.505,0.114,0.183,0.811,0.18,1,0,-0.016,0.197,0,0.5,0,-0.016,0.222,0.18,0.333,11.787,0,11.787,0,78.125,7.95,31.221,129.028,0.18,1,0,0,0,0,0,0,0,0,1.198,1,4.776,4.753,15.162
GAB2022,GAB,GAB,Gabon,2022,0.18,11.72,1.235,1.132,12.852,0,1,9.783,3.704,0.656,10.439,0,1,17.893,7.408,1.386,22.45,0.18,1,5.775,0.425,-0.137,5.637,0,1,6.392,0.864,-0.137,6.255,0,1,10.096,3.751,0.016,11.776,0.18,1,0.861,0.123,-0.039,0.97,0.18,1,0.986,0.123,-0.191,0.938,0.18,1,0.598,0.123,-0.268,0.389,0,0,0.612,0.123,-0.001,0.721,0.18,1,0,-0.016,0.172,0,0.5,0,-0.016,0.197,0.18,0.333,12.729,0,12.729,0,97.9,7.95,-0.69,114.708,0.18,1,0,0,0,0,0,0,0,0,1.294,1,5.158,10.485,31.326
GAB2023,GAB,GAB,Gabon,2023,0.18,6.147,1.286,0.547,6.693,0,1,7.886,3.857,0.453,8.339,0,1,12.575,7.714,0.808,15.484,0.18,1,6.013,0.442,-0.143,5.87,0,1,6.656,0.9,-0.143,6.513,0,1,10.513,3.906,0.086,12.262,0.18,1,0.76,0.129,0.09,1.004,0.18,1,0.811,0.129,0.005,0.963,0.18,1,0.535,0.129,-0.196,0.4,0,0,0.579,0.129,0.049,0.742,0.18,1,0,-0.016,0.178,0,0.5,0,-0.016,0.203,0.18,0.333,13.254,0,13.254,0,83.248,7.95,16.717,117.958,0.18,1,0,0,0,0,0,0,0,0,1.348,1,5.37,4.861,11.622
GAB2024,GAB,GAB,Gabon,2024,0.18,5.575,1.324,0.425,6,0,1,7.124,3.971,0.315,7.439,0,1,12.193,7.942,0.734,14.889,0.18,1,6.191,0.455,-0.131,6.06,0,1,6.853,0.926,-0.131,6.721,0,1,10.823,4.021,0.131,12.617,0.18,1,0.724,0.132,0.12,0.997,0.18,1,0.75,0.132,0.054,0.949,0.18,1,0.513,0.132,-0.231,0.333,0,0,0.591,0.132,0.034,0.738,0.18,1,0,-0.017,0.178,0,0.5,0,-0.017,0.203,0.18,0.333,13.646,0,13.646,0,82.588,7.95,22.851,121.44,0.18,1,0,0,0,0,0,0,0,0,1.387,1,5.529,4.251,10.168
GMB2021,GMB,GMB,"Gambia, The",2021,0.15,5.897,1.143,0,5.897,0,1,7.964,3.43,0,7.964,0,1,11.613,6.86,0,13.355,0.15,1,16.302,2.203,0,16.302,0,1,17.445,4.079,0,17.445,0,1,24.305,12.945,0,27.951,0.15,1,0.619,0.114,0.277,1.03,0.15,1,0.599,0.114,0.261,0.989,0.15,1,0.439,0.114,0,0.505,0.15,1,0.505,0.114,0.222,0.836,0.15,1,0,0,0,0,1,0,0,0,0.15,1,11.787,0,11.787,0,78.125,7.95,0,89.844,0.15,1,0,0,0,0,0,0,0,0,1.198,0,4.776,4.753,15.162
GMB2022,GMB,GMB,"Gambia, The",2022,0.15,11.72,1.235,0,11.72,0,1,9.783,3.704,0,9.783,0,1,17.893,7.408,0.199,20.577,0.15,1,32.551,4.399,0,32.551,0,1,33.786,7.9,0,33.786,0,1,41.194,21.94,0.457,47.373,0.15,1,0.861,0.123,0.264,1.294,0.15,1,0.986,0.123,0.076,1.222,0.15,1,0.598,0.123,0.007,0.688,0.15,1,0.612,0.123,0.543,1.328,0.15,1,0,0,0,0,1,0,0,0,0.15,1,12.729,0,12.729,0,97.9,7.95,1.087,112.585,0.15,1,0,0,0,0,0,0,0,0,1.294,0,5.158,10.485,31.326
GMB2023,GMB,GMB,"Gambia, The",2023,0.15,6.147,1.286,0,6.147,0,1,7.886,3.857,0,7.886,0,1,12.575,7.714,0.209,14.461,0.15,1,12.286,1.661,0,12.286,0,1,13.572,3.174,0,13.572,0,1,21.286,11.337,0.354,24.479,0.15,1,0.76,0.129,0.299,1.218,0.15,1,0.811,0.129,0.212,1.177,0.15,1,0.535,0.129,0.009,0.615,0.15,1,0.579,0.129,0.43,1.161,0.15,1,0,0,0,0,1,0,0,0,0.15,1,13.254,0,13.254,0,83.248,7.95,1.383,95.735,0.15,1,0,0,0,0,0,0,0,0,1.348,0,5.37,4.861,11.622
GMB2024,GMB,GMB,"Gambia, The",2024,0.15,5.575,1.324,0,5.575,0,1,7.124,3.971,0,7.124,0,1,12.193,7.942,0.249,14.022,0.15,1,11.016,1.489,0,11.016,0,1,12.339,2.885,0,12.339,0,1,20.281,10.802,0.414,23.323,0.15,1,0.724,0.132,0.301,1.179,0.15,1,0.75,0.132,0.273,1.177,0.15,1,0.513,0.132,0.01,0.59,0.15,1,0.591,0.132,0.353,1.086,0.15,1,0,0,0,0,1,0,0,0,0.15,1,13.646,0,13.646,0,82.588,7.95,1.687,94.976,0.15,1,0,0,0,0,0,0,0,0,1.387,0,5.529,4.251,10.168
GEO2021,GEO,GEO,Georgia,2021,0.18,4.526,0.988,0,4.526,0,1,6.593,2.964,0,6.593,0,1,9.467,5.929,0,11.171,0.18,1,5.503,1.016,0.424,5.927,0,1,6.643,1.966,-0.716,5.927,0,1,13.483,7.955,-9.92,4.204,0,0,0.619,0.114,0.154,0.913,0.18,1,0.599,0.114,0.143,0.876,0.18,1,0.439,0.114,-0.024,0.489,0.18,1,0.505,0.114,0,0.596,0.18,1,0,0,0.085,0,1,0,0,0.076,0.18,1,11.787,0,11.787,0,78.125,7.95,0,92.188,0.18,1,0,0,0,0,0,0.003,0,0.271,1.198,0.006,4.776,4.41,7.061
GEO2022,GEO,GEO,Georgia,2022,0.18,5.382,1.032,0,5.382,0,1,7.605,3.096,0,7.605,0,1,10.542,6.193,0.14,12.44,0.18,1,5.916,1.092,2.316,8.233,0,1,7.149,2.116,1.084,8.233,0,1,14.541,8.579,-10.428,4.853,0,0,0.861,0.123,0.196,1.247,0.18,1,0.986,0.123,0.184,1.38,0.18,1,0.598,0.123,-0.024,0.677,0.18,1,0.612,0.123,0.008,0.723,0.18,1,0,0,0.098,0,1,0,0,0.089,0.18,1,12.729,0,12.729,0,97.9,7.95,1.304,115.522,0.18,1,0,0,0,0,0,0.005,0,0.328,1.294,0.004,5.158,5.842,24.927
GEO2023,GEO,GEO,Georgia,2023,0.18,3.875,1.082,0,3.875,0,1,6.423,3.245,0,6.423,0,1,9.284,6.49,0.185,10.955,0.18,1,5.127,0.946,3.869,8.996,0,1,6.409,1.897,2.587,8.996,0,1,14.103,8.321,-9.542,5.381,0,0,0.76,0.129,0.192,1.124,0.18,1,0.811,0.129,0.263,1.268,0.18,1,0.535,0.129,0.047,0.687,0.18,1,0.579,0.129,0.012,0.684,0.18,1,0,0,0.1,0,1,0,0,0.093,0.18,1,13.254,0,13.254,0,83.248,7.95,1.659,98.233,0.18,1,0,0,0,0,0,0.005,0,0.317,1.348,0.005,5.37,3.466,15.127
GEO2024,GEO,GEO,Georgia,2024,0.18,3.62,1.114,0,3.62,0,1,5.933,3.341,0,5.933,0,1,9.188,6.682,0.225,10.842,0.18,1,4.952,0.914,3.71,8.662,0,1,6.272,1.856,2.39,8.662,0,1,14.193,8.374,-9.763,5.227,0,0,0.724,0.132,0.28,1.185,0.18,1,0.75,0.132,0.254,1.185,0.18,1,0.513,0.132,0.038,0.65,0.18,1,0.591,0.132,0.014,0.698,0.18,1,0,0,0.042,0,1,0,0,0.076,0.18,1,13.646,0,13.646,0,82.588,7.95,2.025,97.454,0.18,1,0,0,0,0,0,0.004,0,0.317,1.387,0.005,5.529,3.027,12.788
DEU2021,DEU,DEU,Germany,2021,0.19,5.04,1.103,2.041,7.08,0,1,4.959,2.248,2.121,7.08,0,1,7.593,5.178,0.39,9.5,0.19,1,13.481,1.489,-0.846,12.635,0,1,13.437,2.644,-0.803,12.635,0,1,19.686,9.662,-1.203,21.995,0.19,1,0.619,0.114,0.954,1.872,0.19,1,0.599,0.114,0.781,1.643,0.19,1,0.439,0.114,0.293,0.871,0.19,1,0.505,0.114,0.203,0.842,0.19,1,0,0.07,0.155,0,1,0,0.133,0.38,0.19,0.833,11.787,0,11.787,0,78.125,7.95,49.943,152.401,0.19,1,0,0,0,0.543,0,0.083,0.06,0,1.198,0,5.593,3.587,9.709
DEU2022,DEU,DEU,Germany,2022,0.19,11.6,1.801,8.446,20.046,0,1,11.442,4.725,8.603,20.046,0,1,12.4,5.676,0.553,15.2,0.19,1,40.745,4.274,-19.147,21.599,0,1,40.793,7.562,-19.195,21.599,0,1,47.591,22.726,-26.114,25.557,0.19,1,0.861,0.123,0.841,2.025,0.19,1,0.986,0.123,0.743,2.058,0.19,1,0.598,0.123,0.313,1.084,0.19,1,0.612,0.123,0.567,1.404,0.19,1,0,0.03,0.195,0,1,0,0.071,0.349,0.19,0.833,12.729,0,12.729,0,97.9,7.95,128.724,269.683,0.19,1,0,0,0,0.586,0,0.083,0.064,0,1.294,0,6.04,11.494,36.882
DEU2023,DEU,DEU,Germany,2023,0.19,7.951,1.811,9.787,17.738,0,1,7.777,3.857,9.961,17.738,0,1,10.66,5.816,0.589,13.111,0.19,1,18.171,2.035,10.693,28.864,0,1,18.27,3.639,10.595,28.864,0,1,25.373,12.569,4.593,35.659,0.19,1,0.76,0.129,0.921,2,0.19,1,0.811,0.129,0.758,1.868,0.19,1,0.535,0.129,0.401,1.113,0.19,1,0.579,0.129,0.363,1.122,0.19,1,0,0.022,0.199,0,1,0,0.054,0.44,0.19,0.833,13.254,0,13.254,0,83.248,7.95,116.06,237.176,0.19,1,0,0,0,0.61,0,0.08,0.064,0,1.348,0,6.289,8.233,14.257
DEU2024,DEU,DEU,Germany,2024,0.19,7.042,1.784,6.414,13.456,0,1,6.908,3.763,6.548,13.456,0,1,10.253,5.987,5.647,18.444,0.19,1,17.078,2.156,7.499,24.576,0,1,17.078,3.741,7.499,24.576,0,1,25.797,13.121,4.974,36.618,0.19,1,0.724,0.132,0.905,1.939,0.19,1,0.75,0.132,0.748,1.783,0.19,1,0.513,0.132,0.393,1.078,0.19,1,0.591,0.132,0.293,1.053,0.19,1,0,0.022,0.184,0,1,0,0.056,0.427,0.19,0.833,13.646,0,13.646,0,82.588,7.95,96.38,212.972,0.19,1,0,0,0,0.628,0,0.074,0.065,0,1.387,0,6.475,7.055,10.98
GHA2021,GHA,GHA,Ghana,2021,0.181,5.897,1.143,0.238,6.134,0,1,7.964,3.43,0.227,8.191,0,1,11.613,6.86,0.238,14,0.181,1,5.197,0.493,1.656,6.853,0,1,5.853,0.997,1.656,7.509,0,1,9.79,4.257,-0.968,10.421,0.181,1,0.619,0.114,0.278,1.059,0.181,1,0.599,0.114,0.296,1.058,0.181,1,0.439,0.114,0.186,0.739,0.181,1,0.505,0.114,0.238,0.877,0.181,1,0,-0.036,0.225,0,1,0,-0.036,0.117,0,1,11.787,0,11.787,0,78.125,7.95,-48.001,35.586,0,1,0,0,0,0,0,0,0,0,1.198,0.852,2.702,4.753,15.162
GHA2022,GHA,GHA,Ghana,2022,0.185,11.72,1.235,0.566,12.286,0,1,9.783,3.704,0.328,10.111,0,1,17.893,7.408,0.819,21.874,0.185,1,7.724,0.732,1.405,9.129,0,1,8.431,1.436,1.405,9.835,0,1,12.67,5.509,-0.778,13.902,0.185,1,0.861,0.123,0.312,1.39,0.185,1,0.986,0.123,0.365,1.601,0.185,1,0.598,0.123,0.101,0.828,0.185,1,0.612,0.123,0.59,1.425,0.185,1,0,-0.036,0.106,0,1,0,-0.036,0.098,0,1,12.729,0,12.729,0,97.9,7.95,-34.232,75.446,0,1,0,0,0,0,0,0,0,0,1.294,0.855,2.918,10.485,31.326
GHA2023,GHA,GHA,Ghana,2023,0.185,6.147,1.286,0.273,6.42,0,1,7.886,3.857,0.227,8.113,0,1,12.575,7.714,0.536,15.225,0.185,1,3.79,0.359,0.912,4.702,0,1,4.542,0.774,0.912,5.454,0,1,9.055,3.937,-0.935,9.428,0.185,1,0.76,0.129,0.271,1.222,0.185,1,0.811,0.129,0.281,1.295,0.185,1,0.535,0.129,0.082,0.731,0.185,1,0.579,0.129,0.408,1.17,0.185,1,0,-0.036,0.13,0,1,0,-0.036,0.138,0,1,13.254,0,13.254,0,83.248,7.95,12.887,113.92,0,1,0,0,0,0,0,0,0,0,1.348,0.83,3.038,4.861,11.622
GHA2024,GHA,GHA,Ghana,2024,0.185,5.575,1.324,0.213,5.787,0,1,7.124,3.971,0.158,7.281,0,1,12.193,7.942,0.525,14.7,0.185,1,3.902,0.37,0.924,4.826,0,1,4.676,0.797,0.924,5.6,0,1,9.322,4.053,-1.002,9.616,0.185,1,0.724,0.132,0.406,1.34,0.185,1,0.75,0.132,0.368,1.325,0.185,1,0.513,0.132,0.09,0.715,0.185,1,0.591,0.132,0.313,1.072,0.185,1,0,-0.037,0.14,0,1,0,-0.037,0.16,0,1,13.646,0,13.646,0,82.588,7.95,-0.579,97.18,0,1,0,0,0,0,0,0,0,0,1.387,0.83,3.128,4.251,10.168
GIB2021,GIB,GIB,Gibraltar,2021,0,5.553,1.143,0,5.553,0,1,7.964,3.43,0,7.964,0,1,11.27,6.86,0,11.27,0,1,16.305,2.204,0,16.305,0,1,17.449,4.08,0,17.449,0,1,24.309,12.947,0,24.309,0,1,0.619,0.114,0,0.619,0,1,0.599,0.114,0,0.599,0,1,0.439,0.114,0,0.439,0,1,0.505,0.114,0,0.505,0,1,0,0,0,0,1,0,0,0,0,1,11.787,0,11.787,0,78.125,7.95,0,78.125,0,1,0,0,0,0,0,0,0,0,1.198,0,4.776,4.41,15.162
GIB2022,GIB,GIB,Gibraltar,2022,0,7.077,1.235,0,7.077,0,1,9.783,3.704,0,9.783,0,1,13.25,7.408,0,13.25,0,1,32.56,4.401,0,32.56,0,1,33.795,7.902,0,33.795,0,1,41.203,21.945,0,41.203,0,1,0.861,0.123,0,0.861,0,1,0.986,0.123,0,0.986,0,1,0.598,0.123,0,0.598,0,1,0.612,0.123,0,0.612,0,1,0,0,0,0,1,0,0,0,0,1,12.729,0,12.729,0,97.9,7.95,0,97.9,0,1,0,0,0,0,0,0,0,0,1.294,0,5.158,5.842,31.326
GIB2023,GIB,GIB,Gibraltar,2023,0,4.752,1.286,0,4.752,0,1,7.886,3.857,0,7.886,0,1,11.18,7.714,0,11.18,0,1,12.908,1.745,0,12.908,0,1,14.194,3.319,0,14.194,0,1,21.908,11.668,0,21.908,0,1,0.76,0.129,0,0.76,0,1,0.811,0.129,0,0.811,0,1,0.535,0.129,0,0.535,0,1,0.579,0.129,0,0.579,0,1,0,0,0,0,1,0,0,0,0,1,13.254,0,13.254,0,83.248,7.95,0,83.248,0,1,0,0,0,0,0,0,0,0,1.348,0,5.37,3.466,11.622
GIB2024,GIB,GIB,Gibraltar,2024,0,4.351,1.324,0,4.351,0,1,7.124,3.971,0,7.124,0,1,10.969,7.942,0,10.969,0,1,11.492,1.553,0,11.492,0,1,12.815,2.997,0,12.815,0,1,20.757,11.055,0,20.757,0,1,0.724,0.132,0,0.724,0,1,0.75,0.132,0,0.75,0,1,0.513,0.132,0,0.513,0,1,0.591,0.132,0,0.591,0,1,0,0,0,0,1,0,0,0,0,1,13.646,0,13.646,0,82.588,7.95,0,82.588,0,1,0,0,0,0,0,0,0,0,1.387,0,5.529,3.027,10.168
GRC2021,GRC,GRC,Greece,2021,0.24,2.042,0.627,1.596,3.639,0,1,3.398,1.88,1.501,4.899,0,1,5.175,3.759,0.355,6.857,0.24,1,16.757,1.851,-3.528,13.229,0,1,16.714,3.289,-3.484,13.229,0,1,22.638,11.111,-3.253,24.037,0.24,1,0.619,0.114,0.951,1.947,0.24,1,0.599,0.114,0.71,1.624,0.24,1,0.439,0.114,0.391,1.029,0.24,1,0.505,0.114,0.455,1.19,0.24,1,0,0.011,0.135,0,1,0,0.033,0.216,0.24,1,11.787,0,11.787,0,78.125,7.95,81.516,197.955,0.24,1,0,0,0,0,0,0,0,0.904,1.198,0,4.776,3.464,13.013
GRC2022,GRC,GRC,Greece,2022,0.24,2.192,0.638,8.765,10.957,0,1,3.369,1.914,8.196,11.565,0,1,5.383,3.829,0.441,7.096,0.24,1,35.158,3.688,-0.449,34.71,0,1,35.206,6.527,-0.497,34.71,0,1,41.679,19.903,-13.136,35.393,0.24,1,0.861,0.123,0.881,2.16,0.24,1,0.986,0.123,0.601,1.968,0.24,1,0.598,0.123,0.285,1.095,0.24,1,0.612,0.123,0.571,1.467,0.24,1,0,-0.097,0.201,0,1,0,-0.17,0.239,0.24,1,12.729,0,12.729,0,97.9,7.95,131.101,283.961,0.24,1,0,0,0,0,0,0,0,0.966,1.294,0,5.158,9.04,31.323
GRC2023,GRC,GRC,Greece,2023,0.24,2.14,0.659,10.158,12.297,0,1,3.393,1.978,9.504,12.898,0,1,5.436,3.955,0.477,7.142,0.24,1,16.156,1.81,8.715,24.871,0,1,16.255,3.237,8.616,24.871,0,1,23.033,11.41,2.557,31.731,0.24,1,0.76,0.129,0.898,2.057,0.24,1,0.811,0.129,0.67,1.837,0.24,1,0.535,0.129,0.253,0.977,0.24,1,0.579,0.129,0.535,1.382,0.24,1,0,0.01,0.165,0,1,0,0.032,0.251,0.24,1,13.254,0,13.254,0,83.248,7.95,130.771,265.383,0.24,1,0,0,0,0,0,0,0,0.975,1.348,0,5.37,6.569,12.27
GRC2024,GRC,GRC,Greece,2024,0.24,2.153,0.679,6.657,8.81,0,1,3.468,2.036,6.24,9.708,0,1,5.546,4.072,0.526,7.291,0.24,1,12.457,1.573,4.821,17.278,0,1,12.457,2.729,4.821,17.278,0,1,19.921,10.132,0.553,25.388,0.24,1,0.724,0.132,0.895,2.008,0.24,1,0.75,0.132,0.671,1.762,0.24,1,0.513,0.132,0.258,0.956,0.24,1,0.591,0.132,0.475,1.322,0.24,1,0,0.011,0.152,0,1,0,0.025,0.245,0.24,1,13.646,0,13.646,0,82.588,7.95,119.18,250.192,0.24,1,0,0,0,0,0,0,0,0.975,1.387,0,5.529,4.797,9.568
GRL2021,GRL,GRL,Greenland,2021,0,5.553,1.143,0,5.553,0,1,7.964,3.43,0,7.964,0,1,11.27,6.86,0,11.27,0,1,16.305,2.204,0,16.305,0,1,17.449,4.08,0,17.449,0,1,24.309,12.947,0,24.309,0,1,0.619,0.114,0.118,0.737,0,1,0.599,0.114,0.127,0.726,0,0,0.439,0.114,0,0.439,0,1,0.505,0.114,0.242,0.747,0,1,0,0,0,0,1,0,0,0,0,1,11.787,0,11.787,0,78.125,7.95,40.653,118.778,0,1,0,0,0,0,0,0,0,0,1.198,0,4.776,4.41,15.162
GRL2022,GRL,GRL,Greenland,2022,0,7.077,1.235,0,7.077,0,1,9.783,3.704,0,9.783,0,1,13.25,7.408,0,13.25,0,1,32.56,4.401,0,32.56,0,1,33.795,7.902,0,33.795,0,1,41.203,21.945,0,41.203,0,1,0.861,0.123,-0.23,0.631,0,1,0.986,0.123,-0.361,0.625,0,0,0.598,0.123,0,0.598,0,1,0.612,0.123,0.031,0.643,0,1,0,0,0,0,1,0,0,0,0,1,12.729,0,12.729,0,97.9,7.95,4.338,102.238,0,1,0,0,0,0,0,0,0,0,1.294,0,5.158,5.842,31.326
GRL2023,GRL,GRL,Greenland,2023,0,4.752,1.286,0,4.752,0,1,7.886,3.857,0,7.886,0,1,11.18,7.714,0,11.18,0,1,12.908,1.745,0,12.908,0,1,14.194,3.319,0,14.194,0,1,21.908,11.668,0,21.908,0,1,0.76,0.129,-0.111,0.649,0,1,0.811,0.129,-0.17,0.642,0,0,0.535,0.129,0,0.535,0,1,0.579,0.129,0.081,0.66,0,1,0,0,0,0,1,0,0,0,0,1,13.254,0,13.254,0,83.248,7.95,21.757,105.005,0,1,0,0,0,0,0,0,0,0,1.348,0,5.37,3.466,11.622
GRL2024,GRL,GRL,Greenland,2024,0,4.351,1.324,0,4.351,0,1,7.124,3.971,0,7.124,0,1,10.969,7.942,0,10.969,0,1,11.492,1.553,0,11.492,0,1,12.815,2.997,0,12.815,0,1,20.757,11.055,0,20.757,0,1,0.724,0.132,-0.06,0.664,0,1,0.75,0.132,-0.093,0.658,0,0,0.513,0.132,0,0.513,0,1,0.591,0.132,0.087,0.679,0,1,0,0,0,0,1,0,0,0,0,1,13.646,0,13.646,0,82.588,7.95,24.901,107.489,0,1,0,0,0,0,0,0,0,0,1.387,0,5.529,3.027,10.168
GRD2021,GRD,GRD,Grenada,2021,0.15,5.897,1.143,0,5.897,0,1,7.964,3.43,0,7.964,0,1,11.613,6.86,0,13.355,0.15,1,17.127,2.304,0,17.127,0,1,18.27,4.278,0,18.27,0,1,25.13,13.503,0,28.899,0.15,1,1.224,0.224,0.048,1.272,0,1,1.099,0.212,0.062,1.161,0,1,0.458,0.114,0.266,0.832,0.15,1,0.491,0.114,0.237,0.838,0.15,1,0,0,0.263,0,1,0,0,0.294,0.15,1,11.787,0,11.787,0,78.125,7.95,34.476,129.492,0.15,1,0,0,0,0,0,0,0,0,1.198,0,4.776,4.753,15.983
GRD2022,GRD,GRD,Grenada,2022,0.15,11.72,1.235,0,11.72,0,1,9.783,3.704,0,9.783,0,1,17.893,7.408,0.199,20.577,0.15,1,30.728,4.133,0,30.728,0,1,31.963,7.485,0,31.963,0,1,39.371,21.155,0.437,45.277,0.15,1,1.085,0.155,0.067,1.152,0,1,1.101,0.143,0.101,1.202,0,1,0.62,0.123,0.103,0.832,0.15,1,0.608,0.123,0.558,1.341,0.15,1,0,0,0.376,0,1,0,0,0.408,0.075,1,12.729,0,12.729,0,97.9,7.95,35.467,153.372,0.15,1,0,0,0,0,0,0,0,0,1.294,0,5.158,10.485,29.494
GRD2023,GRD,GRD,Grenada,2023,0.15,6.147,1.286,0,6.147,0,1,7.886,3.857,0,7.886,0,1,12.575,7.714,0.209,14.461,0.15,1,12.478,1.678,0,12.478,0,1,13.763,3.223,0,13.763,0,1,21.477,11.54,0.357,24.699,0.15,1,0.939,0.158,0.338,1.277,0,1,0.919,0.157,0.346,1.265,0,1,0.554,0.129,0.169,0.832,0.15,1,0.557,0.129,0.471,1.182,0.15,1,0,0,0.349,0,1,0,0,0.38,0.075,1,13.254,0,13.254,0,83.248,7.95,28.379,128.371,0.15,1,0,0,0,0,0,0,0,0,1.348,0,5.37,4.861,11.192
GRD2024,GRD,GRD,Grenada,2024,0.15,5.575,1.324,0,5.575,0,1,7.124,3.971,0,7.124,0,1,12.193,7.942,0.249,14.022,0.15,1,11.447,1.54,0,11.447,0,1,12.771,2.991,0,12.771,0,1,20.712,11.129,0.423,23.819,0.15,1,0.922,0.168,0.335,1.257,0,1,0.863,0.158,0.35,1.214,0,1,0.534,0.132,0.19,0.832,0.15,1,0.568,0.132,0.364,1.072,0.15,1,0,0,0.33,0,1,0,0,0.361,0.075,1,13.646,0,13.646,0,82.588,7.95,31.916,129.043,0.15,1,0,0,0,0,0,0,0,0,1.387,0,5.529,4.251,10.123
GUM2021,GUM,GUM,Guam,2021,0.04,4.747,1.143,0,4.747,0,1,7.964,3.43,0,7.964,0,1,10.464,6.86,0,10.883,0.04,1,10.551,1.302,0,10.551,0,1,11.694,2.549,0,11.694,0,1,18.554,9.627,0,19.296,0.04,1,0.621,0.114,0,0.645,0.04,1,0.593,0.114,0,0.617,0.04,1,0.44,0.114,0,0.457,0.04,1,0.56,0.114,0,0.583,0.04,1,0,0,0,0,1,0,0,0,0.04,1,11.787,0,11.787,0,81.695,7.95,0,84.963,0.04,1,0,0,0,0,0,0,0,0,1.198,0,4.776,3.604,9.408
GUM2022,GUM,GUM,Guam,2022,0.04,8.788,1.235,0,8.788,0,1,9.783,3.704,0,9.783,0,1,14.962,7.408,0.044,15.56,0.04,1,17.332,2.139,0,17.332,0,1,18.566,4.048,0,18.566,0,1,25.974,13.478,0.077,27.013,0.04,1,0.847,0.123,0.003,0.881,0.04,1,0.947,0.123,0.003,0.985,0.04,1,0.589,0.123,0.002,0.612,0.04,1,0.689,0.123,0.002,0.716,0.04,1,0,0,0,0,1,0,0,0,0.04,1,12.729,0,12.729,0,102.477,7.95,0.303,106.576,0.04,1,0,0,0,0,0,0,0,0,1.294,0,5.158,7.554,16.097
GUM2023,GUM,GUM,Guam,2023,0.04,5.77,1.286,0,5.77,0,1,7.886,3.857,0,7.886,0,1,12.198,7.714,0.054,12.686,0.04,1,13.814,1.705,0,13.814,0,1,15.1,3.292,0,15.1,0,1,22.814,11.838,0.101,23.726,0.04,1,0.749,0.129,0.003,0.779,0.04,1,0.783,0.129,0.003,0.814,0.04,1,0.527,0.129,0.002,0.549,0.04,1,0.64,0.129,0.003,0.665,0.04,1,0,0,0,0,1,0,0,0,0.04,1,13.254,0,13.254,0,87.079,7.95,0.386,90.562,0.04,1,0,0,0,0,0,0,0,0,1.348,0,5.37,4.484,12.529
GUM2024,GUM,GUM,Guam,2024,0.04,4.833,1.324,0,4.833,0,1,7.124,3.971,0,7.124,0,1,11.451,7.942,0.062,11.909,0.04,1,12.219,1.508,0,12.219,0,1,13.543,2.952,0,13.543,0,1,21.484,11.148,0.117,22.344,0.04,1,0.72,0.132,0.004,0.749,0.04,1,0.734,0.132,0.004,0.763,0.04,1,0.51,0.132,0.003,0.531,0.04,1,0.652,0.132,0.004,0.678,0.04,1,0,0,0,0,1,0,0,0,0.04,1,13.646,0,13.646,0,86.385,7.95,0.471,89.841,0.04,1,0,0,0,0,0,0,0,0,1.387,0,5.529,3.509,10.896
GTM2021,GTM,GTM,Guatemala,2021,0.12,5.897,1.143,0.238,6.134,0,1,7.964,3.43,0,7.964,0,1,11.613,6.86,0,13.007,0.12,1,5.347,0.389,0,5.347,0,1,5.919,0.796,0,5.919,0,1,9.349,3.497,0,10.471,0.12,1,0.649,0.114,0.169,0.917,0.12,1,0.577,0.114,0.104,0.763,0.12,1,0.458,0.114,-0.059,0.447,0,0,0.491,0.114,0.415,1.015,0.12,1,0,0,0.132,0,1,0,0,0.223,0.12,0.833,11.787,0,11.787,0,78.125,7.95,6.6,94.892,0.12,1,0,0,0,0,0,0,0,0,1.198,1,4.776,4.753,15.983
GTM2022,GTM,GTM,Guatemala,2022,0.12,11.72,1.235,0.524,12.244,0,1,9.783,3.704,0,9.783,0,1,17.893,7.408,0.159,20.041,0.12,1,5.775,0.42,0,5.775,0,1,6.392,0.86,0,6.392,0,1,10.096,3.776,0.09,11.308,0.12,1,0.896,0.123,0.161,1.183,0.12,1,0.89,0.123,0.131,1.144,0.12,1,0.62,0.123,-0.207,0.463,0,0,0.608,0.123,0.529,1.273,0.12,1,0,0,0.141,0,1,0,0,0.133,0.12,0.833,12.729,0,12.729,0,97.9,7.95,6.598,116.007,0.12,1,0,0,0,0,0,0,0,0,1.294,1,5.158,10.485,29.494
GTM2023,GTM,GTM,Guatemala,2023,0.12,5.295,1.154,0.193,5.488,0,1,6.941,3.462,0,6.941,0,1,11.065,6.924,0.147,12.393,0.12,1,6.013,0.438,0,6.013,0,1,6.656,0.895,0,6.656,0,1,10.513,3.932,0.14,11.775,0.12,1,0.791,0.129,0.227,1.14,0.12,1,0.618,0.129,0.349,1.083,0.12,1,0.554,0.129,-0.139,0.465,0,0,0.557,0.129,0.571,1.264,0.12,1,0,0,0.127,0,1,0,0,0.115,0.12,0.833,13.254,0,13.254,0,83.248,7.95,9.126,102.103,0.12,1,0,0,0,0,0,0,0,0.205,1.348,1,5.37,4.861,11.192
GTM2024,GTM,GTM,Guatemala,2024,0.12,4.852,1.188,0.169,5.021,0,1,6.355,3.564,0,6.355,0,1,10.792,7.128,0.176,12.087,0.12,1,6.191,0.451,0,6.191,0,1,6.853,0.922,0,6.853,0,1,10.823,4.048,0.177,12.122,0.12,1,0.756,0.132,0.201,1.072,0.12,1,0.655,0.132,0.232,0.994,0.12,1,0.534,0.132,-0.164,0.413,0,0,0.568,0.132,0.557,1.26,0.12,1,0,0,0.156,0,1,0,0,0.209,0.12,0.833,13.646,0,13.646,0,82.588,7.95,9.972,101.999,0.12,1,0,0,0,0,0,0,0,0.205,1.387,1,5.529,4.251,10.123
GIN2021,GIN,GIN,Guinea,2021,0.18,5.897,1.143,0,5.897,0,1,7.964,3.43,0,7.964,0,1,11.613,6.86,0,13.704,0.18,1,13.209,1.785,0,13.209,0,1,14.352,3.356,0,14.352,0,1,21.212,11.298,0,25.03,0.18,1,0.619,0.114,0.358,1.153,0.18,1,0.599,0.114,0.315,1.079,0.18,1,0.439,0.114,0,0.518,0.18,1,0.505,0.114,0.418,1.089,0.18,1,0,0,0.185,0,1,0,0,0.039,0.18,1,11.787,0,11.787,0,78.125,7.95,0,92.188,0.18,1,0,0,0,0,0,0,0,0,1.198,0,4.776,4.753,15.162
GIN2022,GIN,GIN,Guinea,2022,0.18,11.72,1.235,0,11.72,0,1,9.783,3.704,0,9.783,0,1,17.893,7.408,0.238,21.114,0.18,1,25.267,3.415,0,25.267,0,1,26.501,6.197,0,26.501,0,1,33.91,18.06,0.452,40.013,0.18,1,0.861,0.123,0.374,1.438,0.18,1,0.986,0.123,0.248,1.438,0.18,1,0.598,0.123,0.008,0.705,0.18,1,0.612,0.123,0.41,1.191,0.18,1,0,0,0.207,0,1,0,0,0.044,0.18,1,12.729,0,12.729,0,97.9,7.95,1.304,115.522,0.18,1,0,0,0,0,0,0,0,0,1.294,0,5.158,10.485,31.326
GIN2023,GIN,GIN,Guinea,2023,0.18,6.147,1.286,0,6.147,0,1,7.886,3.857,0,7.886,0,1,12.575,7.714,0.251,14.839,0.18,1,10.86,1.468,0,10.86,0,1,12.146,2.84,0,12.146,0,1,19.86,10.577,0.396,23.434,0.18,1,0.76,0.129,0.416,1.361,0.18,1,0.811,0.129,0.333,1.324,0.18,1,0.535,0.129,0.011,0.631,0.18,1,0.579,0.129,0.482,1.227,0.18,1,0,0,0.212,0,1,0,0,0.045,0.18,1,13.254,0,13.254,0,83.248,7.95,1.659,98.233,0.18,1,0,0,0,0,0,0,0,0,1.348,0,5.37,4.861,11.622
GIN2024,GIN,GIN,Guinea,2024,0.18,5.575,1.324,0,5.575,0,1,7.124,3.971,0,7.124,0,1,12.193,7.942,0.299,14.388,0.18,1,9.858,1.332,0,9.858,0,1,11.182,2.615,0,11.182,0,1,19.123,10.185,0.469,22.566,0.18,1,0.724,0.132,0.441,1.342,0.18,1,0.75,0.132,0.374,1.294,0.18,1,0.513,0.132,0.013,0.605,0.18,1,0.591,0.132,0.505,1.263,0.18,1,0,0,0.218,0,1,0,0,0.046,0.18,1,13.646,0,13.646,0,82.588,7.95,2.025,97.454,0.18,1,0,0,0,0,0,0,0,0,1.387,0,5.529,4.251,10.168
GNB2021,GNB,GNB,Guinea-Bissau,2021,0.17,5.897,1.143,0,5.897,0,1,7.964,3.43,0,7.964,0,1,11.613,6.86,0,13.588,0.17,1,16.305,2.204,0,16.305,0,1,17.449,4.08,0,17.449,0,1,24.309,12.947,0,28.441,0.17,1,0.619,0.114,0.378,1.187,0.19,1,0.599,0.114,0.411,1.203,0.19,1,0.439,0.114,0,0.514,0.17,1,0.505,0.114,0.099,0.706,0.17,1,0,0,0.361,0,1,0,0,0.361,0.17,1,11.787,0,11.787,0,78.125,7.95,0,91.406,0.17,1,0,0,0,0,0,0,0,0,1.198,0,4.776,4.753,15.162
GNB2022,GNB,GNB,Guinea-Bissau,2022,0.17,11.72,1.235,0,11.72,0,1,9.783,3.704,0,9.783,0,1,17.893,7.408,0.225,20.935,0.17,1,32.56,4.401,0,32.56,0,1,33.795,7.902,0,33.795,0,1,41.203,21.945,0.518,48.208,0.17,1,0.861,0.123,0.239,1.291,0.19,1,0.986,0.123,0.146,1.329,0.19,1,0.598,0.123,0.008,0.699,0.17,1,0.612,0.123,0.106,0.83,0.17,1,0,0,0.389,0,1,0,0,0.389,0.17,1,12.729,0,12.729,0,97.9,7.95,1.232,114.543,0.17,1,0,0,0,0,0,0,0,0,1.294,0,5.158,10.485,31.326
GNB2023,GNB,GNB,Guinea-Bissau,2023,0.17,6.147,1.286,0,6.147,0,1,7.886,3.857,0,7.886,0,1,12.575,7.714,0.237,14.713,0.17,1,12.908,1.745,0,12.908,0,1,14.194,3.319,0,14.194,0,1,21.908,11.668,0.412,25.632,0.17,1,0.76,0.129,0.387,1.337,0.19,1,0.811,0.129,0.36,1.365,0.19,1,0.535,0.129,0.01,0.626,0.17,1,0.579,0.129,0.122,0.806,0.17,1,0,0,0.406,0,1,0,0,0.406,0.17,1,13.254,0,13.254,0,83.248,7.95,1.567,97.4,0.17,1,0,0,0,0,0,0,0,0,1.348,0,5.37,4.861,11.622
GNB2024,GNB,GNB,Guinea-Bissau,2024,0.17,5.575,1.324,0,5.575,0,1,7.124,3.971,0,7.124,0,1,12.193,7.942,0.282,14.266,0.17,1,11.492,1.553,0,11.492,0,1,12.815,2.997,0,12.815,0,1,20.757,11.055,0.481,24.286,0.17,1,0.724,0.132,0.46,1.374,0.19,1,0.75,0.132,0.455,1.397,0.19,1,0.513,0.132,0.012,0.6,0.17,1,0.591,0.132,0.13,0.824,0.17,1,0,0,0.418,0,1,0,0,0.418,0.17,1,13.646,0,13.646,0,82.588,7.95,1.912,96.628,0.17,1,0,0,0,0,0,0,0,0,1.387,0,5.529,4.251,10.168
GUY2021,GUY,GUY,Guyana,2021,0.16,5.897,1.143,0,5.897,0,1,7.964,3.43,0,7.964,0,1,11.613,6.86,0,13.471,0.16,1,14.024,1.883,0,14.024,0,1,15.167,3.546,0,15.167,0,1,22.027,11.827,0,25.551,0.16,1,0.64,0.117,0.121,0.883,0.16,1,0.44,0.085,0.283,0.838,0.16,1,0.458,0.114,0,0.531,0.16,1,0.491,0.114,0.003,0.573,0.16,1,0,0,0.257,0,0.833,0,0,0.309,0,1,11.787,0,11.787,0,78.125,7.95,40.179,137.232,0.16,1,0,0,0,0,0,0,0,0,1.198,0,3.568,4.753,15.983
GUY2022,GUY,GUY,Guyana,2022,0.16,11.72,1.235,0,11.72,0,1,9.783,3.704,0,9.783,0,1,17.893,7.408,0.212,20.756,0.16,1,24.111,3.237,0,24.111,0,1,25.339,5.925,0,25.339,0,1,32.709,17.562,0.387,37.942,0.16,1,0.686,0.098,0.231,1.064,0.16,1,0.453,0.059,0.537,1.148,0.16,1,0.62,0.123,0.007,0.72,0.16,1,0.608,0.123,0.284,1.035,0.16,1,0,0,0.277,0,0.833,0,0,0.333,0,1,12.729,0,12.729,0,97.9,7.95,43.175,161.731,0.16,1,0,0,0,0,0,0,0,0,1.294,0.011,3.854,10.485,29.494
GUY2023,GUY,GUY,Guyana,2023,0.16,6.147,1.286,0,6.147,0,1,7.886,3.857,0,7.886,0,1,12.575,7.714,0.223,14.587,0.16,1,10.683,1.434,0,10.683,0,1,11.969,2.799,0,11.969,0,1,19.683,10.568,0.349,22.832,0.16,1,0.726,0.122,0.126,0.989,0.16,1,0.947,0.162,0.087,1.2,0.16,1,0.554,0.129,0.01,0.643,0.16,1,0.557,0.129,0.414,1.127,0.16,1,0,0,0.288,0,0.833,0,0,0.347,0,1,13.254,0,13.254,0,83.248,7.95,48.102,149.714,0.16,1,0,0,0,0,0,0,0,0,1.348,0,4.013,4.861,11.192
GUY2024,GUY,GUY,Guyana,2024,0.16,5.575,1.324,0,5.575,0,1,7.124,3.971,0,7.124,0,1,12.193,7.942,0.266,14.144,0.16,1,11.344,1.523,0,11.344,0,1,12.667,2.962,0,12.667,0,1,20.609,11.066,0.449,23.907,0.16,1,0.827,0.15,0.025,0.989,0.16,1,1.04,0.191,-0.007,1.199,0.16,1,0.534,0.132,0.012,0.619,0.16,1,0.568,0.132,0.404,1.127,0.16,1,0,0,0.297,0,0.833,0,0,0.357,0,1,13.646,0,13.646,0,82.588,7.95,50.436,151.016,0.16,1,0,0,0,0,0,0,0,0,1.387,0,4.131,4.251,10.123
HTI2021,HTI,HTI,Haiti,2021,0,5.897,1.143,0,5.897,0,1,7.964,3.43,0,7.964,0,1,11.613,6.86,0,11.613,0,1,17.127,2.304,0,17.127,0,1,18.27,4.278,0,18.27,0,1,25.13,13.503,0,25.13,0,1,0.649,0.114,0.182,0.831,0,1,0.577,0.114,0.034,0.61,0,1,0.458,0.114,0,0.458,0,1,0.491,0.114,0.013,0.504,0,1,0,0,0.139,0,1,0,0,0.079,0,1,11.787,0,11.787,0,78.125,7.95,90.447,168.572,0,1,0,0,0,0,0,0,0,0,1.198,0,4.776,4.753,15.983
HTI2022,HTI,HTI,Haiti,2022,0,11.72,1.235,0,11.72,0,1,9.783,3.704,0,9.783,0,1,17.893,7.408,0,17.893,0,1,30.728,4.133,0,30.728,0,1,31.963,7.485,0,31.963,0,1,39.371,21.155,0,39.371,0,1,0.896,0.123,0.181,1.077,0,1,0.89,0.123,-0.094,0.796,0,1,0.62,0.123,0,0.62,0,1,0.608,0.123,-0.063,0.545,0,1,0,0,0.115,0,1,0,0,0.065,0,1,12.729,0,12.729,0,97.9,7.95,97.675,195.575,0,1,0,0,0,0,0,0,0,0,1.294,0,5.158,10.485,29.494
HTI2023,HTI,HTI,Haiti,2023,0,6.147,1.286,0,6.147,0,1,7.886,3.857,0,7.886,0,1,12.575,7.714,0,12.575,0,1,12.478,1.678,0,12.478,0,1,13.763,3.223,0,13.763,0,1,21.477,11.54,0,21.477,0,1,0.791,0.129,0.2,0.991,0,1,0.618,0.129,0.053,0.671,0,1,0.554,0.129,0,0.554,0,1,0.557,0.129,0.01,0.567,0,1,0,0,0.165,0,1,0,0,0.113,0,1,13.254,0,13.254,0,83.248,7.95,101.707,184.955,0,1,0,0,0,0,0,0,0,0,1.348,0,5.37,4.861,11.192
HTI2024,HTI,HTI,Haiti,2024,0,5.575,1.324,0,5.575,0,1,7.124,3.971,0,7.124,0,1,12.193,7.942,0,12.193,0,1,11.447,1.54,0,11.447,0,1,12.771,2.991,0,12.771,0,1,20.712,11.129,0,20.712,0,1,0.756,0.132,0.21,0.966,0,1,0.655,0.132,0.045,0.7,0,1,0.534,0.132,0,0.534,0,1,0.568,0.132,0.016,0.584,0,1,0,0,0.17,0,1,0,0,0.116,0,1,13.646,0,13.646,0,82.588,7.95,104.709,187.297,0,1,0,0,0,0,0,0,0,0,1.387,0,5.529,4.251,10.123
HND2021,HND,HND,Honduras,2021,0.15,5.897,1.143,0,5.897,0,1,7.964,3.43,0,7.964,0,1,11.613,6.86,0,13.355,0.15,1,4.284,0.576,0,4.284,0,1,5.427,1.271,0,5.427,0,1,12.287,6.602,0,14.13,0.15,1,0.649,0.114,0.361,1.01,0,1,0.577,0.114,0.308,0.885,0,1,0.458,0.114,0.046,0.505,0,0,0.491,0.114,0.178,0.669,0,1,0,0,0.139,0,0.5,0,0,0.164,0,0.5,11.787,0,11.787,0,78.125,7.95,0,89.844,0.15,1,0,0,0,0,0,0,0,0,1.198,0,4.776,4.753,15.983
HND2022,HND,HND,Honduras,2022,0.15,11.72,1.235,0,11.72,0,1,9.783,3.704,0,9.783,0,1,17.893,7.408,0.199,20.577,0.15,1,4.627,0.622,0,4.627,0,1,5.861,1.373,0,5.861,0,1,13.269,7.13,0.147,15.26,0.15,1,0.896,0.123,0.269,1.165,0,1,0.89,0.123,0.309,1.199,0,1,0.62,0.123,-0.109,0.512,0,0,0.608,0.123,0.471,1.079,0,1,0,0,0.136,0,0.5,0,0,0.161,0,0.5,12.729,0,12.729,0,97.9,7.95,1.087,112.585,0.15,1,0,0,0,0,0,0,0,0,1.294,0,5.158,10.485,29.494
HND2023,HND,HND,Honduras,2023,0.15,6.147,1.286,0,6.147,0,1,7.886,3.857,0,7.886,0,1,12.575,7.714,0.209,14.461,0.15,1,4.818,0.648,0,4.818,0,1,6.103,1.429,0,6.103,0,1,13.817,7.424,0.229,15.89,0.15,1,0.791,0.129,0.28,1.071,0,1,0.618,0.129,0.389,1.007,0,1,0.554,0.129,-0.08,0.474,0,0,0.557,0.129,0.381,0.939,0,1,0,0,0.194,0,0.5,0,0,0.184,0,0.5,13.254,0,13.254,0,83.248,7.95,1.383,95.735,0.15,1,0,0,0,0,0,0,0,0,1.348,0,5.37,4.861,11.192
HND2024,HND,HND,Honduras,2024,0.15,5.575,1.324,0,5.575,0,1,7.124,3.971,0,7.124,0,1,12.193,7.942,0.249,14.022,0.15,1,4.96,0.667,0,4.96,0,1,6.283,1.471,0,6.283,0,1,14.225,7.643,0.291,16.359,0.15,1,0.756,0.132,0.26,1.016,0,1,0.655,0.132,0.27,0.926,0,1,0.534,0.132,-0.055,0.479,0,0,0.568,0.132,0.282,0.85,0,1,0,0,0.177,0,0.5,0,0,0.21,0,0.5,13.646,0,13.646,0,82.588,7.95,1.687,94.976,0.15,1,0,0,0,0,0,0,0,0,1.387,0,5.529,4.251,10.123
HKG2021,HKG,HKG,Hong Kong SAR,2021,0,4.747,1.143,0,4.747,0,1,7.964,3.43,0,7.964,0,1,10.464,6.86,0,10.464,0,1,39.729,4.388,-2.984,36.745,0,1,39.686,7.809,-2.941,36.745,0,1,44.125,21.657,-6.361,37.763,0,1,0.621,0.114,1.889,2.51,0,1,0.593,0.114,1.54,2.133,0,1,0.44,0.114,1.705,2.145,0,1,0.56,0.114,0,0.56,0,1,0,0,0.15,0,0.833,0,0,0.152,0,1,11.787,0,11.787,0,81.695,7.95,0,81.695,0,1,0,0,0,0,0,0,0,0,1.198,0,4.776,3.604,9.127
HKG2022,HKG,HKG,Hong Kong SAR,2022,0,8.788,1.235,0,8.788,0,1,9.783,3.704,0,9.783,0,1,14.962,7.408,0,14.962,0,1,42.267,4.434,-2.985,39.283,0,1,42.315,7.844,-3.032,39.283,0,1,47.254,22.566,-7.404,39.85,0,1,0.847,0.123,2.052,2.899,0,1,0.947,0.123,1.685,2.632,0,1,0.589,0.123,1.74,2.329,0,1,0.689,0.123,0,0.689,0,1,0,0,0.164,0,0.833,0,0,0.17,0,1,12.729,0,12.729,0,102.477,7.95,0,102.477,0,1,0,0,0,0,0,0,0,0,1.294,0,5.158,7.554,11.574
HKG2023,HKG,HKG,Hong Kong SAR,2023,0,5.77,1.286,0,5.77,0,1,7.886,3.857,0,7.886,0,1,12.198,7.714,0,12.198,0,1,35.424,3.968,3.114,38.538,0,1,35.523,7.075,3.015,38.538,0,1,40.666,20.145,-1.125,39.54,0,1,0.749,0.129,2.268,3.016,0,1,0.783,0.129,1.983,2.765,0,1,0.527,0.129,1.888,2.416,0,1,0.64,0.129,0,0.64,0,1,0,0,0.184,0,0.833,0,0,0.198,0,1,13.254,0,13.254,0,87.079,7.95,0,87.079,0,1,0,0,0,0,0,0,0,0,1.348,0,4.68,4.484,4.68
HKG2024,HKG,HKG,Hong Kong SAR,2024,0,4.833,1.324,0,4.833,0,1,7.124,3.971,0,7.124,0,1,11.451,7.942,0,11.451,0,1,39.742,5.018,0,39.742,0,1,39.742,8.706,0,39.742,0,1,44.582,22.676,-3.843,40.739,0,1,0.72,0.132,2.506,3.226,0,1,0.734,0.132,2.349,3.083,0,1,0.51,0.132,1.973,2.483,0,1,0.652,0.132,0,0.652,0,1,0,0,0.17,0,0.833,0,0,0.179,0,1,13.646,0,13.646,0,86.385,7.95,0,86.385,0,1,0,0,0,0,0,0,0,0,1.387,0,4.07,3.509,4.07
HUN2021,HUN,HUN,Hungary,2021,0.27,4.784,0.932,1.023,5.807,0,1,7.131,2.796,1.06,8.192,0,1,5.602,3.472,0.036,7.16,0.27,1,17.959,1.984,-6.131,11.828,0,1,17.915,3.525,-6.087,11.828,0,1,20.226,9.927,-12.316,10.046,0,0,0.619,0.114,0.526,1.455,0.27,1,0.599,0.114,0.558,1.47,0.27,1,0.439,0.114,0.284,0.919,0.27,1,0.505,0.114,0.653,1.471,0.27,1,0,0.008,0.098,0,0.833,0,0,0.119,0.27,1,11.787,0,11.787,0,78.125,7.95,110.456,239.498,0.27,1,0,0,0,0,0,0,0,0.37,1.198,0,3.093,5.408,12.007
HUN2022,HUN,HUN,Hungary,2022,0.27,4.052,0.928,8.752,12.804,0,1,8.563,2.785,8.437,17,0,1,5.701,2.792,0.038,7.288,0.27,1,43.743,4.589,-7.658,36.085,0,1,43.791,8.118,-7.706,36.085,0,1,46.65,22.277,-39.278,9.363,0,0,0.861,0.123,0.251,1.412,0.27,1,0.986,0.123,0.265,1.589,0.27,1,0.598,0.123,0.194,1.006,0.27,1,0.612,0.123,0.613,1.556,0.27,1,0,-0.002,0.223,0,0.833,0,0,0.107,0.27,1,12.729,0,12.729,0,97.9,7.95,128.96,288.112,0.27,1,0,0,0,0,0,0,0,0.496,1.294,0,3.34,4.925,37.7
HUN2023,HUN,HUN,Hungary,2023,0.27,2.574,0.868,10.142,12.717,0,1,5.996,2.605,9.769,15.765,0,1,7.537,4.727,0.04,9.622,0.27,1,19.798,2.218,13.859,33.657,0,1,19.896,3.963,13.76,33.657,0,1,23.062,11.424,-15.123,10.082,0,0,0.76,0.129,0.589,1.713,0.27,1,0.811,0.129,0.569,1.754,0.27,1,0.535,0.129,0.208,0.943,0.27,1,0.579,0.129,0.8,1.752,0.27,1,0,0.009,0.262,0,0.833,0,0,0.124,0.27,1,13.254,0,13.254,0,83.248,7.95,172.959,325.383,0.27,1,0,0,0,0,0,0,0,0.649,1.348,0,3.478,2.37,13.704
HUN2024,HUN,HUN,Hungary,2024,0.27,2.445,0.894,9.936,12.382,0,1,6.327,2.682,6.436,12.763,0,1,3.262,2.16,4.042,9.277,0.27,1,17.328,2.188,4.862,22.19,0,1,17.328,3.796,4.862,22.19,0,1,17.328,8.813,-10.343,8.871,0,0,0.724,0.132,0.596,1.677,0.27,1,0.75,0.132,0.6,1.714,0.27,1,0.513,0.132,0.243,0.96,0.27,1,0.591,0.132,0.674,1.607,0.27,1,0,0.02,0.193,0,0.833,0,0,0.115,0.27,1,13.646,0,13.646,0,82.588,7.95,154.404,300.979,0.27,1,0,0,0,0,0,0,0,0.649,1.387,0,3.581,1.854,9.873
ISL2021,ISL,ISL,Iceland,2021,0.24,6.008,1.143,2.593,8.601,0,1,7.964,3.43,2.547,10.512,0,1,11.725,6.86,0,14.539,0.24,1,13.336,1.946,1.968,15.304,0,1,14.48,3.623,1.969,16.448,0,1,21.34,11.853,0.624,27.235,0.24,1,0.619,0.114,0.936,1.928,0.24,1,0.599,0.114,0.865,1.816,0.24,1,0.439,0.114,0.019,0.567,0.24,1,0.505,0.114,0.453,1.188,0.24,1,0,0.004,0.057,0,1,0,0.003,0.162,0.24,0.833,11.787,0,11.787,0,78.125,7.95,77.274,192.695,0.24,1,0,0,0,0,0,0,0,0,1.198,0,4.776,4.865,15.658
ISL2022,ISL,ISL,Iceland,2022,0.24,12.793,1.235,8.414,21.207,0,1,9.783,3.704,8.266,18.049,0,1,18.967,7.408,0.337,23.519,0.24,1,12.446,1.816,6.829,19.275,0,1,13.68,3.423,6.831,20.511,0,1,21.089,11.713,2.41,28.63,0.24,1,0.861,0.123,0.993,2.299,0.24,1,0.986,0.123,0.852,2.279,0.24,1,0.598,0.123,0.071,0.814,0.24,1,0.612,0.123,0.301,1.132,0.24,1,0,0.002,0.069,0,1,0,0.003,0.162,0.24,0.833,12.729,0,12.729,0,97.9,7.95,50.254,183.711,0.24,1,0,0,0,0,0,0,0,0,1.294,0,5.158,11.559,29.266
ISL2023,ISL,ISL,Iceland,2023,0.24,6.426,1.286,9.751,16.177,0,1,7.886,3.857,9.579,17.465,0,1,12.854,7.714,0.342,15.939,0.24,1,12.546,1.83,7.71,20.256,0,1,13.832,3.461,7.713,21.545,0,1,21.546,11.967,2.744,29.339,0.24,1,0.76,0.129,1.085,2.289,0.24,1,0.811,0.129,1.042,2.298,0.24,1,0.535,0.129,0.078,0.741,0.24,1,0.579,0.129,0.458,1.286,0.24,1,0,0.002,0.073,0,1,0,0.003,0.17,0.24,0.833,13.254,0,13.254,0,83.248,7.95,85.055,208.696,0.24,1,0,0,0,0,0,0,0,0,1.348,0,5.37,5.14,11.72
ISL2024,ISL,ISL,Iceland,2024,0.24,5.346,1.324,6.39,11.736,0,1,7.124,3.971,6.278,13.401,0,1,11.964,7.942,0.391,14.835,0.24,1,10.08,1.471,5.867,15.947,0,1,11.404,2.853,5.869,17.273,0,1,19.345,10.745,2.905,26.717,0.24,1,0.724,0.132,1.097,2.259,0.24,1,0.75,0.132,1.096,2.289,0.24,1,0.513,0.132,0.084,0.717,0.24,1,0.591,0.132,0.466,1.312,0.24,1,0,0.002,0.081,0,1,0,0.003,0.19,0.24,0.833,13.646,0,13.646,0,82.588,7.95,89.01,212.781,0.24,1,0,0,0,0,0,0,0,0,1.387,0,5.529,4.022,9.495
IND2021,IND,IND,India,2021,0.18,2.467,0.722,0.407,2.873,0,1,3.936,2.166,0.352,4.288,0,1,6.077,4.332,0.401,7.643,0.18,1,11.183,0.993,-8.353,2.83,0,0,12.04,1.945,-9.21,2.83,0,0,17.18,7.291,-14.197,2.983,0,0,0.51,0.093,0.619,1.332,0.18,1,0.506,0.098,0.516,1.206,0.18,1,0.452,0.117,0.18,0.745,0.18,1,0.212,0.047,0.157,0.436,0.18,1,0,-0.01,0.09,0,1,0,-0.01,0.049,0,0.833,11.787,0,11.787,0,40.451,-33.294,32.351,85.906,0.18,1,0,0,0,0.009,0,0,0,0.737,1.108,0.501,4.438,3.529,16.25
IND2022,IND,IND,India,2022,0.18,3.116,0.782,0.443,3.559,0,1,4.748,2.346,0.396,5.143,0,1,7.025,4.691,0.537,8.806,0.18,1,15.918,1.414,-10.308,5.61,0,0,16.816,2.716,-11.206,5.61,0,0,22.199,9.422,-16.282,5.918,0,0,0.644,0.092,0.489,1.336,0.18,1,0.574,0.075,0.436,1.192,0.18,1,0.5,0.103,0.224,0.855,0.18,1,0.375,0.073,0.223,0.706,0.18,1,0,-0.013,0.13,0,1,0,-0.013,0.067,0,0.833,12.729,0,12.729,0,81.131,-13.396,48.289,152.715,0.18,1,0,0,0,0.01,0,0,0,0.733,1.197,0.547,4.792,5.463,27.353
IND2023,IND,IND,India,2023,0.18,2.673,0.809,0.375,3.048,0,1,4.372,2.427,0.332,4.704,0,1,6.718,4.854,0.511,8.364,0.18,1,9.414,0.836,-1.504,7.91,0,0,10.369,1.675,-2.459,7.91,0,0,16.1,6.833,-7.75,8.35,0,0,0.613,0.103,0.456,1.261,0.18,1,0.562,0.096,0.397,1.132,0.18,1,0.419,0.101,0.19,0.719,0.18,1,0.331,0.072,0.201,0.628,0.18,1,0,-0.02,0.12,0,1,0,-0.02,0.084,0,0.833,13.254,0,13.254,0,71.121,-8.008,41.536,132.935,0.18,1,0,0,0,0.011,0,0,0,0.742,1.246,0.514,4.99,3.638,12.13
IND2024,IND,IND,India,2024,0.18,2.629,0.833,0.374,3.003,0,1,4.396,2.498,0.331,4.727,0,1,6.793,4.997,0.544,8.451,0.18,1,8.809,0.782,-1.189,7.62,0,0,9.792,1.582,-2.172,7.62,0,0,15.692,6.66,-7.654,8.038,0,0,0.598,0.109,0.433,1.216,0.18,1,0.539,0.099,0.385,1.091,0.18,1,0.408,0.105,0.183,0.697,0.18,1,0.287,0.063,0.193,0.567,0.18,1,0,-0.021,0.11,0,1,0,-0.021,0.084,0,0.833,13.646,0,13.646,0,61.32,-17.116,38.337,117.594,0.18,1,0,0,0,0.011,0,0,0,0.742,1.283,0.514,5.137,3.269,10.67
IDN2021,IDN,IDN,Indonesia,2021,0.1,2.859,0.626,-0.4,2.459,0,1,2.814,1.275,-0.209,2.604,0,1,2.584,1.601,0.032,2.877,0.1,1,4.121,0.455,1.561,5.683,0,1,4.693,0.918,0.989,5.683,0,1,8.123,3.855,2.387,11.561,0.1,1,0.621,0.114,-0.178,0.495,0,0,0.593,0.114,-0.225,0.405,0,0,0.44,0.114,-0.293,0.161,0,0,0.56,0.114,-0.398,0.179,0,0,0,-0.005,0.076,0,0.667,0,-0.005,0.072,0,0.667,11.787,0,11.787,0,81.695,7.95,-56.426,27.797,0,0,0,0,0,5.263,0,0.302,0.22,0,1.137,1,3.55,4.633,14.129
IDN2022,IDN,IDN,Indonesia,2022,0.11,2.78,0.432,-0.181,2.598,0,1,2.967,1.225,-0.105,2.863,0,1,2.909,1.425,0.059,3.241,0.1,1,4.451,0.491,0.855,5.306,0,1,5.068,0.992,1.068,6.137,0,1,8.772,4.163,2.662,12.485,0.1,1,0.847,0.123,-0.189,0.737,0,0,0.947,0.123,-0.42,0.579,0,0,0.589,0.123,-0.447,0.155,0,0,0.689,0.123,-0.542,0.161,0,0,0,-0.023,0.073,0,0.667,0,-0.023,0.076,0,0.667,12.729,0,12.729,0,102.477,7.95,-78.348,26.783,0,0,0,0,0,5.683,0,0.322,0.226,0,1.227,1,3.834,7.75,28.059
IDN2023,IDN,IDN,Indonesia,2023,0.11,2.765,0.63,0.086,2.85,0,1,2.926,1.451,0,2.926,0,1,2.96,1.856,0.061,3.287,0.1,1,4.635,0.512,0.191,4.826,0,1,5.277,1.033,1.113,6.39,0,1,9.134,4.335,2.815,13.001,0.1,1,0.749,0.129,-0.128,0.696,0,0,0.783,0.129,-0.294,0.538,0,0,0.527,0.129,-0.39,0.151,0,0,0.64,0.129,-0.468,0.189,0,0,0,-0.002,0.071,0,0.667,0,-0.002,0.076,0,0.667,13.254,0,13.254,0,87.079,7.95,-63.524,26.146,0,0,0,0,0,5.918,0,0.337,0.232,0,1.278,1,3.992,5.207,9.261
IDN2024,IDN,IDN,Indonesia,2024,0.11,2.672,0.677,0.08,2.752,0,1,2.98,1.623,0,2.98,0,1,2.971,1.967,0.059,3.288,0.1,1,4.771,0.527,0.197,4.968,0,1,5.433,1.063,1.145,6.579,0,1,9.404,4.463,2.929,13.384,0.1,1,0.72,0.132,-0.15,0.639,0,0,0.734,0.132,-0.209,0.577,0,0,0.51,0.132,-0.356,0.155,0,0,0.652,0.132,-0.458,0.194,0,0,0,-0.002,0.067,0,0.667,0,-0.002,0.073,0,0.667,13.646,0,13.646,0,86.385,7.95,-59.592,26.794,0,0,0,0,0,6.093,0,0.363,0.229,0,1.316,1,4.11,3.682,7.598
IRN2021,IRN,IRN,Iran,2021,0.09,3.05,0.843,0.077,3.127,0,1,4.662,2.528,0.084,4.746,0,1,7.262,5.055,0.077,8,0.09,1,2.987,0.455,-1.246,1.741,0,0,3.56,0.922,-2.36,1.2,0,0,6.997,3.924,-2.583,4.414,0,0,0.469,0.114,-0.249,0.24,0,0,0.449,0.114,-0.391,0.064,0,0,0.342,0.114,0,0.373,0.09,1,0.426,0.114,0,0.465,0.09,1,0,-0.073,0.018,0,1,0,-0.073,0.032,0,0.833,11.787,0,11.787,0,59.572,7.95,0,64.933,0.09,1,0,0,0,0,0,0,0,0.526,1.198,0.998,2.399,3.327,9.891
IRN2022,IRN,IRN,Iran,2022,0.09,4.998,0.903,0.18,5.178,0,1,5.375,2.71,0.118,5.494,0,1,9.514,5.42,0.244,10.567,0.09,1,3.21,0.489,-1.345,1.865,0,0,3.828,0.992,-2.549,1.28,0,0,7.54,4.228,-2.789,4.751,0,0,0.63,0.123,-0.42,0.229,0,0,0.7,0.123,-0.642,0.062,0,0,0.449,0.123,0.003,0.489,0.09,1,0.519,0.123,0.003,0.566,0.09,1,0,-0.073,0.017,0,1,0,-0.073,0.031,0,0.833,12.729,0,12.729,0,74.119,7.95,0.494,80.789,0.09,1,0,0,0,0,0,0,0,0.537,1.294,0.998,2.591,7.34,19.642
IRN2023,IRN,IRN,Iran,2023,0.09,2.89,0.857,0.063,2.952,0,1,4.41,2.571,0.059,4.469,0,1,7.176,5.143,0.135,7.89,0.09,1,3.342,0.509,-0.932,2.41,0,0,3.986,1.033,-2.186,1.801,0,0,7.851,4.403,-2.907,4.944,0,0,0.563,0.129,-0.303,0.283,0,0,0.586,0.129,-0.528,0.063,0,0,0.408,0.129,0.004,0.444,0.09,1,0.486,0.129,0.005,0.53,0.09,1,0,-0.073,0.018,0,1,0,-0.073,0.031,0,0.833,13.254,0,13.254,0,63.34,7.95,0.631,69.041,0.09,1,0,0,0,0,0,0,0,0.667,1.348,0.998,2.698,3.403,6.483
IRN2024,IRN,IRN,Iran,2024,0.09,2.799,0.882,0.049,2.848,0,1,4.308,2.647,0.041,4.349,0,1,7.212,5.295,0.138,7.914,0.09,1,3.441,0.524,-0.96,2.481,0,0,4.104,1.063,-2.25,1.854,0,0,8.083,4.533,-2.879,5.204,0,0,0.544,0.132,-0.284,0.283,0,0,0.553,0.132,-0.495,0.063,0,0,0.397,0.132,0.005,0.433,0.09,1,0.496,0.132,0.006,0.541,0.09,1,0,-0.075,0.019,0,1,0,-0.075,0.039,0,0.833,13.646,0,13.646,0,62.855,7.95,0.771,68.512,0.09,1,0,0,0,0,0,0,0,0.667,1.387,0.998,2.778,2.976,5.319
IRQ2021,IRQ,IRQ,Iraq,2021,0,5.897,1.143,0.233,6.13,0,1,7.964,3.43,0.252,8.217,0,1,11.613,6.86,0.233,11.846,0,1,7.559,0.788,-2.972,4.588,0,0,8.419,1.557,-4.373,4.046,0,0,13.577,6.201,0,13.577,0,1,0.621,0.114,-0.264,0.357,0,0,0.593,0.114,-0.381,0.212,0,0,0.44,0.114,0,0.44,0,1,0.56,0.114,0,0.56,0,1,0,0,0.041,0,0.667,0,0,0.024,0,0.833,11.787,0,11.787,0,81.695,7.95,0,81.695,0,1,0,0,0,0,0,0,0,0,1.198,0.496,3.207,4.753,14.162
IRQ2022,IRQ,IRQ,Iraq,2022,0,11.72,1.235,0.555,12.275,0,1,9.783,3.704,0.365,10.148,0,1,17.893,7.408,0.555,18.448,0,1,12.691,1.323,-7.177,5.514,0,0,13.61,2.516,-8.682,4.929,0,0,19.125,8.734,0,19.125,0,1,0.847,0.123,-0.407,0.44,0,0,0.947,0.123,-0.646,0.301,0,0,0.589,0.123,0,0.589,0,1,0.689,0.123,0,0.689,0,1,0,0,0.041,0,0.667,0,0,0.007,0,0.833,12.729,0,12.729,0,102.477,7.95,0,102.477,0,1,0,0,0,0,0,0,0,0,1.294,0.511,3.463,10.485,30.326
IRQ2023,IRQ,IRQ,Iraq,2023,0,6.147,1.286,0.268,6.415,0,1,7.886,3.857,0.252,8.138,0,1,12.575,7.714,0.268,12.843,0,1,6.738,0.702,-1.579,5.159,0,0,7.696,1.423,-3.146,4.55,0,0,13.442,6.139,0,13.442,0,1,0.749,0.129,-0.378,0.371,0,0,0.783,0.129,-0.513,0.269,0,0,0.527,0.129,0,0.527,0,1,0.64,0.129,0,0.64,0,1,0,0,0.045,0,0.667,0,0,0.007,0,0.833,13.254,0,13.254,0,87.079,7.95,0,87.079,0,1,0,0,0,0,0,0,0,0,1.348,0.51,3.606,4.861,10.622
IRQ2024,IRQ,IRQ,Iraq,2024,0,5.575,1.324,0.208,5.783,0,1,7.124,3.971,0.176,7.299,0,1,12.193,7.942,0.208,12.401,0,1,6.389,0.666,-1.078,5.311,0,0,7.375,1.364,-2.691,4.684,0,0,13.291,6.07,0,13.291,0,1,0.72,0.132,-0.346,0.374,0,0,0.734,0.132,-0.472,0.262,0,0,0.51,0.132,0,0.51,0,1,0.652,0.132,0,0.652,0,1,0,0,0.046,0,0.667,0,0,0.011,0,0.833,13.646,0,13.646,0,86.385,7.95,0,86.385,0,1,0,0,0,0,0,0,0,0,1.387,0.51,3.712,4.251,9.168
IRL2021,IRL,IRL,Ireland,2021,0,5.803,1.009,2.635,8.439,0,1,6.777,3.027,4.103,10.88,0,1,20.489,12.697,1.67,22.159,0,1,17.723,1.958,-1.64,16.083,0,1,17.679,3.479,-1.597,16.083,0,1,27.839,13.664,-4.796,23.043,0,1,0.619,0.114,1.173,1.792,0,1,0.599,0.114,1.073,1.673,0,1,0.439,0.114,0.034,0.473,0,1,0.505,0.114,0.533,1.038,0,1,0,0.008,0.151,0,1,0,0.022,0.327,0,0.833,11.787,0,11.787,0,78.125,7.95,67.696,145.821,0,1,0,0,0,0,0,0.102,0,0.235,1.198,0,5.769,5.9,12.069
IRL2022,IRL,IRL,Ireland,2022,0.23,11.617,1.151,12.568,24.185,0,1,8.883,3.453,8.948,17.831,0,1,20.869,10.221,2.732,29.029,0.23,1,28.249,2.963,-1.596,26.653,0,1,28.296,5.246,-1.643,26.653,0,1,39.005,18.626,-10.578,34.965,0.23,1,0.861,0.123,0.723,1.949,0.23,1,0.986,0.123,0.634,1.993,0.23,1,0.598,0.123,0.067,0.804,0.23,1,0.612,0.123,0.614,1.509,0.23,1,0,0.004,0.222,0,1,0,-0.077,0.292,0.23,0.833,12.729,0,12.729,0,97.9,7.95,101.769,245.593,0.23,1,0,0,0,0,0,0.11,0,0.136,1.294,0,6.23,11.905,22.503
IRL2023,IRL,IRL,Ireland,2023,0.23,7.473,0.999,14.645,22.118,0,1,5.831,2.997,9.936,15.767,0,1,28.627,17.952,3.417,39.415,0.23,1,18.781,2.104,8.838,27.619,0,1,18.88,3.76,8.739,27.619,0,1,29.894,14.809,7.994,46.602,0.23,1,0.76,0.129,0.714,1.814,0.23,1,0.811,0.129,0.648,1.795,0.23,1,0.535,0.129,0.082,0.74,0.23,1,0.579,0.129,0.502,1.33,0.23,1,0,-0.008,0.236,0,1,0,-0.168,0.353,0.23,0.833,13.254,0,13.254,0,83.248,7.95,98.267,223.263,0.23,1,0,0,0,0,0,0.096,0,0.446,1.348,0,6.487,10.597,12.985
IRL2024,IRL,IRL,Ireland,2024,0.23,5.075,1.029,12.071,17.146,0,1,5.452,3.086,6.981,12.433,0,1,23.818,15.769,4.016,34.236,0.23,1,17.553,2.216,6.446,23.998,0,1,17.553,3.845,6.446,23.998,0,1,29.169,14.836,2.827,39.354,0.23,1,0.724,0.132,0.814,1.892,0.23,1,0.75,0.132,0.746,1.84,0.23,1,0.513,0.132,0.095,0.725,0.23,1,0.591,0.132,0.486,1.325,0.23,1,0,0.003,0.227,0,1,0,-0.131,0.305,0.23,0.833,13.646,0,13.646,0,82.588,7.95,83.56,204.361,0.23,1,0,0,0,0,0,0.098,0,0.446,1.387,0,6.679,6.185,9.958
IMN2021,IMN,IMN,Isle of Man,2021,0.2,5.553,1.143,0,5.553,0,1,7.964,3.43,0,7.964,0,1,11.27,6.86,0,13.524,0.2,1,16.305,2.204,0,16.305,0,1,17.449,4.08,0,17.449,0,1,24.309,12.947,0,29.17,0.2,1,0.619,0.114,0,0.743,0.2,1,0.599,0.114,0,0.719,0.2,1,0.439,0.114,0,0.527,0.2,1,0.505,0.114,0,0.606,0.2,1,0,0,0,0,1,0,0,0,0.2,1,11.787,0,11.787,0,78.125,7.95,0,93.75,0.2,1,0,0,0,0,0,0,0,0,1.198,0,4.776,4.41,15.162
IMN2022,IMN,IMN,Isle of Man,2022,0.2,7.077,1.235,0,7.077,0,1,9.783,3.704,0,9.783,0,1,13.25,7.408,0.196,15.9,0.2,1,32.56,4.401,0,32.56,0,1,33.795,7.902,0,33.795,0,1,41.203,21.945,0.61,49.444,0.2,1,0.861,0.123,0.013,1.033,0.2,1,0.986,0.123,0.015,1.183,0.2,1,0.598,0.123,0.009,0.717,0.2,1,0.612,0.123,0.009,0.735,0.2,1,0,0,0,0,1,0,0,0,0.2,1,12.729,0,12.729,0,97.9,7.95,1.449,117.48,0.2,1,0,0,0,0,0,0,0,0,1.294,0,5.158,5.842,31.326
IMN2023,IMN,IMN,Isle of Man,2023,0.2,4.752,1.286,0,4.752,0,1,7.886,3.857,0,7.886,0,1,11.18,7.714,0.248,13.416,0.2,1,12.908,1.745,0,12.908,0,1,14.194,3.319,0,14.194,0,1,21.908,11.668,0.485,26.289,0.2,1,0.76,0.129,0.017,0.913,0.2,1,0.811,0.129,0.018,0.974,0.2,1,0.535,0.129,0.012,0.642,0.2,1,0.579,0.129,0.013,0.695,0.2,1,0,0,0,0,1,0,0,0,0.2,1,13.254,0,13.254,0,83.248,7.95,1.843,99.898,0.2,1,0,0,0,0,0,0,0,0,1.348,0,5.37,3.466,11.622
IMN2024,IMN,IMN,Isle of Man,2024,0.2,4.351,1.324,0,4.351,0,1,7.124,3.971,0,7.124,0,1,10.969,7.942,0.299,13.162,0.2,1,11.492,1.553,0,11.492,0,1,12.815,2.997,0,12.815,0,1,20.757,11.055,0.565,24.909,0.2,1,0.724,0.132,0.02,0.869,0.2,1,0.75,0.132,0.02,0.9,0.2,1,0.513,0.132,0.014,0.616,0.2,1,0.591,0.132,0.016,0.71,0.2,1,0,0,0,0,1,0,0,0,0.2,1,13.646,0,13.646,0,82.588,7.95,2.25,99.106,0.2,1,0,0,0,0,0,0,0,0,1.387,0,5.529,3.027,10.168
ISR2021,ISR,ISR,Israel,2021,0.17,5.897,1.143,-4.577,1.319,0,1,1.311,0.594,0.008,1.319,0,1,11.613,6.86,0,13.588,0.17,1,2.463,0.275,-0.33,2.133,0,1,3.044,0.601,0.126,3.17,0,1,6.529,3.106,0.142,7.805,0.17,1,0.621,0.114,1.063,1.97,0.17,1,0.593,0.114,1.006,1.871,0.17,1,0.44,0.114,0.406,0.99,0.17,1,0.56,0.114,0.676,1.447,0.17,1,0,0.02,0.142,0,1,0,0,0.17,0.17,0.833,11.787,0,11.787,0,81.695,7.95,1.553,97.4,0.17,1,0,0,0,0,0,0.132,0,0,1.198,0.984,1.882,4.753,14.129
ISR2022,ISR,ISR,Israel,2022,0.17,11.72,1.235,0.643,12.363,0,1,1.611,0.665,0.683,2.294,0,1,17.893,7.408,0.225,20.935,0.17,1,2.652,0.296,-0.292,2.359,0,1,3.272,0.646,0.123,3.395,0,1,6.99,3.326,0.228,8.34,0.17,1,0.847,0.123,0.953,2.106,0.17,1,0.947,0.123,0.763,2.001,0.17,1,0.589,0.123,0.347,1.095,0.17,1,0.689,0.123,1.123,2.12,0.17,1,0,0.023,0.172,0,1,0,0,0.175,0.17,0.833,12.729,0,12.729,0,102.477,7.95,0.511,118.999,0.17,1,0,0,0,0,0,0.157,0,0,1.294,0.996,2.032,10.485,28.059
ISR2023,ISR,ISR,Israel,2023,0.17,5.796,1.231,0.012,5.807,0,1,1.234,0.612,1.359,2.593,0,1,11.952,7.388,0.225,13.984,0.17,1,2.759,0.308,-0.255,2.504,0,1,3.402,0.671,0.12,3.522,0,1,7.259,3.453,0.274,8.65,0.17,1,0.749,0.129,0.904,1.933,0.17,1,0.783,0.129,0.787,1.836,0.17,1,0.527,0.129,0.257,0.918,0.17,1,0.64,0.129,1.078,2.01,0.17,1,0,0.024,0.133,0,1,0,0,0.172,0.17,0.833,13.254,0,13.254,0,87.079,7.95,0.824,100.946,0.17,1,0,0,0,0,0,0.178,0,0.085,1.348,1,2.116,4.861,9.261
ISR2024,ISR,ISR,Israel,2024,0.17,5.277,1.268,0.012,5.289,0,1,1.121,0.61,1.399,2.519,0,1,11.615,7.606,0.269,13.59,0.17,1,2.84,0.317,-0.263,2.578,0,1,3.502,0.691,0.124,3.626,0,1,7.473,3.555,0.315,8.905,0.17,1,0.72,0.132,1.046,2.066,0.17,1,0.734,0.132,0.944,1.963,0.17,1,0.51,0.132,0.281,0.926,0.17,1,0.652,0.132,1.351,2.344,0.17,1,0,0.025,0.093,0,1,0,0,0.174,0.17,0.833,13.646,0,13.646,0,86.385,7.95,1.158,100.107,0.17,1,0,0,0,0,0,0.212,0,0.085,1.387,1,2.179,4.251,7.598
ITA2021,ITA,ITA,Italy,2021,0.22,6.008,1.143,1.659,7.668,0,1,7.964,3.43,1.702,9.666,0,1,11.725,6.86,0,14.305,0.22,1,20.005,2.21,-8.103,11.901,0,1,19.961,3.928,-8.06,11.901,0,1,28.296,13.888,-5.3,28.055,0.22,1,0.619,0.114,0.956,1.922,0.22,1,0.599,0.114,0.841,1.758,0.22,1,0.439,0.114,0.244,0.833,0.22,1,0.505,0.114,0.744,1.523,0.22,1,0,0.024,0.15,0,1,0,0.06,0.273,0.22,1,11.787,0,11.787,0,78.125,7.95,125.913,248.926,0.22,1,0,0,0,0,0,0.012,0,0,1.198,0,8.928,4.865,15.302
ITA2022,ITA,ITA,Italy,2022,0.22,12.793,1.235,8.537,21.331,0,1,9.783,3.704,8.579,18.361,0,1,18.967,7.408,0.309,23.14,0.22,1,41.268,4.329,-9.202,32.066,0,1,41.316,7.659,-9.249,32.066,0,1,50.199,23.972,-22.673,33.581,0.22,1,0.861,0.123,0.705,1.91,0.22,1,0.986,0.123,0.581,1.912,0.22,1,0.598,0.123,0.105,0.857,0.22,1,0.612,0.123,0.91,1.858,0.22,1,0,0.003,0.275,0,1,0,0.016,0.356,0.22,1,12.729,0,12.729,0,97.9,7.95,177.071,335.464,0.22,1,0,0,0,0,0,0.013,0,0,1.294,0,9.642,11.559,36.473
ITA2023,ITA,ITA,Italy,2023,0.22,6.42,1.285,9.959,16.379,0,1,7.88,3.854,9.89,17.77,0,1,12.844,7.709,0.313,15.67,0.22,1,17.593,1.971,11.014,28.607,0,1,17.692,3.524,10.915,28.607,0,1,26.881,13.316,1.772,34.957,0.22,1,0.76,0.129,0.894,2.018,0.22,1,0.811,0.129,0.779,1.941,0.22,1,0.535,0.129,0.13,0.811,0.22,1,0.579,0.129,0.799,1.682,0.22,1,0,0.018,0.211,0,1,0,0.039,0.385,0.22,1,13.254,0,13.254,0,83.248,7.95,174.803,314.822,0.22,1,0,0,0,0,0,0.012,0,0.001,1.348,0,10.04,5.14,12.748
ITA2024,ITA,ITA,Italy,2024,0.22,5.342,1.323,6.7,12.042,0,1,7.119,3.968,6.566,13.685,0,1,11.955,7.936,0.358,14.585,0.22,1,15.923,2.011,4.577,20.5,0,1,15.923,3.488,4.577,20.5,0,1,28.511,14.501,5.087,40.99,0.22,1,0.724,0.132,0.891,1.971,0.22,1,0.75,0.132,0.773,1.858,0.22,1,0.513,0.132,0.129,0.784,0.22,1,0.591,0.132,0.711,1.589,0.22,1,0,0.022,0.176,0,1,0,0.06,0.346,0.22,1,13.646,0,13.646,0,82.588,7.95,151.239,285.269,0.22,1,0,0,0,0,0,0.012,0,0.001,1.387,0,10.336,4.022,10.977
JAM2021,JAM,JAM,Jamaica,2021,0.15,5.316,1.063,0,5.316,0,1,7.253,3.188,0.195,7.448,0,1,10.63,6.377,0,12.224,0.15,1,17.125,2.298,0.031,17.156,0,1,18.268,4.27,0,18.268,0,1,25.128,13.489,0,28.897,0.15,1,0.649,0.114,0.379,1.182,0.15,1,0.577,0.114,0.38,1.1,0.15,1,0.458,0.114,-0.123,0.386,0,0,0.491,0.114,0.308,0.919,0.15,1,0,0,0.187,0,0.667,0,0,0.746,0.15,0.667,11.787,0,11.787,0,78.125,7.95,-25.568,52.557,0,0,0,0,0,0,0,0,0,0.141,1.198,0,4.776,4.753,15.983
JAM2022,JAM,JAM,Jamaica,2022,0.15,10.338,1.148,0,10.338,0,1,8.848,3.443,0.261,9.109,0,1,16.077,6.886,0.178,18.489,0.15,1,30.657,4.114,0.031,30.688,0,1,31.89,7.453,0.015,31.906,0,1,39.288,21.091,0.436,45.182,0.15,1,0.896,0.123,0.428,1.523,0.15,1,0.89,0.123,0.519,1.621,0.15,1,0.62,0.123,-0.274,0.399,0,0,0.608,0.123,0.667,1.466,0.15,1,0,0,0.21,0,0.667,0,0,0.704,0.15,0.667,12.729,0,12.729,0,97.9,7.95,-33.629,64.271,0,0,0,0,0,0,0,0,0,0.141,1.294,0.003,5.158,10.485,29.494
JAM2023,JAM,JAM,Jamaica,2023,0.15,6.147,1.286,0,6.147,0,1,7.886,3.857,0.201,8.088,0,1,12.575,7.714,0.209,14.461,0.15,1,12.478,1.674,0.031,12.508,0,1,13.763,3.217,0.031,13.794,0,1,21.477,11.53,0.357,24.699,0.15,1,0.791,0.129,0.399,1.368,0.15,1,0.618,0.129,0.614,1.417,0.15,1,0.554,0.129,-0.216,0.389,0,0,0.557,0.129,0.733,1.484,0.15,1,0,0,0.21,0,0.667,0,0,0.704,0.15,0.667,13.254,0,13.254,0,83.248,7.95,-26.705,56.543,0,0,0,0,0,0,0,0,0,0,1.348,0,5.37,4.861,11.192
JAM2024,JAM,JAM,Jamaica,2024,0.15,5.575,1.324,0,5.575,0,1,7.124,3.971,0.158,7.281,0,1,12.193,7.942,0.249,14.022,0.15,1,11.447,1.536,0.032,11.479,0,1,12.771,2.985,0.032,12.802,0,1,20.712,11.119,0.423,23.819,0.15,1,0.756,0.132,0.412,1.343,0.15,1,0.655,0.132,0.477,1.302,0.15,1,0.534,0.132,-0.186,0.399,0,0,0.568,0.132,0.544,1.279,0.15,1,0,0,0.182,0,0.667,0,0,0.741,0.15,0.667,13.646,0,13.646,0,82.588,7.95,-26.107,56.481,0,0,0,0,0,0,0,0,0,0,1.387,0,5.529,4.251,10.123
JPN2021,JPN,JPN,Japan,2021,0.1,4.565,0.999,0.425,4.99,0,1,4.633,2.1,0.357,4.99,0,1,11.632,6.86,0.393,13.228,0.1,1,20.239,2.236,1.91,22.149,0,1,20.221,3.979,1.928,22.149,0,1,24.579,12.064,1.76,28.974,0.1,1,0.621,0.114,0.572,1.312,0.1,1,0.593,0.114,0.47,1.169,0.1,1,0.44,0.114,0.468,0.999,0.1,1,0.56,0.114,0.175,0.808,0.1,1,0,0.003,0.136,0,1,0,0.004,0.236,0.1,0.833,11.787,0,11.787,0,81.695,7.95,9.481,100.294,0.1,1,0,0,0,0,0,0.705,0.111,0,1.198,0,2.122,4.772,9.761
JPN2022,JPN,JPN,Japan,2022,0.1,10.216,1.586,0.423,10.638,0,1,10.181,4.204,0.458,10.638,0,1,17.555,7.408,0.528,19.744,0.1,1,27.894,2.926,-2.103,25.791,0,1,27.968,5.185,-2.177,25.791,0,1,32.874,15.699,-1.572,34.433,0.1,1,0.847,0.123,0.247,1.203,0.1,1,0.947,0.123,0.043,1.088,0.1,1,0.589,0.123,0.299,0.976,0.1,1,0.689,0.123,0.04,0.802,0.1,1,0,0.003,0.157,0,1,0,0.004,0.235,0.1,0.833,12.729,0,12.729,0,102.477,7.95,-12.53,98.941,0.1,1,0,0,0,0,0,0.758,0.114,0,1.294,0,2.292,10.146,17.325
JPN2023,JPN,JPN,Japan,2023,0.1,8.067,1.837,0.387,8.453,0,1,8.089,4.012,0.364,8.453,0,1,14.993,7.714,0.532,16.89,0.1,1,23.48,2.63,-0.545,22.934,0,1,23.604,4.701,-0.67,22.934,0,1,28.646,14.191,-7.275,23.508,0.1,1,0.749,0.129,0.285,1.137,0.1,1,0.783,0.129,0.16,1.037,0.1,1,0.527,0.129,0.288,0.897,0.1,1,0.64,0.129,0.051,0.76,0.1,1,0,0.008,0.162,0,1,0,0.004,0.188,0.1,0.833,13.254,0,13.254,0,87.079,7.95,-0.688,95.03,0.1,1,0,0,0,0,0,0.733,0.1,0,1.348,0,2.387,7.279,12.859
JPN2024,JPN,JPN,Japan,2024,0.1,7.372,1.868,0.369,7.741,0,1,7.404,4.033,0.336,7.741,0,1,13.453,7.942,0.532,15.177,0.1,1,20.53,2.592,0.276,20.806,0,1,20.553,4.502,0.253,20.806,0,1,22.154,11.268,-1.61,22.598,0.1,1,0.72,0.132,0.254,1.072,0.1,1,0.734,0.132,0.155,0.977,0.1,1,0.51,0.132,0.281,0.87,0.1,1,0.652,0.132,-0.004,0.713,0.1,1,0,0.007,0.135,0,1,0,0.004,0.189,0.1,0.833,13.646,0,13.646,0,86.385,7.95,-3.654,91.005,0.1,1,0,0,0,0,0,0.725,0.102,0,1.387,0,2.457,5.511,11.183
JOR2021,JOR,JOR,Jordan,2021,0.16,5.897,1.143,0,5.897,0,1,7.964,3.43,0,7.964,0,1,11.613,6.86,0,13.471,0.16,1,12.117,1.947,-5.436,6.681,0,0,13.261,3.587,-6.58,6.681,0,0,20.12,11.609,-12.82,7.3,0,0,0.621,0.114,0.612,1.43,0.16,1,0.593,0.114,0.11,0.815,0.16,1,0.44,0.114,-0.076,0.423,0,0,0.56,0.114,0.105,0.772,0.16,1,0,0,0.2,0,0.333,0,0,0.25,0.16,0.5,11.787,0,11.787,0,81.695,7.95,-19.9,71.683,0,1,0,0,0,0,0,0,0,0,1.198,0,5.028,4.753,14.162
JOR2022,JOR,JOR,Jordan,2022,0.16,11.72,1.235,0,11.72,0,1,9.783,3.704,0,9.783,0,1,17.893,7.408,0.212,20.756,0.16,1,23.109,3.713,-15.732,7.377,0,0,24.32,6.578,-16.943,7.377,0,0,31.586,18.225,-13.845,17.741,0,0,0.847,0.123,0.562,1.634,0.16,1,0.947,0.123,-0.073,1.014,0.16,1,0.589,0.123,-0.224,0.423,0,0,0.689,0.123,0.183,1.011,0.16,1,0,0,0.2,0,0.333,0,0,0.25,0.16,0.5,12.729,0,12.729,0,102.477,7.95,-27.42,87.066,0,1,0,0,0,0,0,0,0,0,1.294,0.038,5.43,10.485,30.326
JOR2023,JOR,JOR,Jordan,2023,0.16,6.147,1.286,0,6.147,0,1,7.886,3.857,0,7.886,0,1,12.575,7.714,0.223,14.587,0.16,1,9.709,1.56,-3.112,6.597,0,0,10.969,2.967,-4.372,6.597,0,0,18.53,10.692,-14.984,4.114,0,0,0.749,0.129,0.673,1.649,0.16,1,0.783,0.129,0.154,1.086,0.16,1,0.527,0.129,-0.163,0.423,0,0,0.64,0.129,0.113,0.873,0.16,1,0,0,0.2,0,0.333,0,0,0.25,0.16,0.5,13.254,0,13.254,0,87.079,7.95,-18.965,79.012,0,1,0,0,0,0,0,0,0,0,1.348,0.04,5.654,4.861,10.622
JOR2024,JOR,JOR,Jordan,2024,0.16,5.575,1.324,0,5.575,0,1,7.124,3.971,0,7.124,0,1,12.193,7.942,0.266,14.144,0.16,1,8.787,1.412,-2.038,6.749,0,0,10.084,2.727,-3.335,6.749,0,0,17.868,10.31,-14.396,4.028,0,0,0.72,0.132,0.667,1.608,0.16,1,0.734,0.132,0.122,0.993,0.16,1,0.51,0.132,-0.146,0.423,0,0,0.652,0.132,0.101,0.873,0.16,1,0,0,0.197,0,0.333,0,0,0.223,0.16,0.5,13.646,0,13.646,0,86.385,7.95,-16.132,81.494,0,1,0,0,0,0,0,0,0,0,1.387,0.04,5.821,4.251,9.168
KAZ2021,KAZ,KAZ,Kazakhstan,2021,0.12,3.092,0.588,1.063,4.155,0,1,3.058,1.764,0.067,3.125,0,1,1.004,0.622,0.003,1.128,0.12,1,7.283,1.041,-6.017,1.266,0,0,7.922,1.932,-6.656,1.266,0,0,11.757,6.311,-10.356,1.569,0,0,0.619,0.114,-0.241,0.423,0,0,0.599,0.114,-0.14,0.515,0,1,0.439,0.114,-0.349,0.09,0,0,0.505,0.114,0.004,0.57,0.12,1,0,-0.039,0.059,0,0.833,0,-0.039,0.037,0,0.667,11.787,0,11.787,0,78.125,7.95,-2.386,84.828,0.12,1,0,0,0,0,0,0,0,0.971,1.198,0.882,6.634,4.41,14.129
KAZ2022,KAZ,KAZ,Kazakhstan,2022,0.12,3.29,0.625,1.186,4.476,0,1,3.233,1.876,0.107,3.34,0,1,1.007,0.493,0.004,1.133,0.12,1,7.793,1.114,-6.568,1.226,0,0,8.445,2.06,-7.22,1.226,0,0,12.359,6.633,-11.021,1.498,0,0,0.861,0.123,-0.492,0.413,0,0,0.986,0.123,-0.46,0.589,0,1,0.598,0.123,-0.466,0.147,0,0,0.612,0.123,0.016,0.697,0.12,1,0,-0.039,0.055,0,0.833,0,-0.039,0.034,0,0.667,12.729,0,12.729,0,97.9,7.95,-4.784,103.372,0.12,1,0,0,0,0,0,0,0,0.987,1.294,0.944,7.164,5.842,28.059
KAZ2023,KAZ,KAZ,Kazakhstan,2023,0.12,3.393,0.652,1.236,4.63,0,1,3.34,1.955,0.113,3.453,0,1,1.098,0.689,0.002,1.233,0.12,1,8.026,1.147,-6.673,1.352,0,0,8.681,2.117,-7.329,1.352,0,0,12.613,6.77,-11.139,1.652,0,0,0.76,0.129,-0.341,0.47,0,0,0.811,0.129,-0.165,0.724,0,1,0.535,0.129,-0.391,0.161,0,0,0.579,0.129,0.017,0.66,0.12,1,0,-0.039,0.084,0,0.833,0,-0.039,0.056,0,0.667,13.254,0,13.254,0,83.248,7.95,-9.756,81.232,0.12,1,0,0,0,0,0,0,0,0.986,1.348,0.98,7.46,3.466,9.261
KAZ2024,KAZ,KAZ,Kazakhstan,2024,0.12,3.486,0.671,1.267,4.753,0,1,3.425,2.013,0.11,3.535,0,1,1.167,0.773,0.002,1.309,0.12,1,8.181,1.169,-6.675,1.506,0,0,8.856,2.16,-7.349,1.506,0,0,12.904,6.926,-11.357,1.733,0,0,0.724,0.132,-0.287,0.49,0,0,0.75,0.132,-0.121,0.705,0,1,0.513,0.132,-0.356,0.176,0,0,0.591,0.132,0.02,0.673,0.12,1,0,-0.041,0.078,0,0.833,0,-0.041,0.058,0,0.667,13.646,0,13.646,0,82.588,7.95,-9.572,80.463,0.12,1,0,0,0,0,0,0,0,0.986,1.387,0.98,7.598,3.027,7.598
KEN2021,KEN,KEN,Kenya,2021,0.16,5.897,1.143,0,5.897,0,1,7.964,3.43,0,7.964,0,1,11.613,6.86,0,12.542,0.08,1,4.783,0.646,0,4.783,0,1,5.926,1.386,0,5.926,0,1,12.786,6.81,0,13.809,0.08,1,0.508,0.093,0.554,1.147,0.08,1,0.585,0.113,0.332,0.99,0.08,1,0.439,0.114,0.364,0.867,0.08,1,0.528,0.117,0.318,0.914,0.08,1,0,0.085,0.31,0,0.667,0,0.085,0.31,0.08,1,11.787,0,11.787,0,78.125,7.95,56.411,145.299,0.08,1,0,0,0,0,0,0,0,0,1.198,0,4.776,4.753,15.162
KEN2022,KEN,KEN,Kenya,2022,0.16,11.72,1.235,0,11.72,0,1,9.783,3.704,0,9.783,0,1,17.893,7.408,0.106,19.325,0.08,1,6.819,0.922,0,6.819,0,1,8.053,1.883,0,8.053,0,1,15.461,8.235,0.092,16.698,0.08,1,0.53,0.076,0.703,1.332,0.08,1,0.486,0.063,0.608,1.182,0.08,1,0.598,0.123,0.382,1.058,0.08,1,0.394,0.077,0.604,1.078,0.08,1,0,0.114,0.175,0,0.667,0,0.114,0.22,0.08,1,12.729,0,12.729,0,97.9,7.95,61.206,171.834,0.08,1,0,0,0,0,0,0,0,0,1.294,0,5.158,10.485,31.326
KEN2023,KEN,KEN,Kenya,2023,0.16,6.147,1.286,0,6.147,0,1,7.886,3.857,0,7.886,0,1,12.575,7.714,0.223,14.587,0.16,1,9.322,1.26,0,9.322,0,1,10.607,2.48,0,10.607,0,1,18.321,9.758,0.325,21.253,0.16,1,0.705,0.119,0.494,1.39,0.16,1,0.704,0.121,0.407,1.288,0.16,1,0.535,0.129,0.229,0.886,0.16,1,0.636,0.138,0.42,1.226,0.16,1,0,0.11,0.19,0,0.667,0,0.11,0.23,0.16,1,13.254,0,13.254,0,83.248,7.95,85.472,195.715,0.16,1,0,0,0,0,0,0,0,0,1.348,0,5.37,4.861,11.622
KEN2024,KEN,KEN,Kenya,2024,0.16,5.575,1.324,0,5.575,0,1,7.124,3.971,0,7.124,0,1,12.193,7.942,0.266,14.144,0.16,1,8.831,1.193,0,8.831,0,1,10.154,2.374,0,10.154,0,1,18.096,9.638,0.394,20.991,0.16,1,0.645,0.117,0.583,1.425,0.16,1,0.748,0.137,0.393,1.324,0.16,1,0.513,0.132,0.337,0.986,0.16,1,0.675,0.148,0.401,1.248,0.16,1,0,0.089,0.19,0,0.667,0,0.089,0.26,0.16,1,13.646,0,13.646,0,82.588,7.95,88.598,198.575,0.16,1,0,0,0,0,0,0,0,0,1.387,0,5.529,4.251,10.168
KIR2021,KIR,KIR,Kiribati,2021,0.125,4.747,1.143,0,4.747,0,1,7.964,3.43,0,7.964,0,1,10.464,6.86,0,11.772,0.125,1,10.551,1.302,0,10.551,0,1,11.694,2.549,0,11.694,0,1,18.554,9.627,0,20.873,0.125,1,0.621,0.114,0,0.698,0.125,1,0.593,0.114,0,0.667,0.125,1,0.44,0.114,0,0.495,0.125,1,0.56,0.114,0,0.63,0.125,1,0,0,0,0,1,0,0,0,0.125,1,11.787,0,11.787,0,81.695,7.95,0,91.907,0.125,1,0,0,0,0,0,0,0,0,1.198,0,4.776,3.604,9.408
KIR2022,KIR,KIR,Kiribati,2022,0.125,8.788,1.235,0,8.788,0,1,9.783,3.704,0,9.783,0,1,14.962,7.408,0.138,16.832,0.125,1,17.332,2.139,0,17.332,0,1,18.566,4.048,0,18.566,0,1,25.974,13.478,0.24,29.221,0.125,1,0.847,0.123,0.008,0.952,0.125,1,0.947,0.123,0.009,1.065,0.125,1,0.589,0.123,0.005,0.662,0.125,1,0.689,0.123,0.006,0.775,0.125,1,0,0,0,0,1,0,0,0,0.125,1,12.729,0,12.729,0,102.477,7.95,0.948,115.286,0.125,1,0,0,0,0,0,0,0,0,1.294,0,5.158,7.554,16.097
KIR2023,KIR,KIR,Kiribati,2023,0.125,5.77,1.286,0,5.77,0,1,7.886,3.857,0,7.886,0,1,12.198,7.714,0.169,13.723,0.125,1,13.814,1.705,0,13.814,0,1,15.1,3.292,0,15.1,0,1,22.814,11.838,0.316,25.666,0.125,1,0.749,0.129,0.01,0.842,0.125,1,0.783,0.129,0.011,0.88,0.125,1,0.527,0.129,0.007,0.593,0.125,1,0.64,0.129,0.009,0.72,0.125,1,0,0,0,0,1,0,0,0,0.125,1,13.254,0,13.254,0,87.079,7.95,1.205,97.964,0.125,1,0,0,0,0,0,0,0,0,1.348,0,5.37,4.484,12.529
KIR2024,KIR,KIR,Kiribati,2024,0.125,4.833,1.324,0,4.833,0,1,7.124,3.971,0,7.124,0,1,11.451,7.942,0.195,12.882,0.125,1,12.219,1.508,0,12.219,0,1,13.543,2.952,0,13.543,0,1,21.484,11.148,0.366,24.17,0.125,1,0.72,0.132,0.012,0.81,0.125,1,0.734,0.132,0.012,0.825,0.125,1,0.51,0.132,0.009,0.574,0.125,1,0.652,0.132,0.011,0.734,0.125,1,0,0,0,0,1,0,0,0,0.125,1,13.646,0,13.646,0,86.385,7.95,1.471,97.184,0.125,1,0,0,0,0,0,0,0,0,1.387,0,5.529,3.509,10.896
KOR2021,KOR,KOR,Korea,2021,0.1,4.446,0.973,2.735,7.181,0,1,5.764,2.612,1.417,7.181,0,1,11.463,7.103,-3.064,8.398,0,0,13.956,1.542,0.147,14.103,0,1,14.038,2.762,1.631,15.669,0,1,17.765,8.719,-5.204,13.817,0,0,0.621,0.114,0.623,1.367,0.1,1,0.593,0.114,0.512,1.216,0.1,1,0.44,0.114,0.141,0.639,0.1,1,0.56,0.114,0.192,0.828,0.1,1,0,0.003,0.091,0,0.833,0,0.004,0.094,0,0.667,2.587,0,2.587,0,81.695,7.95,-1.133,88.619,0.1,1,0,0,0,0.029,0,0,0,0,1.198,0,1.655,5.524,10.311
KOR2022,KOR,KOR,Korea,2022,0.1,3.98,0.618,3.182,7.162,0,1,4.988,2.06,2.174,7.162,0,1,8.478,4.152,-1.275,7.203,0,0,23.589,2.475,1.306,24.896,0,1,23.763,4.405,0.034,23.797,0,1,28.038,13.389,-15.252,14.064,0,0,0.847,0.123,0.406,1.378,0.1,1,0.947,0.123,0.351,1.427,0.1,1,0.589,0.123,0.015,0.664,0.1,1,0.689,0.123,0.354,1.147,0.1,1,0,0.003,0.094,0,0.833,0,0.003,0.092,0,0.667,2.794,0,2.794,0,102.477,7.95,-5.812,106.331,0.1,1,0,0,0,0.031,0,0,0,0,1.294,0,1.788,11.201,19.853
KOR2023,KOR,KOR,Korea,2023,0.1,4.112,0.937,2.31,6.422,0,1,5.052,2.505,1.371,6.422,0,1,8.857,5.554,-0.821,8.035,0,0,18.667,2.091,3.185,21.852,0,1,18.892,3.763,1.952,20.844,0,1,23.473,11.628,-7.703,17.346,0,0,0.749,0.129,0.373,1.234,0.1,1,0.783,0.129,0.304,1.195,0.1,1,0.527,0.129,-0.019,0.559,0.1,1,0.64,0.129,0.338,1.076,0.1,1,0,0.006,0.118,0,0.833,0,0.004,0.115,0,0.667,2.909,0,2.909,0,87.079,7.95,1.761,97.724,0.1,1,0,0,0,0.032,0,0,0,0,1.348,0,1.861,6.044,14.879
KOR2024,KOR,KOR,Korea,2024,0.1,3.912,0.991,1.843,5.755,0,1,4.883,2.66,0.873,5.755,0,1,9.073,6.007,-1.293,7.78,0,0,14.959,1.889,0.919,15.878,0,1,16.804,3.681,1.372,18.176,0,1,20.889,10.624,-5.023,17.452,0,0,0.72,0.132,0.354,1.182,0.1,1,0.734,0.132,0.27,1.105,0.1,1,0.51,0.132,-0.005,0.556,0.1,1,0.652,0.132,0.249,0.991,0.1,1,0,0.004,0.116,0,0.833,0,0.004,0.115,0,0.667,2.995,0,2.995,0,86.385,7.95,-6.537,87.833,0.1,1,0,0,0,0.033,0,0,0,0,1.387,0,1.916,5.005,11.813
PRK2021,PRK,PRK,"Korea, Dem. People's Rep.",2021,0,1.785,0.575,0,1.785,0,1,2.939,1.724,0,2.939,0,1,4.658,3.447,0,4.658,0,1,10.551,1.302,0,10.551,0,1,11.694,2.549,0,11.694,0,1,18.554,9.627,0,18.554,0,1,0.621,0.114,0,0.621,0,1,0.593,0.114,0,0.593,0,1,0.44,0.114,0,0.44,0,1,0.56,0.114,0,0.56,0,1,0,0,0,0,1,0,0,0,0,1,11.787,0,11.787,0,81.695,7.95,0,81.695,0,1,0,0,0,0,0,0,0,0.995,1.198,0,4.776,3.604,9.408
PRK2022,PRK,PRK,"Korea, Dem. People's Rep.",2022,0,1.928,0.619,0,1.928,0,1,3.162,1.856,0,3.162,0,1,5.022,3.713,0,5.022,0,1,17.332,2.139,0,17.332,0,1,18.566,4.048,0,18.566,0,1,25.974,13.478,0,25.974,0,1,0.847,0.123,0,0.847,0,1,0.947,0.123,0,0.947,0,1,0.589,0.123,0,0.589,0,1,0.689,0.123,0,0.689,0,1,0,0,0,0,1,0,0,0,0,1,12.729,0,12.729,0,102.477,7.95,0,102.477,0,1,0,0,0,0,0,0,0,0.998,1.294,0,5.158,7.554,16.097
PRK2023,PRK,PRK,"Korea, Dem. People's Rep.",2023,0,1.99,0.643,0,1.99,0,1,3.276,1.928,0,3.276,0,1,5.205,3.857,0,5.205,0,1,13.814,1.705,0,13.814,0,1,15.1,3.292,0,15.1,0,1,22.814,11.838,0,22.814,0,1,0.749,0.129,0,0.749,0,1,0.783,0.129,0,0.783,0,1,0.527,0.129,0,0.527,0,1,0.64,0.129,0,0.64,0,1,0,0,0,0,1,0,0,0,0,1,13.254,0,13.254,0,87.079,7.95,0,87.079,0,1,0,0,0,0,0,0,0,1,1.348,0,5.37,4.484,12.529
PRK2024,PRK,PRK,"Korea, Dem. People's Rep.",2024,0,2.049,0.662,0,2.049,0,1,3.373,1.985,0,3.373,0,1,5.358,3.971,0,5.358,0,1,12.219,1.508,0,12.219,0,1,13.543,2.952,0,13.543,0,1,21.484,11.148,0,21.484,0,1,0.72,0.132,0,0.72,0,1,0.734,0.132,0,0.734,0,1,0.51,0.132,0,0.51,0,1,0.652,0.132,0,0.652,0,1,0,0,0,0,1,0,0,0,0,1,13.646,0,13.646,0,86.385,7.95,0,86.385,0,1,0,0,0,0,0,0,0,1,1.387,0,5.529,3.509,10.896
XKX2021,XKX,XKX,Kosovo,2021,0.18,1.811,0.578,0,1.812,0,1,2.968,1.734,0,2.969,0,1,4.701,3.467,0,5.547,0.18,1,16.305,2.204,0.151,16.456,0,1,17.449,4.08,0.151,17.599,0,1,24.309,12.947,0.151,28.862,0.18,1,0.619,0.114,0.514,1.337,0.18,1,0.599,0.114,0.513,1.313,0.18,1,0.439,0.114,0,0.518,0.18,1,0.505,0.114,0,0.596,0.18,1,0,0,0.081,0,0.667,0,0,0.071,0.08,0.333,11.787,0,11.787,0,78.125,7.95,0,92.188,0.18,1,0,0,0,0,0,0,0,0.989,1.198,0,4.776,4.41,15.162
XKX2022,XKX,XKX,Kosovo,2022,0.18,1.932,0.62,0,1.932,0,1,3.173,1.859,0,3.173,0,1,5.031,3.719,0.067,5.937,0.18,1,32.56,4.401,0.311,32.871,0,1,33.795,7.902,0.311,34.106,0,1,41.203,21.945,0.864,48.987,0.18,1,0.861,0.123,0.449,1.546,0.18,1,0.986,0.123,0.431,1.672,0.18,1,0.598,0.123,0.008,0.705,0.18,1,0.612,0.123,0.008,0.723,0.18,1,0,0,0.072,0,0.667,0,0,0.063,0.08,0.333,12.729,0,12.729,0,97.9,7.95,1.304,115.522,0.18,1,0,0,0,0,0,0,0,0.996,1.294,0,5.158,5.842,31.326
XKX2023,XKX,XKX,Kosovo,2023,0.18,2.012,0.648,0,2.012,0,1,3.312,1.944,0,3.312,0,1,5.251,3.887,0.105,6.197,0.18,1,12.908,1.745,0.115,13.023,0,1,14.194,3.319,0.115,14.309,0,1,21.908,11.668,0.554,25.987,0.18,1,0.76,0.129,0.486,1.471,0.18,1,0.811,0.129,0.453,1.492,0.18,1,0.535,0.129,0.011,0.631,0.18,1,0.579,0.129,0.012,0.684,0.18,1,0,0,0.082,0,0.667,0,0,0.076,0.08,0.333,13.254,0,13.254,0,83.248,7.95,1.659,98.233,0.18,1,0,0,0,0,0,0,0,0.992,1.348,0,5.37,3.466,11.622
XKX2024,XKX,XKX,Kosovo,2024,0.18,2.067,0.667,0,2.067,0,1,3.402,2.001,0,3.402,0,1,5.402,4.002,0.133,6.375,0.18,1,11.492,1.553,0.101,11.593,0,1,12.815,2.997,0.101,12.916,0,1,20.757,11.055,0.612,24.613,0.18,1,0.724,0.132,0.385,1.309,0.18,1,0.75,0.132,0.322,1.266,0.18,1,0.513,0.132,0.013,0.605,0.18,1,0.591,0.132,0.014,0.698,0.18,1,0,0,0.072,0,0.667,0,0,0.078,0.08,0.333,13.646,0,13.646,0,82.588,7.95,2.025,97.454,0.18,1,0,0,0,0,0,0,0,0.992,1.387,0,5.529,3.027,10.168
KWT2021,KWT,KWT,Kuwait,2021,0,5.897,1.143,0.238,6.134,0,1,7.964,3.43,0.227,8.191,0,1,11.613,6.86,0.238,11.851,0,1,5.535,0.602,-1.946,3.589,0,0,6.293,1.212,-3.253,3.04,0,0,10.846,5.097,-2.153,8.694,0,0,0.621,0.114,-0.272,0.348,0,0,0.593,0.114,-0.212,0.381,0,0,0.44,0.114,0,0.44,0,1,0.56,0.114,-0.179,0.381,0,0,0,-0.073,0.033,0,0.833,0,-0.073,0.016,0,0.833,11.787,0,11.787,0,81.695,7.95,0,81.695,0,1,0,0,0,0,0,0,0,0,1.198,0.673,4.776,4.753,14.162
KWT2022,KWT,KWT,Kuwait,2022,0,11.72,1.235,0.566,12.286,0,1,9.783,3.704,0.328,10.111,0,1,17.893,7.408,0.566,18.459,0,1,9.511,1.035,-2.102,7.409,0,0,10.338,1.991,-3.513,6.824,0,0,15.297,7.188,-2.02,13.277,0,0,0.847,0.123,-0.504,0.343,0,0,0.947,0.123,-0.571,0.376,0,0,0.589,0.123,0,0.589,0,1,0.689,0.123,-0.313,0.376,0,0,0,-0.073,0.032,0,0.833,0,-0.073,0.016,0,0.833,12.729,0,12.729,0,102.477,7.95,0,102.477,0,1,0,0,0,0,0,0,0,0,1.294,0.661,5.158,10.485,30.326
KWT2023,KWT,KWT,Kuwait,2023,0,6.147,1.286,0.273,6.42,0,1,7.886,3.857,0.227,8.113,0,1,12.575,7.714,0.273,12.848,0,1,6.804,0.741,-1.266,5.538,0,0,7.656,1.474,-2.727,4.929,0,0,12.768,6,-2.487,10.282,0,0,0.749,0.129,-0.407,0.342,0,0,0.783,0.129,-0.408,0.374,0,0,0.527,0.129,0,0.527,0,1,0.64,0.129,-0.265,0.374,0,0,0,-0.073,0.033,0,0.833,0,-0.073,0.016,0,0.833,13.254,0,13.254,0,87.079,7.95,0,87.079,0,1,0,0,0,0,0,0,0,0,1.348,0.675,5.37,4.861,10.622
KWT2024,KWT,KWT,Kuwait,2024,0,5.575,1.324,0.213,5.787,0,1,7.124,3.971,0.158,7.281,0,1,12.193,7.942,0.213,12.405,0,1,6.797,0.74,-1.303,5.493,0,0,7.674,1.478,-2.808,4.866,0,0,12.937,6.079,-2.306,10.632,0,0,0.72,0.132,-0.378,0.342,0,0,0.734,0.132,-0.359,0.375,0,0,0.51,0.132,0,0.51,0,1,0.652,0.132,-0.277,0.375,0,0,0,-0.075,0.056,0,0.833,0,-0.075,0.029,0,0.833,13.646,0,13.646,0,86.385,7.95,0,86.385,0,1,0,0,0,0,0,0,0,0,1.387,0.675,5.529,4.251,9.168
KGZ2021,KGZ,KGZ,Kyrgyz Republic,2021,0.12,3.218,0.79,0.042,3.26,0,1,4.846,2.371,0.087,4.933,0,1,1.718,1.065,0.042,1.972,0.12,1,6.203,0.807,0.719,6.922,0,1,7.317,1.655,0.719,8.036,0,1,14,7.309,-9.162,5.419,0,0,0.619,0.114,-0.081,0.603,0.12,1,0.599,0.114,-0.094,0.566,0.12,1,0.439,0.114,0.159,0.67,0.12,1,0.505,0.114,0.04,0.61,0.12,1,0,0,0.033,0,0.833,0,0,0.01,0.12,0.667,11.787,0,11.787,0,78.125,7.95,3.664,91.604,0.12,1,0,0,0,0,0,0,0,0.617,1.198,0.051,4.776,4.41,15.162
KGZ2022,KGZ,KGZ,Kyrgyz Republic,2022,0.12,3.315,0.785,0.04,3.355,0,1,4.95,2.355,0.083,5.033,0,1,1.947,0.954,0.04,2.225,0.12,1,6.355,0.827,1.469,7.824,0,1,7.551,1.708,1.469,9.02,0,1,14.729,7.689,-9.862,5.45,0,0,0.861,0.123,-0.183,0.759,0.12,1,0.986,0.123,-0.253,0.821,0.12,1,0.598,0.123,0.139,0.825,0.12,1,0.612,0.123,0.049,0.734,0.12,1,0,0,0.033,0,0.833,0,0,0.01,0.12,0.667,12.729,0,12.729,0,97.9,7.95,5.369,114.643,0.12,1,0,0,0,0,0,0,0,0.728,1.294,0.062,5.158,5.842,31.326
KGZ2023,KGZ,KGZ,Kyrgyz Republic,2023,0.12,2.728,0.814,0.023,2.751,0,1,4.507,2.443,0.054,4.561,0,1,2.149,1.347,0.023,2.432,0.12,1,4.551,0.592,0.548,5.098,0,1,5.799,1.312,0.548,6.347,0,1,13.291,6.938,-8.3,5.59,0,0,0.76,0.129,-0.16,0.672,0.12,1,0.811,0.129,-0.08,0.819,0.12,1,0.535,0.129,0.218,0.843,0.12,1,0.579,0.129,0.049,0.695,0.12,1,0,0,0.037,0,0.833,0,0,0.013,0.12,0.667,13.254,0,13.254,0,83.248,7.95,4.919,97.452,0.12,1,0,0,0,0,0,0,0,0.733,1.348,0.058,5.37,3.466,11.622
KGZ2024,KGZ,KGZ,Kyrgyz Republic,2024,0.12,2.664,0.838,0.02,2.684,0,1,4.374,2.515,0.042,4.416,0,1,2.315,1.533,0.02,2.616,0.12,1,4.685,0.61,0.479,5.164,0,1,5.97,1.351,0.479,6.45,0,1,13.683,7.143,-8.122,6.228,0,0,0.724,0.132,-0.057,0.748,0.12,1,0.75,0.132,0.01,0.851,0.12,1,0.513,0.132,0.251,0.856,0.12,1,0.591,0.132,0.052,0.709,0.12,1,0,0,0.029,0,0.833,0,0,0.013,0.12,0.667,13.646,0,13.646,0,82.588,7.95,5.146,96.682,0.12,1,0,0,0,0,0,0,0,0.733,1.387,0.058,5.529,3.027,10.168
LAO2021,LAO,LAO,Lao P.D.R.,2021,0.1,1.77,0.572,-1.157,0.613,0,0,2.913,1.715,-2.3,0.613,0,0,4.628,3.43,0,5.091,0.1,1,5.923,0.731,0,5.923,0,1,7.066,1.54,0,7.066,0,1,13.926,7.226,0,15.318,0.1,1,0.6,0.11,0.418,1.12,0.1,1,0.639,0.124,0.25,0.979,0.1,1,0.44,0.114,0,0.484,0.1,1,0.56,0.114,0,0.616,0.1,1,0,0,0.075,0,0.667,0,0,0.043,0.1,0.667,11.787,0,11.787,0,81.695,7.95,13.857,105.107,0.1,1,0,0,0,0,0,0,0,1,1.198,0,4.776,3.604,9.408
LAO2022,LAO,LAO,Lao P.D.R.,2022,0.1,1.911,0.617,-1.249,0.662,0,0,3.146,1.852,-2.484,0.662,0,0,4.998,3.704,0.037,5.498,0.1,1,6.401,0.79,0,6.401,0,1,7.635,1.665,0,7.635,0,1,15.043,7.806,0.111,16.548,0.1,1,0.788,0.113,0.598,1.483,0.07,1,0.839,0.109,0.362,1.286,0.07,1,0.589,0.123,0.004,0.647,0.1,1,0.689,0.123,0.005,0.758,0.1,1,0,0,0.048,0,0.667,0,0,0.039,0.1,0.667,12.729,0,12.729,0,102.477,7.95,14.528,127.76,0.1,1,0,0,0,0,0,0,0,1,1.294,0,5.158,7.554,16.097
LAO2023,LAO,LAO,Lao P.D.R.,2023,0.1,1.99,0.643,-1.301,0.689,0,0,3.276,1.928,-2.587,0.689,0,0,5.205,3.857,0.058,5.725,0.1,1,6.662,0.822,0,6.662,0,1,7.947,1.733,0,7.947,0,1,15.661,8.126,0.173,17.227,0.1,1,0.766,0.129,0.528,1.385,0.07,1,0.765,0.131,0.319,1.161,0.07,1,0.527,0.129,0.006,0.58,0.1,1,0.64,0.129,0.007,0.704,0.1,1,0,0,0.039,0,0.667,0,0,0.032,0.1,0.667,13.254,0,13.254,0,87.079,7.95,17.159,113.406,0.1,1,0,0,0,0,0,0,0,1,1.348,0,5.37,4.484,12.529
LAO2024,LAO,LAO,Lao P.D.R.,2024,0.1,2.049,0.662,-1.339,0.71,0,0,3.373,1.985,-2.663,0.71,0,0,5.358,3.971,0.073,5.894,0.1,1,6.857,0.846,0,6.857,0,1,8.18,1.783,0,8.18,0,1,16.122,8.365,0.22,17.734,0.1,1,0.78,0.142,0.529,1.439,0.1,1,0.711,0.131,0.302,1.114,0.1,1,0.51,0.132,0.007,0.561,0.1,1,0.652,0.132,0.009,0.717,0.1,1,0,0,0.04,0,0.667,0,0,0.021,0.1,0.667,13.646,0,13.646,0,86.385,7.95,18.192,113.489,0.1,1,0,0,0,0,0,0,0,1,1.387,0,5.529,3.509,10.896
LVA2021,LVA,LVA,Latvia,2021,0.21,7.696,1.684,1.122,8.819,0,1,12.8,5.801,1.88,14.68,0,1,10.53,6.526,0.412,13.24,0.21,1,19.845,2.192,-1.756,18.088,0,1,19.801,3.896,-1.713,18.088,0,1,22.065,10.83,-12.148,12,0,0,0.619,0.114,0.689,1.583,0.21,1,0.599,0.114,0.602,1.454,0.21,1,0.439,0.114,0.196,0.768,0.21,1,0.505,0.114,0.388,1.08,0.21,1,0,0.015,0.15,0,1,0,0.017,0.21,0.21,1,11.787,0,11.787,0,78.125,7.95,46.319,150.577,0.21,1,0,0,0,0,0,0,0,0,1.198,0,4.776,3.196,9.924
LVA2022,LVA,LVA,Latvia,2022,0.21,14.772,2.294,9.361,24.133,0,1,24.235,10.008,8.893,33.128,0,1,17.529,8.585,0.394,21.687,0.21,1,44.636,4.683,-1.283,43.353,0,1,44.683,8.284,-1.331,43.353,0,1,47.496,22.681,-28.421,23.08,0,0,0.861,0.123,0.695,1.882,0.21,1,0.986,0.123,0.563,1.875,0.21,1,0.598,0.123,0.104,0.85,0.21,1,0.612,0.123,0.646,1.523,0.21,1,0,-0.006,0.162,0,1,0,-0.016,0.227,0.21,1,12.729,0,12.729,0,97.9,7.95,117.716,260.896,0.21,1,0,0,0,0,0,0,0,0,1.294,0,5.158,8.084,34.623
LVA2023,LVA,LVA,Latvia,2023,0.21,11.055,2.518,10.692,21.746,0,1,18.447,9.149,10.159,28.606,0,1,13.852,8.686,0.376,17.216,0.21,1,24.508,2.745,8.243,32.751,0,1,24.607,4.901,8.144,32.751,0,1,27.725,13.734,-11.619,19.487,0,0,0.76,0.129,0.706,1.774,0.21,1,0.811,0.129,0.613,1.724,0.21,1,0.535,0.129,0.131,0.805,0.21,1,0.579,0.129,0.582,1.406,0.21,1,0,-0.004,0.169,0,1,0,-0.011,0.247,0.21,1,13.254,0,13.254,0,83.248,7.95,117.476,242.876,0.21,1,0,0,0,0,0,0,0,0,1.348,0,5.37,5.839,14.444
LVA2024,LVA,LVA,Latvia,2024,0.21,10.254,2.598,7.508,17.762,0,1,17.287,9.417,6.896,24.183,0,1,12.997,8.605,0.388,16.196,0.21,1,25.808,3.259,4.103,29.911,0,1,25.808,5.653,4.103,29.911,0,1,25.808,13.127,-9.726,19.46,0,0,0.724,0.132,0.726,1.755,0.21,1,0.75,0.132,0.665,1.712,0.21,1,0.513,0.132,0.152,0.805,0.21,1,0.591,0.132,0.518,1.343,0.21,1,0,0.002,0.185,0,1,0,-0.008,0.266,0.21,1,13.646,0,13.646,0,82.588,7.95,104.908,226.87,0.21,1,0,0,0,0,0,0,0,0,1.387,0,5.529,6.097,10.123
LBN2021,LBN,LBN,Lebanon,2021,0.11,5.897,1.143,0,5.897,0,1,7.964,3.43,0,7.964,0,1,11.613,6.86,0,12.891,0.11,1,15.305,2.497,0,15.305,0,1,16.449,4.508,0,16.449,0,1,23.309,13.555,0,25.872,0.11,1,0.621,0.114,0.16,0.867,0.11,1,0.593,0.114,0.306,0.998,0,1,0.44,0.114,-0.013,0.474,0.11,1,0.56,0.114,0,0.622,0.11,1,0,0,0.076,0,0.667,0,0,0.036,0.11,0.667,11.787,0,11.787,0,81.695,7.95,0,90.682,0.11,1,0,0,0,0,0,0,0,0,1.198,0,4.776,4.753,14.162
LBN2022,LBN,LBN,Lebanon,2022,0.11,11.72,1.235,0,11.72,0,1,9.783,3.704,0,9.783,0,1,17.893,7.408,0.146,19.862,0.11,1,31.56,5.148,0,31.56,0,1,32.795,8.988,0,32.795,0,1,40.203,23.38,0.327,44.626,0.11,1,0.847,0.123,0.164,1.113,0.11,1,0.947,0.123,0.124,1.071,0,1,0.589,0.123,-0.02,0.625,0.11,1,0.689,0.123,0.006,0.765,0.11,1,0,0,0.015,0,0.667,0,0,0.007,0.11,0.667,12.729,0,12.729,0,102.477,7.95,0.834,113.749,0.11,1,0,0,0,0,0,0,0,0,1.294,0,5.158,10.485,30.326
LBN2023,LBN,LBN,Lebanon,2023,0.11,6.147,1.4,0,6.147,0,1,7.886,3.911,0,7.886,0,1,12.575,7.886,0.153,13.958,0.11,1,11.908,1.334,0,11.908,0,1,13.194,2.628,0,13.194,0,1,20.908,10.357,0.255,23.207,0.11,1,0.749,0.126,0.187,1.026,0.11,1,0.783,0.134,0.13,0.912,0,1,0.527,0.127,-0.011,0.566,0.11,1,0.64,0.139,0.008,0.71,0.11,1,0,0,0.013,0,0.667,0,0,0.01,0.11,0.667,13.254,0,13.254,0,87.079,7.95,1.061,96.658,0.11,1,1,1,0,0,0,0,0,0,1.348,0,5.37,4.861,10.622
LBN2024,LBN,LBN,Lebanon,2024,0.11,5.575,1.412,0,5.575,0,1,7.124,3.881,0,7.124,0,1,12.193,8.072,0.183,13.534,0.11,1,10.492,1.325,0,10.492,0,1,11.815,2.588,0,11.815,0,1,19.757,10.049,0.296,21.93,0.11,1,0.72,0.131,0.199,1.005,0.11,1,0.734,0.135,0.047,0.867,0,1,0.51,0.131,-0.007,0.55,0.11,1,0.652,0.143,0.01,0.724,0.11,1,0,0,0.014,0,0.667,0,0,0.01,0.11,0.667,13.646,0,13.646,0,86.385,7.95,1.294,95.888,0.11,1,1,1,0,0,0,0,0,0,1.387,0,5.529,4.251,9.168
LSO2021,LSO,LSO,Lesotho,2021,0.15,5.897,1.143,0,5.897,0,1,7.964,3.43,0,7.964,0,1,11.613,6.86,0,13.355,0.15,1,16.305,2.204,0,16.305,0,1,17.448,4.08,0,17.448,0,1,24.308,12.946,0,27.955,0.15,1,0.619,0.114,0.192,0.933,0.15,1,0.599,0.114,0.209,0.929,0.15,1,0.439,0.114,0,0.505,0.15,1,0.505,0.114,0.056,0.645,0.15,1,0,0,0.019,0,1,0,0,0.1,0.15,0.833,11.787,0,11.787,0,78.125,7.95,9.135,100.349,0.15,1,0,0,0,0,0,0,0,0,1.198,0,4.776,4.753,15.162
LSO2022,LSO,LSO,Lesotho,2022,0.15,11.72,1.235,0,11.72,0,1,9.783,3.704,0,9.783,0,1,17.893,7.408,0.199,20.577,0.15,1,32.52,4.395,0,32.52,0,1,33.755,7.893,0,33.755,0,1,41.163,21.923,0.457,47.338,0.15,1,0.861,0.123,0.247,1.275,0.15,1,0.986,0.123,0.201,1.366,0.15,1,0.598,0.123,0.007,0.688,0.15,1,0.612,0.123,0.271,1.016,0.15,1,0,0,0.016,0,1,0,0,0.088,0.15,0.833,12.729,0,12.729,0,97.9,7.95,40.15,158.758,0.15,1,0,0,0,0,0,0,0,0,1.294,0,5.158,10.485,31.326
LSO2023,LSO,LSO,Lesotho,2023,0.15,6.147,1.286,0,6.147,0,1,7.886,3.857,0,7.886,0,1,12.575,7.714,0.209,14.461,0.15,1,12.907,1.744,0,12.907,0,1,14.193,3.319,0,14.193,0,1,21.907,11.667,0.364,25.193,0.15,1,0.76,0.129,0.228,1.136,0.15,1,0.811,0.129,0.243,1.213,0.15,1,0.535,0.129,0.009,0.615,0.15,1,0.579,0.129,0.219,0.918,0.15,1,0,0,0.021,0,1,0,0,0.1,0.15,0.833,13.254,0,13.254,0,83.248,7.95,43.547,145.815,0.15,1,0,0,0,0,0,0,0,0,1.348,0,5.37,4.861,11.622
LSO2024,LSO,LSO,Lesotho,2024,0.15,5.575,1.324,0,5.575,0,1,7.124,3.971,0,7.124,0,1,12.193,7.942,0.249,14.022,0.15,1,11.491,1.553,0,11.491,0,1,12.815,2.996,0,12.815,0,1,20.756,11.055,0.424,23.87,0.15,1,0.724,0.132,0.272,1.145,0.15,1,0.75,0.132,0.268,1.17,0.15,1,0.513,0.132,0.01,0.59,0.15,1,0.591,0.132,0.162,0.867,0.15,1,0,0,0.019,0,1,0,0,0.096,0.15,0.833,13.646,0,13.646,0,82.588,7.95,37.36,137.94,0.15,1,0,0,0,0,0,0,0,0,1.387,0,5.529,4.251,10.168
LBR2021,LBR,LBR,Liberia,2021,0.1,5.897,1.143,0,5.897,0,1,7.964,3.43,0,7.964,0,1,11.613,6.86,0,12.775,0.1,1,16.305,2.204,0,16.305,0,1,17.449,4.08,0,17.449,0,1,24.309,12.947,0,26.739,0.1,1,0.619,0.114,0.139,0.834,0.1,0,0.599,0.114,0.325,1.017,0.1,1,0.439,0.114,0,0.483,0.1,1,0.505,0.114,0.224,0.802,0.1,1,0,0,0.179,0,0.833,0,0,0.213,0.1,0.833,11.787,0,11.787,0,78.125,7.95,0,85.938,0.1,1,0,0,0,0,0,0,0,0,1.198,0,4.776,4.753,15.162
LBR2022,LBR,LBR,Liberia,2022,0.1,11.72,1.235,0,11.72,0,1,9.783,3.704,0,9.783,0,1,17.893,7.408,0.132,19.683,0.1,1,32.56,4.401,0,32.56,0,1,33.795,7.902,0,33.795,0,1,41.203,21.945,0.305,45.324,0.1,1,0.861,0.123,0.257,1.23,0.1,0,0.986,0.123,0.384,1.507,0.1,1,0.598,0.123,0.004,0.658,0.1,1,0.612,0.123,0.242,0.933,0.1,1,0,0,0.179,0,0.833,0,0,0.213,0.1,0.833,12.729,0,12.729,0,97.9,7.95,0.725,107.69,0.1,1,0,0,0,0,0,0,0,0,1.294,0,5.158,10.485,31.326
LBR2023,LBR,LBR,Liberia,2023,0.1,6.147,1.286,0,6.147,0,1,7.886,3.857,0,7.886,0,1,12.575,7.714,0.139,13.833,0.1,1,12.908,1.745,0,12.908,0,1,14.194,3.319,0,14.194,0,1,21.908,11.668,0.243,24.098,0.1,1,0.76,0.129,-0.357,0.444,0.1,0,0.811,0.129,0.474,1.413,0.1,1,0.535,0.129,0.006,0.588,0.1,1,0.579,0.129,0.26,0.913,0.1,1,0,0,0.19,0,0.833,0,0,0.264,0.1,0.833,13.254,0,13.254,0,83.248,7.95,0.922,91.573,0.1,1,0,0,0,0,0,0,0,0,1.348,0,5.37,4.861,11.622
LBR2024,LBR,LBR,Liberia,2024,0.1,5.575,1.324,0,5.575,0,1,7.124,3.971,0,7.124,0,1,12.193,7.942,0.166,13.412,0.1,1,11.492,1.553,0,11.492,0,1,12.815,2.997,0,12.815,0,1,20.757,11.055,0.283,22.833,0.1,1,0.724,0.132,-0.357,0.398,0.1,0,0.75,0.132,0.532,1.391,0.1,1,0.513,0.132,0.007,0.564,0.1,1,0.591,0.132,0.27,0.935,0.1,1,0,0,0.196,0,0.833,0,0,0.272,0.1,0.833,13.646,0,13.646,0,82.588,7.95,1.125,90.847,0.1,1,0,0,0,0,0,0,0,0,1.387,0,5.529,4.251,10.168
LBY2021,LBY,LBY,Libya,2021,0,5.897,1.143,0.233,6.13,0,1,7.964,3.43,0.252,8.217,0,1,11.613,6.86,0.233,11.846,0,1,7.447,0.817,-6.685,0.761,0,0,8.018,1.559,-7.799,0.219,0,0,11.448,5.4,-0.656,10.792,0,1,0.621,0.114,-0.587,0.033,0,0,0.593,0.114,-0.56,0.033,0,0,0.44,0.114,-0.43,0.01,0,0,0.56,0.114,-0.54,0.02,0,0,0,-0.028,0,0,1,0,-0.028,0.006,0,1,11.787,0,11.787,0,81.695,7.95,-80.105,1.59,0,0,0,0,0,0,0,0,0,0,1.198,1,6.875,4.753,14.129
LBY2022,LBY,LBY,Libya,2022,0,11.72,1.235,0.555,12.275,0,1,9.783,3.704,0.365,10.148,0,1,17.893,7.408,0.555,18.448,0,1,8.042,0.882,-7.22,0.822,0,0,8.659,1.684,-8.422,0.237,0,0,12.363,5.832,-1.667,10.696,0,1,0.847,0.123,-0.815,0.031,0,0,0.947,0.123,-0.916,0.031,0,0,0.589,0.123,-0.579,0.01,0,0,0.689,0.123,-0.67,0.019,0,0,0,-0.104,0,0,1,0,-0.104,0.005,0,1,12.729,0,12.729,0,102.477,7.95,-100.887,1.59,0,0,0,0,0,0,0,0,0,0,1.294,1,7.424,10.485,28.059
LBY2023,LBY,LBY,Libya,2023,0,6.147,1.286,0.268,6.415,0,1,7.886,3.857,0.252,8.138,0,1,12.575,7.714,0.268,12.843,0,1,8.374,0.919,-7.527,0.846,0,0,9.016,1.753,-8.78,0.237,0,0,12.873,6.073,-0.76,12.114,0,1,0.749,0.129,-0.718,0.031,0,0,0.783,0.129,-0.751,0.031,0,0,0.527,0.129,-0.513,0.014,0,0,0.64,0.129,-0.621,0.019,0,0,0,-0.061,0,0,1,0,-0.061,0.005,0,1,13.254,0,13.254,0,87.079,7.95,-85.489,1.59,0,0,0,0,0,0,0,0,0,0,1.348,1,7.731,4.861,9.261
LBY2024,LBY,LBY,Libya,2024,0,5.575,1.324,0.208,5.783,0,1,7.124,3.971,0.176,7.299,0,1,12.193,7.942,0.208,12.401,0,1,8.26,0.906,-7.389,0.871,0,0,8.922,1.735,-8.678,0.244,0,0,12.892,6.082,-0.696,12.197,0,1,0.72,0.132,-0.688,0.032,0,0,0.734,0.132,-0.702,0.032,0,0,0.51,0.132,-0.496,0.014,0,0,0.652,0.132,-0.633,0.019,0,0,0,-0.063,0,0,1,0,-0.063,0.005,0,1,13.646,0,13.646,0,86.385,7.95,-84.795,1.59,0,0,0,0,0,0,0,0,0,0,1.387,1,7.598,4.251,7.598
LIE2021,LIE,LIE,Liechtenstein,2021,0.077,5.553,1.143,3.278,8.831,0,1,7.964,3.43,3.269,11.234,0,1,11.27,6.86,2.24,14.55,0.077,1,27.896,3.081,-10.453,17.443,0,1,27.853,5.481,-10.41,17.443,0,1,37.014,18.167,-15.073,23.631,0.077,1,0.619,0.114,0.073,0.745,0.077,1,0.599,0.114,0.074,0.725,0.077,1,0.439,0.114,0.046,0.523,0.077,1,0.505,0.114,0.067,0.616,0.077,1,0,0,0,0,1,0,0.016,0.248,0.077,1,11.787,0,11.787,0,78.125,7.95,42.747,130.179,0.077,1,0,0,0,0,0,0,0,0,1.198,0,4.776,4.41,15.162
LIE2022,LIE,LIE,Liechtenstein,2022,0.077,7.077,1.235,8.454,15.531,0,1,9.783,3.704,8.411,18.194,0,1,13.25,7.408,11.56,26.569,0.077,1,44.151,4.632,-8.944,35.207,0,1,44.199,8.194,-8.99,35.209,0,1,53.909,25.744,-13.26,43.778,0.077,1,0.861,0.123,0.312,1.256,0.077,1,0.986,0.123,0.345,1.425,0.077,1,0.598,0.123,0.22,0.876,0.077,1,0.612,0.123,0.314,0.993,0.077,1,0,0,0,0,1,0,0.016,0.238,0.077,1,12.729,0,12.729,0,97.9,7.95,43.51,151.435,0.077,1,0,0,0,0,0,0,0,0,1.294,0,5.158,5.842,31.326
LIE2023,LIE,LIE,Liechtenstein,2023,0.077,4.752,1.286,9.774,14.526,0,1,7.886,3.857,9.721,17.607,0,1,11.18,7.714,12.154,24.918,0.077,1,24.499,2.744,23.233,47.732,0,1,24.598,4.899,23.137,47.734,0,1,34.613,17.146,21.899,60.863,0.077,1,0.76,0.129,0.324,1.158,0.077,1,0.811,0.129,0.358,1.248,0.077,1,0.535,0.129,0.23,0.817,0.077,1,0.579,0.129,0.33,0.972,0.077,1,0,0,0,0,1,0,0.017,0.429,0.077,1,13.254,0,13.254,0,83.248,7.95,49.955,142.247,0.077,1,0,0,0,0,0,0,0,0,1.348,0,5.37,3.466,11.622
LIE2024,LIE,LIE,Liechtenstein,2024,0.077,4.351,1.324,6.411,10.762,0,1,7.124,3.971,6.375,13.499,0,1,10.969,7.942,12.675,25.2,0.077,1,24.941,3.149,10.573,35.514,0,1,24.941,5.464,10.574,35.516,0,1,36.821,18.728,6.906,47.094,0.077,1,0.724,0.132,0.337,1.131,0.077,1,0.75,0.132,0.371,1.195,0.077,1,0.513,0.132,0.239,0.802,0.077,1,0.591,0.132,0.345,0.998,0.077,1,0,0,0,0,1,0,0.017,0.341,0.077,1,13.646,0,13.646,0,82.588,7.95,33.79,124.039,0.077,1,0,0,0,0,0,0,0,0,1.387,0,5.529,3.027,10.168
LTU2021,LTU,LTU,Lithuania,2021,0.21,4.161,1.085,0.629,4.79,0,1,7.446,3.254,0.718,8.164,0,1,9.584,6.508,0.276,11.93,0.21,1,10.282,1.136,6.572,16.854,0,1,10.239,2.015,6.616,16.854,0,1,14.812,7.27,-5.467,11.308,0.21,1,0.619,0.114,0.635,1.517,0.21,1,0.599,0.114,0.554,1.395,0.21,1,0.439,0.114,0.18,0.749,0.21,1,0.505,0.114,0.086,0.715,0.21,1,0,0.013,0.107,0,1,0,0.012,0.167,0.21,1,11.787,0,11.787,0,78.125,7.95,18.405,116.802,0.21,1,0,0,0,0,0,0,0,0.103,1.198,0,4.776,3.291,9.838
LTU2022,LTU,LTU,Lithuania,2022,0.21,7.093,1.235,8.541,15.634,0,1,9.783,3.704,8.52,18.303,0,1,13.266,7.408,0.579,16.497,0.21,1,27.254,2.859,10.709,37.963,0,1,27.302,5.061,10.661,37.963,0,1,32.241,15.396,-9.576,27.424,0.21,1,0.861,0.123,0.625,1.799,0.21,1,0.986,0.123,0.537,1.843,0.21,1,0.598,0.123,0.054,0.789,0.21,1,0.612,0.123,0.414,1.242,0.21,1,0,0.002,0.229,0,1,0,0.002,0.207,0.21,1,12.729,0,12.729,0,97.9,7.95,98.617,237.786,0.21,1,0,0,0,0,0,0,0,0,1.294,0,5.158,5.858,26.718
LTU2023,LTU,LTU,Lithuania,2023,0.21,6.244,1.207,9.898,16.143,0,1,7.318,3.62,9.855,17.174,0,1,12.277,7.239,0.755,15.41,0.21,1,24.357,2.728,1.014,25.371,0,1,24.456,4.871,0.915,25.371,0,1,29.599,14.662,11.385,49.591,0.21,1,0.76,0.129,0.598,1.644,0.21,1,0.811,0.129,0.526,1.618,0.21,1,0.535,0.129,0.006,0.654,0.21,1,0.579,0.129,0.279,1.038,0.21,1,0,-0.008,0.138,0,1,0,-0.009,0.273,0.21,1,13.254,0,13.254,0,83.248,7.95,92.075,212.14,0.21,1,0,0,0,0,0,0,0,0.123,1.348,0,5.37,5.556,23.771
LTU2024,LTU,LTU,Lithuania,2024,0.21,5.582,1.242,6.487,12.069,0,1,6.662,3.726,6.49,13.152,0,1,11.793,7.453,0.823,14.841,0.21,1,12.917,1.631,4.143,17.06,0,1,12.917,2.83,4.143,17.06,0,1,18.212,9.263,-1.627,20.067,0.21,1,0.724,0.132,0.576,1.574,0.21,1,0.75,0.132,0.553,1.576,0.21,1,0.513,0.132,0.064,0.698,0.21,1,0.591,0.132,0.219,0.981,0.21,1,0,0,0.156,0,1,0,0,0.241,0.21,1,13.646,0,13.646,0,82.588,7.95,74.059,189.543,0.21,1,0,0,0,0,0,0,0,0.123,1.387,0,5.529,4.755,11.45
LUX2021,LUX,LUX,Luxembourg,2021,0.17,20.242,1.128,2.388,22.63,0,1,7.832,3.385,2.638,10.47,0,1,25.883,6.77,0,30.284,0.17,1,18.008,1.989,-3.858,14.15,0,1,17.964,3.535,-3.815,14.15,0,1,22.537,11.061,-7.409,17.7,0,1,0.619,0.114,0.727,1.575,0.17,1,0.599,0.114,0.638,1.447,0.17,1,0.439,0.114,0.213,0.763,0.17,1,0.505,0.114,0.166,0.785,0.17,1,0,0,0.07,0,1,0,0.044,0.235,0.17,0.833,11.787,0,11.787,0,78.125,7.95,38.814,136.818,0.17,1,0,0,0,0,0,0,0,0.026,1.198,0,4.776,19.598,8.483
LUX2022,LUX,LUX,Luxembourg,2022,0.17,51.306,1.235,8.414,59.72,0,1,9.783,3.704,8.696,18.479,0,1,57.479,7.408,4.097,71.149,0.17,1,17.17,1.801,15.647,32.817,0,1,17.218,3.192,15.599,32.817,0,1,22.157,10.581,-0.324,25.545,0,1,0.861,0.123,0.648,1.765,0.17,1,0.986,0.123,0.584,1.837,0.17,1,0.598,0.123,0.13,0.851,0.17,1,0.612,0.123,0.455,1.248,0.17,1,0,0,0.095,0,1,0,0.021,0.214,0.17,0.833,12.729,0,12.729,0,97.9,7.95,105.678,238.187,0.17,1,0,0,0,0,0,0,0,0,1.294,0,5.158,50.071,7.554
LUX2023,LUX,LUX,Luxembourg,2023,0.17,25.29,1.283,9.751,35.041,0,1,7.869,3.85,10.033,17.901,0,1,31.707,7.699,4.55,41.636,0.17,1,17.42,1.951,19.513,36.933,0,1,17.519,3.489,19.415,36.933,0,1,22.661,11.226,-0.518,25.908,0,1,0.76,0.129,0.69,1.697,0.17,1,0.811,0.129,0.607,1.659,0.17,1,0.535,0.129,0.112,0.757,0.17,1,0.579,0.129,0.288,1.015,0.17,1,0,0,0.175,0,1,0,-0.115,0.217,0.17,0.833,13.254,0,13.254,0,83.248,7.95,101.368,216,0.17,1,0,0,0,0,0,0,0,0.004,1.348,0,5.37,24.093,7.753
LUX2024,LUX,LUX,Luxembourg,2024,0.17,20.108,1.321,6.39,26.498,0,1,7.109,3.963,6.649,13.758,0,1,26.714,7.927,5.134,36.419,0.17,1,20.004,2.526,5.192,25.196,0,1,20.004,4.382,5.192,25.196,0,1,25.298,12.867,-4.546,24.28,0,1,0.724,0.132,0.698,1.664,0.17,1,0.75,0.132,0.622,1.606,0.17,1,0.513,0.132,0.16,0.787,0.17,1,0.591,0.132,0.224,0.954,0.17,1,0,0,0.147,0,1,0,-0.124,0.219,0.17,0.833,13.646,0,13.646,0,82.588,7.95,81.879,192.427,0.17,1,0,0,0,0,0,0,0,0.004,1.387,0,5.529,18.853,7.81
MAC2021,MAC,MAC,Macao SAR,2021,0,4.747,1.143,0,4.747,0,1,7.964,3.43,0,7.964,0,1,10.464,6.86,0,10.464,0,1,10.551,1.302,0,10.551,0,1,11.694,2.549,0,11.694,0,1,18.554,9.627,0,18.554,0,1,0.621,0.114,0,0.621,0,1,0.593,0.114,0,0.593,0,1,0.44,0.114,0,0.44,0,1,0.56,0.114,0,0.56,0,1,0,0,0.157,0,1,0,0,0.149,0,0.833,11.787,0,11.787,0,81.695,7.95,0,81.695,0,1,0,0,0,0,0,0,0,0,1.198,0,4.776,3.604,9.408
MAC2022,MAC,MAC,Macao SAR,2022,0,8.788,1.235,0,8.788,0,1,9.783,3.704,0,9.783,0,1,14.962,7.408,0,14.962,0,1,17.332,2.139,0,17.332,0,1,18.566,4.048,0,18.566,0,1,25.974,13.478,0,25.974,0,1,0.847,0.123,0,0.847,0,1,0.947,0.123,0,0.947,0,1,0.589,0.123,0,0.589,0,1,0.689,0.123,0,0.689,0,1,0,0,0.16,0,1,0,0,0.155,0,0.833,12.729,0,12.729,0,102.477,7.95,0,102.477,0,1,0,0,0,0,0,0,0,0,1.294,0,5.158,7.554,16.097
MAC2023,MAC,MAC,Macao SAR,2023,0,5.77,1.286,0,5.77,0,1,7.886,3.857,0,7.886,0,1,12.198,7.714,0,12.198,0,1,13.814,1.705,0,13.814,0,1,15.1,3.292,0,15.1,0,1,22.814,11.838,0,22.814,0,1,0.749,0.129,0,0.749,0,1,0.783,0.129,0,0.783,0,1,0.527,0.129,0,0.527,0,1,0.64,0.129,0,0.64,0,1,0,0,0.161,0,1,0,0,0.156,0,0.833,13.254,0,13.254,0,87.079,7.95,0,87.079,0,1,0,0,0,0,0,0,0,0,1.348,0,5.37,4.484,12.529
MAC2024,MAC,MAC,Macao SAR,2024,0,4.833,1.324,0,4.833,0,1,7.124,3.971,0,7.124,0,1,11.451,7.942,0,11.451,0,1,12.219,1.508,0,12.219,0,1,13.543,2.952,0,13.543,0,1,21.484,11.148,0,21.484,0,1,0.72,0.132,0,0.72,0,1,0.734,0.132,0,0.734,0,1,0.51,0.132,0,0.51,0,1,0.652,0.132,0,0.652,0,1,0,0,0.162,0,1,0,0,0.157,0,0.833,13.646,0,13.646,0,86.385,7.95,0,86.385,0,1,0,0,0,0,0,0,0,0,1.387,0,5.529,3.509,10.896
MDG2021,MDG,MDG,Madagascar,2021,0.2,5.659,1.238,0.238,5.897,0,1,7.512,3.404,0.906,8.418,0,1,11.376,7.05,0.238,13.936,0.2,1,5.919,0.8,-0.002,5.917,0,1,7.062,1.651,-0.001,7.061,0,1,13.922,7.415,-0.001,16.705,0.2,1,0.619,0.113,0.273,1.071,0.2,1,0.503,0.097,0.237,0.888,0.2,1,0.44,0.114,0.019,0.551,0.2,0,0.491,0.109,-0.028,0.556,0.2,1,0,0,0.117,0,0.667,0,0,0.153,0.2,0.833,11.787,0,11.787,0,75.786,5.611,-2.098,88.426,0.2,1,0,0,0,0,0,0,0,0,1.198,0,4.776,4.753,15.162
MDG2022,MDG,MDG,Madagascar,2022,0.2,11.196,1.739,0.524,11.72,0,1,9.174,3.788,1.216,10.39,0,1,17.104,8.377,0.789,21.472,0.2,1,6.392,0.864,-0.002,6.39,0,1,7.627,1.783,-0.002,7.625,0,1,15.035,8.008,-0.002,18.04,0.2,1,0.861,0.123,0.149,1.212,0.2,1,0.814,0.106,0.025,1.006,0.2,1,0.592,0.122,-0.056,0.643,0.2,0,0.598,0.117,-0.134,0.557,0.2,1,0,0,0.108,0,0.667,0,0,0.141,0.2,0.833,12.729,0,12.729,0,94.901,4.952,-21.351,88.261,0.2,1,0,0,0,0,0,0,0,0,1.294,0,5.158,10.485,31.326
MDG2023,MDG,MDG,Madagascar,2023,0.2,5.904,1.345,0.243,6.147,0,1,7.483,3.711,0.806,8.289,0,1,12.054,7.559,0.521,15.09,0.2,1,6.656,0.9,-0.002,6.654,0,1,7.942,1.857,-0.002,7.94,0,1,15.656,8.338,-0.002,18.784,0.2,1,0.761,0.128,0.349,1.332,0.2,1,0.675,0.116,0.247,1.106,0.2,1,0.527,0.127,-0.138,0.467,0.2,0,0.564,0.123,-0.107,0.549,0.2,1,0,0,0.112,0,0.667,0,0,0.13,0.2,0.833,13.254,0,13.254,0,80.739,5.441,-8.051,87.225,0.2,1,0,0,0,0,0,0,0,0,1.348,0,5.37,4.861,11.622
MDG2024,MDG,MDG,Madagascar,2024,0.2,5.362,1.358,0.213,5.575,0,1,6.83,3.72,0.632,7.462,0,1,11.65,7.713,0.546,14.635,0.2,1,6.853,0.926,0,6.853,0,1,8.176,1.912,0.001,8.177,0,1,16.118,8.584,0.004,19.346,0.2,1,0.684,0.124,0.362,1.255,0.2,1,0.593,0.109,0.276,1.043,0.2,1,0.505,0.13,-0.142,0.436,0.2,0,0.56,0.123,-0.129,0.517,0.2,1,0,0,0.178,0,0.667,0,0,0.128,0.2,0.833,13.646,0,13.646,0,78.089,3.451,-4.42,88.403,0.2,1,0,0,0,0,0,0,0,0,1.387,0,5.529,4.251,10.168
MWI2021,MWI,MWI,Malawi,2021,0.165,5.897,1.143,0,5.897,0,1,7.964,3.43,0,7.964,0,1,11.613,6.86,0,13.53,0.165,1,16.297,2.203,0,16.297,0,1,17.44,4.078,0,17.44,0,1,24.3,12.942,0,28.309,0.165,1,0.619,0.114,0.398,1.19,0.17,1,0.599,0.114,0.409,1.18,0.17,1,0.439,0.114,0.823,1.471,0.165,1,0.505,0.114,0.276,0.91,0.165,1,0,0,0.142,0,0.833,0,0,0.081,0.165,0.833,11.787,0,11.787,0,78.125,7.95,44.918,143.345,0.165,1,0,0,0,0,0,0,0,0,1.198,0,4.776,4.753,15.162
MWI2022,MWI,MWI,Malawi,2022,0.165,11.72,1.235,0,11.72,0,1,9.783,3.704,0,9.783,0,1,17.893,7.408,0.219,20.846,0.165,1,32.539,4.398,0,32.539,0,1,33.774,7.897,0,33.774,0,1,41.182,21.933,0.503,47.977,0.165,1,0.861,0.123,0.583,1.69,0.17,1,0.986,0.123,0.501,1.74,0.17,1,0.598,0.123,0.73,1.547,0.165,1,0.612,0.123,0.383,1.16,0.165,1,0,0,0.12,0,0.833,0,0,0.069,0.165,0.833,12.729,0,12.729,0,97.9,7.95,58.218,181.878,0.165,1,0,0,0,0,0,0,0,0,1.294,0,5.158,10.485,31.326
MWI2023,MWI,MWI,Malawi,2023,0.165,6.147,1.286,0,6.147,0,1,7.886,3.857,0,7.886,0,1,12.575,7.714,0.23,14.65,0.165,1,12.835,1.735,0,12.835,0,1,14.121,3.302,0,14.121,0,1,21.835,11.629,0.399,25.437,0.165,1,0.76,0.129,0.547,1.53,0.17,1,0.811,0.129,0.719,1.79,0.17,1,0.535,0.129,0.62,1.345,0.165,1,0.579,0.129,0.442,1.19,0.165,1,0,0,0.136,0,0.833,0,0,0.071,0.165,0.833,13.254,0,13.254,0,83.248,7.95,78.599,188.551,0.165,1,0,0,0,0,0,0,0,0,1.348,0,5.37,4.861,11.622
MWI2024,MWI,MWI,Malawi,2024,0.165,5.575,1.324,0,5.575,0,1,7.124,3.971,0,7.124,0,1,12.193,7.942,0.274,14.205,0.165,1,11.438,1.546,0,11.438,0,1,12.761,2.984,0,12.761,0,1,20.703,11.026,0.465,24.119,0.165,1,0.724,0.132,0.532,1.47,0.17,1,0.75,0.132,0.609,1.59,0.17,1,0.513,0.132,0.437,1.107,0.165,1,0.591,0.132,0.361,1.11,0.165,1,0,0,0.159,0,0.833,0,0,0.064,0.165,0.833,13.646,0,13.646,0,82.588,7.95,67.484,174.834,0.165,1,0,0,0,0,0,0,0,0,1.387,0,5.529,4.251,10.168
MYS2021,MYS,MYS,Malaysia,2021,0.1,4.452,1.087,0,4.452,0,1,7.463,3.26,0,7.463,0,1,9.884,6.519,0,9.884,0,1,6.618,0.855,-0.017,6.601,0,1,7.298,1.639,-0.56,6.738,0,1,11.375,5.865,-5.676,6.268,0,0,0.621,0.114,-0.131,0.489,0,0,0.593,0.114,-0.077,0.516,0,0,0.44,0.114,-0.09,0.35,0,0,0.56,0.114,0.001,0.562,0,1,0,0,0.092,0,0.333,0,0,0.053,0.1,0.333,11.787,0,11.787,0,81.695,7.95,0.211,90.097,0.1,1,0,0,0,0,0,0,0,0.099,1.198,0.811,4.606,3.604,14.129
MYS2022,MYS,MYS,Malaysia,2022,0.1,8.189,1.181,0,8.189,0,1,9.205,3.543,0,9.205,0,1,14.094,7.086,0,14.094,0,1,11.476,1.482,-4.347,7.129,0,1,12.252,2.751,-4.173,8.079,0,1,16.907,8.718,-10.079,7.511,0,0,0.847,0.123,-0.381,0.466,0,0,0.947,0.123,-0.458,0.489,0,0,0.589,0.123,-0.252,0.337,0,0,0.689,0.123,0.002,0.691,0,1,0,-0.014,0.086,0,0.333,0,-0.014,0.05,0.1,0.333,12.729,0,12.729,0,102.477,7.95,-2.479,109.189,0.1,1,0,0,0,0,0,0,0,0.087,1.294,0.743,4.974,7.554,28.059
MYS2023,MYS,MYS,Malaysia,2023,0.1,5.398,1.222,0,5.398,0,1,7.432,3.667,0,7.432,0,1,11.509,7.334,0,11.509,0,1,6.841,0.884,0.582,7.423,0,1,7.623,1.712,0.173,7.796,0,1,12.312,6.349,-5.723,7.248,0,0,0.749,0.129,-0.299,0.449,0,0,0.783,0.129,-0.311,0.471,0,0,0.527,0.129,-0.198,0.329,0,0,0.64,0.129,0.002,0.641,0,1,0,0,0.081,0,0.333,0,0,0.046,0.1,0.333,13.254,0,13.254,0,87.079,7.95,-2.476,92.044,0.1,1,0,0,0,0,0,0,0,0.099,1.348,0.784,5.179,4.484,9.261
MYS2024,MYS,MYS,Malaysia,2024,0.1,4.558,1.258,0,4.558,0,1,6.754,3.775,0,6.754,0,1,10.851,7.55,0,10.851,0,1,6.626,0.856,1.017,7.642,0,1,7.43,1.669,0.339,7.769,0,1,12.258,6.321,-5.692,7.223,0,0,0.72,0.132,-0.272,0.448,0,0,0.734,0.132,-0.149,0.585,0,0,0.51,0.132,-0.182,0.329,0,0,0.652,0.132,0.002,0.654,0,1,0,0,0.11,0,0.333,0,0,0.043,0.1,0.333,13.646,0,13.646,0,86.385,7.95,-2.383,91.161,0.1,1,0,0,0,0,0,0,0,0.099,1.387,0.784,5.332,3.509,7.598
MDV2021,MDV,MDV,Maldives,2021,0.06,4.747,1.143,0,4.747,0,1,7.964,3.43,0,7.964,0,1,10.464,6.86,0,11.092,0.06,1,17.987,2.1,0,17.987,0,1,19.13,3.956,0,19.13,0,1,25.99,12.953,0,27.549,0.06,1,0.621,0.114,0.128,0.748,0,1,0.593,0.114,0.093,0.686,0,1,0.44,0.114,0.419,0.911,0.06,1,0.56,0.114,0,0.594,0.06,1,0,0,0.215,0,0.833,0,0,0.15,0,0.833,11.787,0,11.787,0,81.695,7.95,0,86.597,0.06,1,0,0,0,0,0,0,0,0,1.198,0,4.776,3.604,16.843
MDV2022,MDV,MDV,Maldives,2022,0.06,8.788,1.235,0,8.788,0,1,9.783,3.704,0,9.783,0,1,14.962,7.408,0.066,15.86,0.06,1,31.383,3.665,0,31.383,0,1,32.618,6.745,0,32.618,0,1,40.026,19.948,0.178,42.428,0.06,1,0.847,0.123,0.138,0.985,0,1,0.947,0.123,0.053,1,0,1,0.589,0.123,0.451,1.097,0.06,1,0.689,0.123,0.003,0.73,0.06,1,0,0,0.232,0,0.833,0,0,0.128,0,0.833,12.729,0,12.729,0,102.477,7.95,0.455,108.625,0.06,1,0,0,0,0,0,0,0,0,1.294,0,5.158,7.554,30.149
MDV2023,MDV,MDV,Maldives,2023,0.06,5.77,1.286,0,5.77,0,1,7.886,3.857,0,7.886,0,1,12.198,7.714,0.081,12.93,0.06,1,13.678,1.597,0,13.678,0,1,14.963,3.094,0,14.963,0,1,22.677,11.302,0.151,24.038,0.06,1,0.749,0.129,0.144,0.892,0,1,0.783,0.129,0.24,1.022,0,1,0.527,0.129,0.476,1.057,0.06,1,0.64,0.129,0.004,0.678,0.06,1,0,0,0.242,0,0.833,0,0,0.101,0,0.833,13.254,0,13.254,0,87.079,7.95,0.578,92.304,0.06,1,0,0,0,0,0,0,0,0,1.348,0,5.37,4.484,12.392
MDV2024,MDV,MDV,Maldives,2024,0.06,4.833,1.324,0,4.833,0,1,7.124,3.971,0,7.124,0,1,11.451,7.942,0.094,12.138,0.06,1,12.116,1.415,0,12.116,0,1,13.439,2.779,0,13.439,0,1,21.381,10.656,0.175,22.664,0.06,1,0.72,0.132,0.148,0.868,0,1,0.734,0.132,0.201,0.935,0,1,0.51,0.132,0.493,1.055,0.06,1,0.652,0.132,0.005,0.691,0.06,1,0,0,0.249,0,0.833,0,0,0.106,0,0.833,13.646,0,13.646,0,86.385,7.95,0.706,91.569,0.06,1,0,0,0,0,0,0,0,0,1.387,0,5.529,3.509,10.792
MLI2021,MLI,MLI,Mali,2021,0.18,5.659,1.238,0.238,5.897,0,1,7.737,3.507,0.227,7.964,0,1,11.613,6.86,-8.687,2.926,0,0,16.305,2.204,0,16.305,0,1,17.449,4.08,0,17.449,0,1,24.309,12.947,0,28.684,0.18,1,0.579,0.106,0.479,1.248,0.18,1,0.551,0.106,0.364,1.079,0.18,1,0.424,0.109,0.016,0.519,0.18,1,0.473,0.105,0.884,1.601,0.18,1,0,0,0.183,0,1,0,0,0.214,0.18,0.833,11.787,0,11.787,0,72.456,2.281,143.319,254.615,0.18,1,0,0,0,0,0.109,0,0,0,1.198,0,4.776,4.753,15.162
MLI2022,MLI,MLI,Mali,2022,0.18,11.196,1.739,0.524,11.72,0,1,9.479,3.914,0.304,9.783,0,1,17.893,7.408,-14.799,3.094,0,0,32.56,4.401,0,32.56,0,1,33.795,7.902,0,33.795,0,1,41.203,21.945,0,48.62,0.18,1,0.804,0.115,0.127,1.098,0.18,1,0.9,0.117,-0.091,0.955,0.18,1,0.567,0.117,0.032,0.707,0.18,1,0.573,0.112,0.649,1.443,0.18,1,0,0,0.177,0,1,0,0,0.215,0.18,0.833,12.729,0,12.729,0,90.634,0.684,103.785,229.415,0.18,1,0,0,0,0,0.042,0,0,0,1.294,0,5.158,10.485,31.326
MLI2023,MLI,MLI,Mali,2023,0.18,5.904,1.345,0.243,6.147,0,1,7.685,3.811,0.201,7.886,0,1,12.575,7.714,-8.887,3.688,0,0,12.908,1.745,0,12.908,0,1,14.194,3.319,0,14.194,0,1,21.908,11.668,0,25.851,0.18,1,0.71,0.12,0.529,1.462,0.18,1,0.743,0.127,0.44,1.396,0.18,1,0.505,0.121,0.031,0.633,0.18,1,0.543,0.118,0.544,1.283,0.18,1,0,0,0.185,0,1,0,0,0.226,0.18,0.833,13.254,0,13.254,0,77.166,1.868,95.662,203.937,0.18,1,0,0,0,0,0.076,0,0,0,1.348,0,5.37,4.861,11.622
MLI2024,MLI,MLI,Mali,2024,0.18,5.362,1.358,0.213,5.575,0,1,6.987,3.806,0.158,7.145,0,1,12.193,7.942,-9.286,2.907,0,0,11.492,1.553,0,11.492,0,1,12.815,2.997,0.001,12.816,0,1,20.757,11.055,0.004,24.498,0.18,1,0.678,0.123,0.522,1.415,0.18,1,0.688,0.126,0.466,1.362,0.18,1,0.482,0.124,0.032,0.607,0.18,1,0.526,0.116,0.593,1.321,0.18,1,0,0,0.171,0,1,0,0,0.236,0.18,0.833,13.646,0,13.646,0,76.56,1.922,78.998,183.559,0.18,1,0,0,0,0,0.095,0,0,0,1.387,0,5.529,4.251,10.168
MLT2021,MLT,MLT,Malta,2021,0.18,5.897,1.143,2.365,8.262,0,1,7.964,3.43,2.41,10.375,0,1,11.613,6.86,0,13.704,0.18,1,15.305,1.143,1.399,16.705,0,1,16.449,2.287,1.399,17.848,0,1,23.309,9.147,0,27.504,0.18,1,0.621,0.114,0.723,1.585,0.18,1,0.593,0.114,0.62,1.431,0.18,1,0.44,0.114,0.026,0.55,0.18,1,0.56,0.114,0.442,1.183,0.18,1,0,0.002,0.128,0,1,0,0.002,0.154,0.18,0.667,11.787,0,11.787,0,81.695,7.95,87.651,199.829,0.18,1,0,0,0,0,0,0,0,0,1.198,0,4.776,4.753,14.162
MLT2022,MLT,MLT,Malta,2022,0.18,11.72,1.235,8.16,19.88,0,1,9.783,3.704,8.315,18.098,0,1,17.893,7.408,0.238,21.114,0.18,1,31.56,1.235,4.828,36.388,0,1,32.795,2.469,4.828,37.623,0,1,40.203,9.878,0.536,47.44,0.18,1,0.847,0.123,0.349,1.411,0.18,1,0.947,0.123,0.133,1.274,0.18,1,0.589,0.123,0.038,0.73,0.18,1,0.689,0.123,0.204,1.053,0.18,1,0,0.002,0.1,0,1,0,0.002,0.136,0.18,0.667,12.729,0,12.729,0,102.477,7.95,73.838,208.051,0.18,1,0,0,0,0,0,0,0,0,1.294,0,5.158,10.485,30.326
MLT2023,MLT,MLT,Malta,2023,0.18,6.147,1.286,9.457,15.604,0,1,7.886,3.857,9.636,17.522,0,1,12.575,7.714,0.251,14.839,0.18,1,11.908,1.246,5.595,17.503,0,1,13.194,2.493,5.595,18.788,0,1,20.908,9.972,0.417,24.671,0.18,1,0.749,0.129,0.479,1.449,0.18,1,0.783,0.129,0.326,1.308,0.18,1,0.527,0.129,0.041,0.658,0.18,1,0.64,0.129,0.277,1.081,0.18,1,0,0.002,0.116,0,1,0,0.002,0.137,0.18,0.667,13.254,0,13.254,0,87.079,7.95,98.506,218.991,0.18,1,0,0,0,0,0,0,0,0,1.348,0,5.37,4.861,10.622
MLT2024,MLT,MLT,Malta,2024,0.18,5.575,1.324,6.197,11.772,0,1,7.124,3.971,6.315,13.439,0,1,12.193,7.942,0.299,14.388,0.18,1,10.492,1.283,3.667,14.159,0,1,11.815,2.567,3.667,15.483,0,1,19.757,10.266,0.484,23.313,0.18,1,0.72,0.132,0.509,1.45,0.18,1,0.734,0.132,0.376,1.31,0.18,1,0.51,0.132,0.043,0.638,0.18,1,0.652,0.132,0.312,1.11,0.18,1,0,0.002,0.112,0,1,0,0.002,0.139,0.18,0.667,13.646,0,13.646,0,86.385,7.95,85.602,202.946,0.18,1,0,0,0,0,0,0,0,0,1.387,0,5.529,4.251,9.168
MHL2021,MHL,MHL,Marshall Islands,2021,0,4.747,1.143,0,4.747,0,1,7.964,3.43,0,7.964,0,1,10.464,6.86,0,10.464,0,1,10.551,1.302,0,10.551,0,1,11.694,2.549,0,11.694,0,1,18.554,9.627,0,18.554,0,1,0.621,0.114,0,0.621,0,1,0.593,0.114,0,0.593,0,1,0.44,0.114,0,0.44,0,1,0.56,0.114,0,0.56,0,1,0,0,0,0,1,0,0,0,0,1,11.787,0,11.787,0,81.695,7.95,0,81.695,0,1,0,0,0,0,0,0,0,0,1.198,0,4.776,3.604,9.408
MHL2022,MHL,MHL,Marshall Islands,2022,0,8.788,1.235,0,8.788,0,1,9.783,3.704,0,9.783,0,1,14.962,7.408,0,14.962,0,1,17.332,2.139,0,17.332,0,1,18.566,4.048,0,18.566,0,1,25.974,13.478,0,25.974,0,1,0.847,0.123,0,0.847,0,1,0.947,0.123,0,0.947,0,1,0.589,0.123,0,0.589,0,1,0.689,0.123,0,0.689,0,1,0,0,0,0,1,0,0,0,0,1,12.729,0,12.729,0,102.477,7.95,0,102.477,0,1,0,0,0,0,0,0,0,0,1.294,0,5.158,7.554,16.097
MHL2023,MHL,MHL,Marshall Islands,2023,0,5.77,1.286,0,5.77,0,1,7.886,3.857,0,7.886,0,1,12.198,7.714,0,12.198,0,1,13.814,1.705,0,13.814,0,1,15.1,3.292,0,15.1,0,1,22.814,11.838,0,22.814,0,1,0.749,0.129,0,0.749,0,1,0.783,0.129,0,0.783,0,1,0.527,0.129,0,0.527,0,1,0.64,0.129,0,0.64,0,1,0,0,0,0,1,0,0,0,0,1,13.254,0,13.254,0,87.079,7.95,0,87.079,0,1,0,0,0,0,0,0,0,0,1.348,0,5.37,4.484,12.529
MHL2024,MHL,MHL,Marshall Islands,2024,0,4.833,1.324,0,4.833,0,1,7.124,3.971,0,7.124,0,1,11.451,7.942,0,11.451,0,1,12.219,1.508,0,12.219,0,1,13.543,2.952,0,13.543,0,1,21.484,11.148,0,21.484,0,1,0.72,0.132,0,0.72,0,1,0.734,0.132,0,0.734,0,1,0.51,0.132,0,0.51,0,1,0.652,0.132,0,0.652,0,1,0,0,0,0,1,0,0,0,0,1,13.646,0,13.646,0,86.385,7.95,0,86.385,0,1,0,0,0,0,0,0,0,0,1.387,0,5.529,3.509,10.896
MRT2021,MRT,MRT,Mauritania,2021,0.16,5.897,1.143,0,5.897,0,1,7.964,3.43,0,7.964,0,1,11.613,6.86,0,13.471,0.16,1,6.913,0.934,0,6.913,0,1,8.056,1.884,0,8.056,0,1,14.916,7.944,0,17.303,0.16,1,0.619,0.114,0.424,1.21,0.16,1,0.599,0.114,0.32,1.067,0.16,1,0.439,0.114,-0.099,0.34,0,0,0.505,0.114,0.659,1.35,0.16,1,0,0,0.164,0,0.667,0,0,0.164,0,0.667,11.787,0,11.787,0,78.125,7.95,0,90.625,0.16,1,0,0,0,0,0,0,0,0,1.198,0,4.949,4.753,15.162
MRT2022,MRT,MRT,Mauritania,2022,0.16,11.72,1.235,0,11.72,0,1,9.783,3.704,0,9.783,0,1,17.893,7.408,0.212,20.756,0.16,1,6.579,0.889,0,6.579,0,1,7.814,1.827,0,7.814,0,1,15.222,8.107,0.18,17.657,0.16,1,0.861,0.123,0.277,1.321,0.16,1,0.986,0.123,0.018,1.164,0.16,1,0.598,0.123,-0.272,0.326,0,0,0.612,0.123,0.505,1.296,0.16,1,0,0,0.159,0,0.667,0,0,0.159,0,0.667,12.729,0,12.729,0,97.9,7.95,1.159,113.564,0.16,1,0,0,0,0,0,0,0,0,1.294,0,5.344,10.485,31.326
MRT2023,MRT,MRT,Mauritania,2023,0.16,6.147,1.286,0,6.147,0,1,7.886,3.857,0,7.886,0,1,12.575,7.714,0.223,14.587,0.16,1,6.85,0.926,0,6.85,0,1,8.136,1.902,0,8.136,0,1,15.85,8.442,0.281,18.386,0.16,1,0.76,0.129,0.532,1.499,0.16,1,0.811,0.129,0.329,1.323,0.16,1,0.535,0.129,-0.211,0.324,0,0,0.579,0.129,0.532,1.289,0.16,1,0,0,0.165,0,0.667,0,0,0.165,0,0.667,13.254,0,13.254,0,83.248,7.95,1.475,96.568,0.16,1,0,0,0,0,0,0,0,0,1.348,0,5.565,4.861,11.622
MRT2024,MRT,MRT,Mauritania,2024,0.16,5.575,1.324,0,5.575,0,1,7.124,3.971,0,7.124,0,1,12.193,7.942,0.266,14.144,0.16,1,7.053,0.953,0,7.053,0,1,8.376,1.959,0,8.376,0,1,16.318,8.691,0.356,18.929,0.16,1,0.724,0.132,0.383,1.285,0.16,1,0.75,0.132,0.286,1.202,0.16,1,0.513,0.132,-0.194,0.319,0,0,0.591,0.132,0.544,1.317,0.16,1,0,0,0.17,0,0.667,0,0,0.17,0,0.667,13.646,0,13.646,0,82.588,7.95,1.8,95.802,0.16,1,0,0,0,0,0,0,0,0,1.387,0,5.729,4.251,10.168
MUS2021,MUS,MUS,Mauritius,2021,0.15,5.897,1.143,0,5.897,0,1,7.964,3.43,0.227,8.192,0,1,11.613,6.86,0,13.355,0.15,1,6.258,0.846,0,6.258,0,1,7.401,1.731,0,7.401,0,1,14.261,7.595,0,16.401,0.15,1,0.601,0.11,0.301,1.047,0.16,1,0.586,0.113,0.21,0.922,0.16,1,0.329,0.085,0.005,0.334,0,1,0.885,0.196,0.122,1.168,0.16,1,0,0,0.13,0,0.333,0,0,0.145,0.15,0.5,11.787,0,11.787,0,72.879,2.704,12.966,85.846,0,1,0,0,0,0,0,0,0,0,1.198,0,4.776,4.753,15.162
MUS2022,MUS,MUS,Mauritius,2022,0.15,11.72,1.235,0,11.72,0,1,9.783,3.704,0.245,10.028,0,1,17.893,7.408,0.199,20.577,0.15,1,6.392,0.864,0,6.392,0,1,7.627,1.783,0,7.627,0,1,15.035,8.008,0.167,17.29,0.15,1,0.526,0.075,0.326,0.988,0.16,1,0.515,0.067,0.235,0.87,0.16,1,0.309,0.064,0.006,0.315,0,1,0.844,0.165,0.106,1.102,0.16,1,0,0,0.122,0,0.333,0,0,0.137,0.15,0.5,12.729,0,12.729,0,74.241,-15.709,13.531,87.772,0,1,0,0,0,0,0,0,0,0,1.294,0,5.158,10.485,31.326
MUS2023,MUS,MUS,Mauritius,2023,0.15,5.882,1.245,0,5.882,0,1,7.592,3.734,0.255,7.848,0,1,12.105,7.468,0.201,13.921,0.15,1,6.656,0.9,0,6.656,0,1,7.942,1.857,0,7.942,0,1,15.656,8.338,0.26,18.004,0.15,1,0.743,0.125,0.336,1.251,0.16,1,0.647,0.111,0.305,1.104,0.16,1,0.302,0.073,0.005,0.308,0,1,0.779,0.17,0.148,1.076,0.16,1,0,0,0.128,0,0.333,0,0,0.135,0.15,0.5,13.254,0,13.254,0,97.506,22.208,15.104,112.61,0,1,0,0,0,0,0,0,0,0.064,1.348,0,5.37,4.861,11.622
MUS2024,MUS,MUS,Mauritius,2024,0.15,5.35,1.281,0,5.35,0,1,6.884,3.844,0.263,7.147,0,1,11.757,7.689,0.24,13.521,0.15,1,3.781,0.511,0,3.781,0,1,5.104,1.194,0,5.104,0,1,13.046,6.948,0.267,15.003,0.15,1,0.712,0.129,0.34,1.22,0.16,1,0.648,0.119,0.279,1.076,0.16,1,0.295,0.076,0.005,0.3,0,1,0.758,0.167,0.146,1.049,0.16,1,0,0,0.136,0,0.333,0,0,0.132,0.15,0.5,13.646,0,13.646,0,100.885,26.247,15.313,116.198,0,1,0,0,0,0,0,0,0,0.064,1.387,0,5.529,4.251,10.168
MEX2021,MEX,MEX,Mexico,2021,0.16,2.755,0.603,0.047,2.802,0,1,3.178,1.44,0.049,3.227,0,1,8.807,5.482,0.047,10.27,0.16,1,5.149,0.569,0.034,5.182,0,1,14.015,2.758,-7.356,6.659,0,1,19.346,9.495,-4.052,17.741,0.16,1,0.649,0.114,0.204,0.99,0.16,1,0.577,0.114,0.335,1.058,0.16,1,0.458,0.114,0.114,0.663,0.16,1,0.491,0.114,0.285,0.9,0.16,1,0,-0.007,0.101,0,1,0,-0.007,0.109,0.16,0.667,11.787,0,11.787,0,78.125,7.95,-26.724,59.625,0,1,0,0,0,0,0,1.744,6.028,0,1.198,0,6.891,4.753,15.983
MEX2022,MEX,MEX,Mexico,2022,0.16,6.927,1.076,0.017,6.944,0,1,4.787,1.977,0.018,4.805,0,1,13.543,6.158,0.178,15.729,0.16,1,5.125,0.538,0.058,5.184,0,1,27.708,5.137,-19.093,8.615,0,1,33.587,16.039,-16.538,19.777,0.16,1,0.896,0.123,0.012,1.053,0.16,1,0.89,0.123,0.083,1.129,0.16,1,0.62,0.123,-0.028,0.687,0.16,1,0.608,0.123,0.189,0.924,0.16,1,0,-0.011,0.086,0,1,0,-0.011,0.116,0.16,0.667,12.729,0,12.729,0,97.9,7.95,-14.562,96.672,0,1,0,0,0,0,0,2.163,6.73,0,1.294,0,7.442,10.485,29.494
MEX2023,MEX,MEX,Mexico,2023,0.16,3.215,0.732,0.021,3.236,0,1,3.523,1.747,0.022,3.545,0,1,10.007,6.37,0.198,11.632,0.16,1,5.575,0.625,0.083,5.659,0,1,9.508,1.894,-3.056,6.452,0,1,15.693,7.774,0.774,19.103,0.16,1,0.791,0.129,0.29,1.253,0.16,1,0.618,0.129,0.528,1.329,0.16,1,0.554,0.129,-0.093,0.535,0.16,1,0.557,0.129,0.383,1.091,0.16,1,0,-0.002,0.121,0,1,0,-0.002,0.136,0.16,0.667,13.254,0,13.254,0,83.248,7.95,15.09,114.072,0,1,0,0,0,0,0,2.334,7.113,0,1.348,0,7.749,4.861,11.192
MEX2024,MEX,MEX,Mexico,2024,0.16,2.863,0.725,0.025,2.888,0,1,3.06,1.667,0.026,3.085,0,1,9.811,6.558,0.239,11.41,0.16,1,4.758,0.601,0.086,4.844,0,1,3.757,0.823,0.086,3.843,0,1,10.459,5.32,0,12.132,0.16,1,0.756,0.132,0.336,1.267,0.16,1,0.655,0.132,0.504,1.344,0.16,1,0.534,0.132,-0.046,0.565,0.16,1,0.568,0.132,0.237,0.934,0.16,1,0,-0.002,0.147,0,1,0,-0.002,0.131,0.16,0.667,13.646,0,13.646,0,82.588,7.95,1.588,97.644,0,1,0,0,0,0,0,2.582,7.288,0,1.387,0,7.978,4.251,10.123
FSM2021,FSM,FSM,Micronesia,2021,0,4.747,1.143,0,4.747,0,1,7.964,3.43,0,7.964,0,1,10.464,6.86,0,10.464,0,1,10.551,1.302,0,10.551,0,1,11.694,2.549,0,11.694,0,1,18.554,9.627,0,18.554,0,1,0.621,0.114,0.726,1.346,0,1,0.593,0.114,0.877,1.471,0,1,0.44,0.114,0,0.44,0,1,0.56,0.114,0.042,0.603,0,1,0,0,0.471,0,1,0,0,0.435,0,1,11.787,0,11.787,0,81.695,7.95,0,81.695,0,1,0,0,0,0,0,0,0,0,1.198,0,4.776,3.604,9.408
FSM2022,FSM,FSM,Micronesia,2022,0,8.788,1.235,0,8.788,0,1,9.783,3.704,0,9.783,0,1,14.962,7.408,0,14.962,0,1,17.332,2.139,0,17.332,0,1,18.566,4.048,0,18.566,0,1,25.974,13.478,0,25.974,0,1,0.847,0.123,0.784,1.63,0,1,0.947,0.123,0.948,1.894,0,1,0.589,0.123,0,0.589,0,1,0.689,0.123,0.049,0.738,0,1,0,0,0.509,0,1,0,0,0.47,0,1,12.729,0,12.729,0,102.477,7.95,0,102.477,0,1,0,0,0,0,0,0,0,0,1.294,0,5.158,7.554,16.097
FSM2023,FSM,FSM,Micronesia,2023,0,5.77,1.286,0,5.77,0,1,7.886,3.857,0,7.886,0,1,12.198,7.714,0,12.198,0,1,13.814,1.705,0,13.814,0,1,15.1,3.292,0,15.1,0,1,22.814,11.838,0,22.814,0,1,0.749,0.129,0.816,1.565,0,1,0.783,0.129,0.987,1.769,0,1,0.527,0.129,0,0.527,0,1,0.64,0.129,0.048,0.688,0,1,0,0,0.53,0,1,0,0,0.49,0,1,13.254,0,13.254,0,87.079,7.95,0,87.079,0,1,0,0,0,0,0,0,0,0,1.348,0,5.37,4.484,12.529
FSM2024,FSM,FSM,Micronesia,2024,0,4.833,1.324,0,4.833,0,1,7.124,3.971,0,7.124,0,1,11.451,7.942,0,11.451,0,1,12.219,1.508,0,12.219,0,1,13.543,2.952,0,13.543,0,1,21.484,11.148,0,21.484,0,1,0.72,0.132,0.84,1.56,0,1,0.734,0.132,1.016,1.749,0,1,0.51,0.132,0,0.51,0,1,0.652,0.132,0.049,0.702,0,1,0,0,0.545,0,1,0,0,0.504,0,1,13.646,0,13.646,0,86.385,7.95,0,86.385,0,1,0,0,0,0,0,0,0,0,1.387,0,5.529,3.509,10.896
MDA2021,MDA,MDA,Moldova,2021,0.2,4.851,1.037,0,4.851,0,1,7.026,3.111,0,7.026,0,1,10.036,6.223,0,12.044,0.2,1,10.315,1.139,-0.163,10.152,0,1,10.579,2.082,-0.115,10.465,0,1,13.004,6.382,-2.299,11.561,0,1,0.619,0.114,0.295,1.097,0.2,1,0.599,0.114,0.159,0.91,0.2,1,0.439,0.114,0.168,0.655,0.08,1,0.505,0.114,0,0.606,0.2,1,0,0,0.065,0,1,0,0,0.094,0,1,11.787,0,11.787,0,78.125,7.95,0,93.75,0.2,1,0,0,0,0,0,0,0,0.186,1.198,0,4.776,4.41,22.69
MDA2022,MDA,MDA,Moldova,2022,0.2,7.077,1.235,0,7.077,0,1,9.783,3.704,0,9.783,0,1,13.25,7.408,0.196,15.9,0.2,1,34.875,3.659,0.04,34.914,0,1,35.592,6.598,-0.023,35.569,0,1,38.086,18.187,-2.101,38.864,0,1,0.861,0.123,0.296,1.388,0.2,1,0.986,0.123,0.144,1.356,0.2,1,0.598,0.123,0.179,0.839,0.08,1,0.612,0.123,0.009,0.735,0.2,1,0,0,0.123,0,1,0,0,0.15,0,1,12.729,0,12.729,0,97.9,7.95,1.449,117.48,0.2,1,0,0,0,0,0,0,0,0,1.294,0,5.158,5.842,25.012
MDA2023,MDA,MDA,Moldova,2023,0.2,4.618,1.255,0,4.618,0,1,7.663,3.764,0,7.663,0,1,10.89,7.527,0.241,13.068,0.2,1,39.349,4.408,-0.002,39.347,0,1,40.519,8.07,-0.001,40.518,0,1,43.54,21.569,-1.995,44.869,0,1,0.76,0.129,0.358,1.342,0.2,1,0.811,0.129,0.18,1.19,0.2,1,0.535,0.129,0.21,0.804,0.08,1,0.579,0.129,0.013,0.695,0.2,1,0,0,0.121,0,1,0,0.002,0.168,0,1,13.254,0,13.254,0,83.248,7.95,1.843,99.898,0.2,1,0,0,0,0,0,0,0,0.048,1.348,0,5.37,3.466,12.34
MDA2024,MDA,MDA,Moldova,2024,0.2,4.239,1.292,0,4.239,0,1,6.942,3.875,0,6.942,0,1,10.697,7.749,0.291,12.836,0.2,1,20.206,2.551,-0.002,20.204,0,1,22.26,4.876,-0.001,22.259,0,1,27.474,13.974,-0.584,29.041,0,1,0.724,0.132,0.41,1.362,0.2,1,0.75,0.132,0.217,1.161,0.2,1,0.513,0.132,0.212,0.783,0.08,1,0.591,0.132,0.016,0.71,0.2,1,0,0,0.095,0,1,0,0.002,0.14,0,1,13.646,0,13.646,0,82.588,7.95,2.25,99.106,0.2,1,0,0,0,0,0,0,0,0.048,1.387,0,5.529,3.027,10.432
MCO2021,MCO,MCO,Monaco,2021,0.2,5.553,1.143,0,5.553,0,1,7.964,3.43,0,7.964,0,1,11.27,6.86,0,13.524,0.2,1,16.305,2.204,0,16.305,0,1,17.449,4.08,0,17.449,0,1,24.309,12.947,0,29.17,0.2,1,0.619,0.114,0,0.743,0.2,1,0.599,0.114,0,0.719,0.2,1,0.439,0.114,0,0.527,0.2,1,0.505,0.114,0,0.606,0.2,1,0,0,0,0,1,0,0,0,0.2,1,11.787,0,11.787,0,78.125,7.95,0,93.75,0.2,1,0,0,0,0,0,0,0,0,1.198,0,4.776,4.41,15.162
MCO2022,MCO,MCO,Monaco,2022,0.2,7.077,1.235,0,7.077,0,1,9.783,3.704,0,9.783,0,1,13.25,7.408,0.196,15.9,0.2,1,32.56,4.401,0,32.56,0,1,33.795,7.902,0,33.795,0,1,41.203,21.945,0.61,49.444,0.2,1,0.861,0.123,0.013,1.033,0.2,1,0.986,0.123,0.015,1.183,0.2,1,0.598,0.123,0.009,0.717,0.2,1,0.612,0.123,0.009,0.735,0.2,1,0,0,0,0,1,0,0,0,0.2,1,12.729,0,12.729,0,97.9,7.95,1.449,117.48,0.2,1,0,0,0,0,0,0,0,0,1.294,0,5.158,5.842,31.326
MCO2023,MCO,MCO,Monaco,2023,0.2,4.752,1.286,0,4.752,0,1,7.886,3.857,0,7.886,0,1,11.18,7.714,0.248,13.416,0.2,1,12.908,1.745,0,12.908,0,1,14.194,3.319,0,14.194,0,1,21.908,11.668,0.485,26.289,0.2,1,0.76,0.129,0.017,0.913,0.2,1,0.811,0.129,0.018,0.974,0.2,1,0.535,0.129,0.012,0.642,0.2,1,0.579,0.129,0.013,0.695,0.2,1,0,0,0,0,1,0,0,0,0.2,1,13.254,0,13.254,0,83.248,7.95,1.843,99.898,0.2,1,0,0,0,0,0,0,0,0,1.348,0,5.37,3.466,11.622
MCO2024,MCO,MCO,Monaco,2024,0.2,4.351,1.324,0,4.351,0,1,7.124,3.971,0,7.124,0,1,10.969,7.942,0.299,13.162,0.2,1,11.492,1.553,0,11.492,0,1,12.815,2.997,0,12.815,0,1,20.757,11.055,0.565,24.909,0.2,1,0.724,0.132,0.02,0.869,0.2,1,0.75,0.132,0.02,0.9,0.2,1,0.513,0.132,0.014,0.616,0.2,1,0.591,0.132,0.016,0.71,0.2,1,0,0,0,0,1,0,0,0,0.2,1,13.646,0,13.646,0,82.588,7.95,2.25,99.106,0.2,1,0,0,0,0,0,0,0,0,1.387,0,5.529,3.027,10.168
MNG2021,MNG,MNG,Mongolia,2021,0.1,1.772,0.572,0,1.772,0,1,2.917,1.716,0,2.917,0,1,4.632,3.432,0,5.096,0.1,1,10.541,1.301,0,10.541,0,1,11.684,2.547,0,11.684,0,1,18.544,9.622,0,20.399,0.1,1,0.621,0.114,-0.066,0.61,0.1,1,0.593,0.114,0.156,0.824,0.1,1,0.44,0.114,0,0.484,0.1,1,0.56,0.114,0,0.616,0.1,1,0,0,0.063,0,0.667,0,0,0.047,0,0.667,11.787,0,11.787,0,81.695,7.95,0,89.865,0.1,1,0,0,0,0,0,0,0,0.999,1.198,0,4.776,3.604,9.408
MNG2022,MNG,MNG,Mongolia,2022,0.1,1.925,0.619,0,1.925,0,1,3.16,1.856,0,3.16,0,1,5.019,3.712,0.037,5.52,0.1,1,17.308,2.136,0,17.308,0,1,18.543,4.043,0,18.543,0,1,25.951,13.466,0.192,28.546,0.1,1,0.847,0.123,-0.146,0.771,0.1,1,0.947,0.123,0.077,1.126,0.1,1,0.589,0.123,0.004,0.647,0.1,1,0.689,0.123,0.005,0.758,0.1,1,0,0,0.057,0,0.667,0,0,0.043,0,0.667,12.729,0,12.729,0,102.477,7.95,0.758,112.724,0.1,1,0,0,0,0,0,0,0,0.998,1.294,0,5.158,7.554,16.097
MNG2023,MNG,MNG,Mongolia,2023,0.1,1.998,0.644,0,1.998,0,1,3.285,1.932,0,3.285,0,1,5.218,3.864,0.058,5.74,0.1,1,13.799,1.703,0,13.799,0,1,15.085,3.289,0,15.085,0,1,22.799,11.83,0.252,25.078,0.1,1,0.749,0.129,-0.107,0.705,0.1,1,0.783,0.129,0.18,1.059,0.1,1,0.527,0.129,0.006,0.58,0.1,1,0.64,0.129,0.007,0.704,0.1,1,0,0,0.054,0,0.667,0,0,0.04,0,0.667,13.254,0,13.254,0,87.079,7.95,0.964,95.787,0.1,1,0,0,0,0,0,0,0,0.998,1.348,0,5.37,4.484,12.529
MNG2024,MNG,MNG,Mongolia,2024,0.1,2.054,0.663,0,2.054,0,1,3.38,1.989,0,3.38,0,1,5.37,3.978,0.073,5.907,0.1,1,12.208,1.506,0,12.208,0,1,13.531,2.95,0,13.531,0,1,21.473,11.142,0.292,23.62,0.1,1,0.72,0.132,-0.064,0.721,0.1,1,0.734,0.132,0.196,1.023,0.1,1,0.51,0.132,0.007,0.561,0.1,1,0.652,0.132,0.009,0.717,0.1,1,0,0,0.055,0,0.667,0,0,0.041,0,0.667,13.646,0,13.646,0,86.385,7.95,1.177,95.024,0.1,1,0,0,0,0,0,0,0,0.998,1.387,0,5.529,3.509,10.896
MNE2021,MNE,MNE,"Montenegro, Rep. of",2021,0.21,1.77,0.572,0,1.77,0,1,2.913,1.715,0,2.913,0,1,4.628,3.43,0,5.6,0.21,1,16.305,1.143,0.606,16.912,0,1,17.449,2.287,0.606,18.055,0,1,24.309,9.147,0,29.413,0.21,1,0.619,0.114,0.686,1.579,0.21,1,0.599,0.114,0.561,1.404,0.21,1,0.439,0.114,0.189,0.76,0.21,1,0.505,0.114,0,0.611,0.21,1,0,0.01,0.068,0,1,0,0.005,0.116,0.21,0.5,11.787,0,11.787,0,78.125,7.95,102.185,218.175,0.21,1,0,0,0,0,0,0,0,1,1.198,0,4.776,4.41,15.162
MNE2022,MNE,MNE,"Montenegro, Rep. of",2022,0.21,1.911,0.617,0,1.911,0,1,3.146,1.852,0,3.146,0,1,4.998,3.704,0.078,6.048,0.21,1,32.56,1.235,1.253,33.813,0,1,33.795,2.469,1.253,35.048,0,1,41.203,9.878,0.64,49.856,0.21,1,0.861,0.123,0.456,1.593,0.21,1,0.986,0.123,0.38,1.653,0.21,1,0.598,0.123,0.195,0.944,0.21,1,0.612,0.123,0.01,0.741,0.21,1,0,0.009,0.064,0,1,0,0.005,0.102,0.21,0.5,12.729,0,12.729,0,97.9,7.95,131.354,277.397,0.21,1,0,0,0,0,0,0,0,1,1.294,0,5.158,5.842,31.326
MNE2023,MNE,MNE,"Montenegro, Rep. of",2023,0.21,1.99,0.643,2.612,4.602,0,1,3.276,1.928,2.595,5.871,0,1,5.205,3.857,0.121,6.297,0.21,1,12.908,1.286,1.964,14.872,0,1,14.194,2.571,1.964,16.158,0,1,21.908,10.285,0.509,26.508,0.21,1,0.76,0.129,0.613,1.662,0.21,1,0.811,0.129,0.507,1.595,0.21,1,0.535,0.129,0.222,0.896,0.21,1,0.579,0.129,0.013,0.701,0.21,1,0,0.005,0.059,0,1,0,-0.005,0.105,0.21,0.5,13.254,0,13.254,0,83.248,7.95,123.229,249.837,0.21,1,0,0,0,0,0,0,0,1,1.348,0,5.37,3.466,11.622
MNE2024,MNE,MNE,"Montenegro, Rep. of",2024,0.21,2.049,0.662,2.689,4.738,0,1,3.373,1.985,2.671,6.044,0,1,5.358,3.971,0.153,6.483,0.21,1,11.492,1.324,1.95,13.442,0,1,12.815,2.647,1.95,14.766,0,1,20.757,10.589,0.594,25.116,0.21,1,0.724,0.132,0.625,1.632,0.21,1,0.75,0.132,0.511,1.526,0.21,1,0.513,0.132,0.239,0.884,0.21,1,0.591,0.132,0.017,0.716,0.21,1,0,0.005,0.055,0,1,0,-0.009,0.107,0.21,0.5,13.646,0,13.646,0,82.588,7.95,112.451,235.997,0.21,1,0,0,0,0,0,0,0,1,1.387,0,5.529,3.027,10.168
MSR2021,MSR,MSR,Montserrat,2021,0,5.897,1.143,0,5.897,0,1,7.964,3.43,0,7.964,0,1,11.613,6.86,0,11.613,0,1,5.849,0.787,0,5.849,0,1,6.992,1.637,0,6.992,0,1,13.852,7.443,0,13.852,0,1,0.649,0.114,0.896,1.545,0,1,0.577,0.114,0.687,1.264,0,1,0.458,0.114,0.504,0.962,0,1,0.491,0.114,0,0.491,0,1,0,0,0,0,1,0,0,0,0,1,11.787,0,11.787,0,78.125,7.95,0,78.125,0,1,0,0,0,0,0,0,0,0,1.198,0,4.776,4.753,15.983
MSR2022,MSR,MSR,Montserrat,2022,0,11.72,1.235,0,11.72,0,1,9.783,3.704,0,9.783,0,1,17.893,7.408,0,17.893,0,1,6.316,0.85,0,6.316,0,1,7.551,1.768,0,7.551,0,1,14.959,8.038,0,14.959,0,1,0.896,0.123,0.968,1.864,0,1,0.89,0.123,0.742,1.632,0,1,0.62,0.123,0.514,1.134,0,1,0.608,0.123,0,0.608,0,1,0,0,0,0,1,0,0,0,0,1,12.729,0,12.729,0,97.9,7.95,0,97.9,0,1,0,0,0,0,0,0,0,0,1.294,0,5.158,10.485,29.494
MSR2023,MSR,MSR,Montserrat,2023,0,6.147,1.286,0,6.147,0,1,7.886,3.857,0,7.886,0,1,12.575,7.714,0,12.575,0,1,6.577,0.885,0,6.577,0,1,7.862,1.841,0,7.862,0,1,15.576,8.37,0,15.576,0,1,0.791,0.129,1.007,1.798,0,1,0.618,0.129,0.773,1.391,0,1,0.554,0.129,0.557,1.112,0,1,0.557,0.129,0,0.557,0,1,0,0,0,0,1,0,0,0,0,1,13.254,0,13.254,0,83.248,7.95,0,83.248,0,1,0,0,0,0,0,0,0,0,1.348,0,5.37,4.861,11.192
MSR2024,MSR,MSR,Montserrat,2024,0,5.575,1.324,0,5.575,0,1,7.124,3.971,0,7.124,0,1,12.193,7.942,0,12.193,0,1,6.771,0.911,0,6.771,0,1,8.095,1.896,0,8.095,0,1,16.036,8.617,0,16.036,0,1,0.756,0.132,1.037,1.793,0,1,0.655,0.132,0.796,1.451,0,1,0.534,0.132,0.583,1.116,0,1,0.568,0.132,0,0.568,0,1,0,0,0,0,1,0,0,0,0,1,13.646,0,13.646,0,82.588,7.95,0,82.588,0,1,0,0,0,0,0,0,0,0,1.387,0,5.529,4.251,10.123
MAR2021,MAR,MAR,Morocco,2021,0.2,7.191,1.573,0.119,7.31,0,1,7.447,3.375,0.339,7.787,0,1,11.613,6.86,0,11.613,0,1,4.568,0.725,0.311,4.879,0,1,5.642,1.509,0.311,5.952,0,1,12.08,6.925,0,12.08,0,1,0.621,0.114,0.504,1.237,0.1,1,0.593,0.114,0.351,1.038,0.1,1,0.44,0.114,-0.251,0.189,0,0,0.56,0.114,0.035,0.595,0,1,0,0,0.108,0,0.833,0,0,0.1,0,0.833,11.787,0,11.787,0,81.695,7.95,-3.099,78.596,0,1,0,0,0,0,0,0,0,0,1.198,0.123,5.407,4.753,14.162
MAR2022,MAR,MAR,Morocco,2022,0.2,13.009,2.02,0.262,13.271,0,1,9.262,3.825,0.365,9.627,0,1,17.886,7.406,0,17.886,0,1,6.885,1.092,0.526,7.411,0,1,7.931,2.122,0.526,8.457,0,1,14.207,8.144,0,14.207,0,1,0.847,0.123,0.46,1.437,0.1,1,0.947,0.123,0.201,1.262,0.1,1,0.589,0.123,-0.421,0.167,0,0,0.689,0.123,0.044,0.733,0,1,0,0,0.1,0,0.833,0,0,0.089,0,0.833,12.729,0,12.729,0,102.477,7.95,-3.347,99.129,0,1,0,0,0,0,0,0,0,0,1.294,0.306,5.839,10.485,30.326
MAR2023,MAR,MAR,Morocco,2023,0.2,7.441,1.695,0.122,7.562,0,1,7.369,3.655,0.301,7.67,0,1,12.575,7.714,0,12.575,0,1,3.884,0.616,0.252,4.136,0,1,5.137,1.374,0.252,5.389,0,1,12.653,7.254,0,12.653,0,1,0.749,0.129,0.574,1.455,0.1,1,0.783,0.129,0.397,1.297,0.1,1,0.527,0.129,-0.36,0.168,0,0,0.64,0.129,0.04,0.68,0,1,0,0,0.1,0,0.833,0,0,0.089,0.14,0.833,13.254,0,13.254,0,87.079,7.95,-3.485,83.594,0,1,0,0,0,0,0,0,0,0,1.348,0.051,6.08,4.861,10.622
MAR2024,MAR,MAR,Morocco,2024,0.2,6.869,1.74,0.106,6.975,0,1,6.606,3.599,0.285,6.892,0,1,12.193,7.942,0,12.193,0,1,3.999,0.634,0.217,4.216,0,1,5.289,1.415,0.217,5.506,0,1,13.026,7.468,0,13.026,0,1,0.72,0.132,0.614,1.447,0.1,1,0.734,0.132,0.462,1.298,0.1,1,0.51,0.132,-0.344,0.166,0,0,0.652,0.132,0.041,0.693,0,1,0,0,0.099,0,0.833,0,0,0.09,0.16,0.833,13.646,0,13.646,0,86.385,7.95,-3.588,82.797,0,1,0,0,0,0,0,0,0,0,1.387,0.051,6.26,4.251,9.168
MOZ2021,MOZ,MOZ,Mozambique,2021,0.17,1.77,0.572,0,1.77,0,1,2.913,1.715,0,2.913,0,1,4.628,3.43,0,5.415,0.17,1,3.661,0.402,0,3.661,0,1,4.233,0.823,0,4.233,0,1,7.663,3.615,0,8.966,0.17,1,0.619,0.114,0.282,1.055,0.17,1,0.599,0.114,0.206,0.943,0.17,1,0.439,0.114,0.115,0.553,0,1,0.505,0.114,0.228,0.732,0,1,0,0,0.088,0,0.667,0,0,0.119,0.17,1,11.787,0,11.787,0,78.125,7.95,13.469,107.165,0.17,1,0,0,0,0,0,0,0,1,1.198,1,3.09,4.753,14.129
MOZ2022,MOZ,MOZ,Mozambique,2022,0.17,1.911,0.617,0,1.911,0,1,3.146,1.852,0,3.146,0,1,4.998,3.704,0.063,5.848,0.17,1,3.954,0.434,0,3.954,0,1,4.571,0.889,0,4.571,0,1,8.276,3.904,0.104,9.682,0.17,1,0.861,0.123,0.303,1.362,0.17,1,0.986,0.123,0.191,1.378,0.17,1,0.598,0.123,0.162,0.759,0,1,0.612,0.123,0.571,1.184,0,1,0,0,0.09,0,0.667,0,0,0.094,0.17,1,12.729,0,12.729,0,97.9,7.95,60.244,185.028,0.17,1,0,0,0,0,0,0,0,1,1.294,1,3.337,10.485,28.059
MOZ2023,MOZ,MOZ,Mozambique,2023,0.17,1.99,0.643,0,1.99,0,1,3.276,1.928,0,3.276,0,1,5.205,3.857,0.098,6.089,0.17,1,4.117,0.452,0,4.117,0,1,4.76,0.926,0,4.76,0,1,8.617,4.065,0.162,10.082,0.17,1,0.76,0.129,0.393,1.35,0.17,1,0.811,0.129,0.409,1.428,0.17,1,0.535,0.129,0.152,0.687,0,1,0.579,0.129,0.783,1.363,0,1,0,0,0.09,0,0.667,0,0,0.146,0.17,1,13.254,0,13.254,0,83.248,7.95,109.708,225.758,0.17,1,0,0,0,0,0,0,0,1,1.348,1,3.474,4.861,9.261
MOZ2024,MOZ,MOZ,Mozambique,2024,0.17,2.049,0.662,0,2.049,0,1,3.373,1.985,0,3.373,0,1,5.358,3.971,0.124,6.269,0.17,1,4.239,0.465,0,4.239,0,1,4.901,0.953,0,4.901,0,1,8.871,4.185,0.205,10.38,0.17,1,0.724,0.132,0.439,1.35,0.16,1,0.75,0.132,0.48,1.428,0.16,1,0.513,0.132,0.174,0.687,0,1,0.591,0.132,0.771,1.362,0,1,0,0,0.085,0,0.667,0,0,0.109,0.17,1,13.646,0,13.646,0,82.588,7.95,111.418,226.986,0.17,1,0,0,0,0,0,0,0,1,1.387,1,3.577,4.251,7.598
MMR2021,MMR,MMR,Myanmar,2021,0,3.117,0.83,0,3.117,0,1,5.199,2.491,0,5.199,0,1,7.269,4.982,0,7.269,0,1,5.305,0.582,0,5.305,0,1,5.877,1.143,0,5.877,0,1,9.307,4.39,0,9.307,0,1,0.621,0.114,0.036,0.657,0,1,0.593,0.114,-0.047,0.546,0,1,0.44,0.114,0,0.44,0,1,0.56,0.114,0,0.56,0,1,0,0,0.081,0,0.833,0,0,0.021,0,0.667,11.787,0,11.787,0,81.695,7.95,0,81.695,0,1,0,0,0,0,0,0,0,0.548,1.198,1,4.733,3.604,14.129
MMR2022,MMR,MMR,Myanmar,2022,0,1.912,0.617,0,1.912,0,1,3.147,1.852,0,3.147,0,1,4.999,3.704,0,4.999,0,1,5.729,0.629,0,5.729,0,1,6.347,1.234,0,6.347,0,1,10.051,4.741,0,10.051,0,1,0.847,0.123,0.129,0.975,0,1,0.947,0.123,0.109,1.056,0,1,0.589,0.123,0,0.589,0,1,0.689,0.123,0,0.689,0,1,0,0,0.07,0,0.833,0,0,0.018,0,0.667,12.729,0,12.729,0,102.477,7.95,0,102.477,0,1,0,0,0,0,0,0,0,1,1.294,1,5.112,7.554,28.059
MMR2023,MMR,MMR,Myanmar,2023,0,1.99,0.643,0,1.99,0,1,3.276,1.928,0,3.276,0,1,5.205,3.857,0,5.205,0,1,5.966,0.655,0,5.966,0,1,6.608,1.285,0,6.608,0,1,10.465,4.937,0,10.465,0,1,0.749,0.129,0.581,1.33,0,1,0.783,0.129,0.49,1.272,0,1,0.527,0.129,0,0.527,0,1,0.64,0.129,0,0.64,0,1,0,0,0.064,0,0.833,0,0,0.017,0,0.667,13.254,0,13.254,0,87.079,7.95,0,87.079,0,1,0,0,0,0,0,0,0,1,1.348,1,5.323,4.484,9.261
MMR2024,MMR,MMR,Myanmar,2024,0,2.049,0.662,0,2.049,0,1,3.373,1.985,0,3.373,0,1,5.358,3.971,0,5.358,0,1,6.142,0.674,0,6.142,0,1,6.804,1.323,0,6.804,0,1,10.774,5.083,0,10.774,0,1,0.72,0.132,0.673,1.392,0,1,0.734,0.132,0.377,1.111,0,1,0.51,0.132,0,0.51,0,1,0.652,0.132,0,0.652,0,1,0,0,0.066,0,0.833,0,0,0.017,0,0.667,13.646,0,13.646,0,86.385,7.95,0,86.385,0,1,0,0,0,0,0,0,0,1,1.387,1,5.48,3.509,7.598
NAM2021,NAM,NAM,Namibia,2021,0.15,5.897,1.143,0,5.897,0,1,7.964,3.43,0,7.964,0,1,11.613,6.86,0,13.355,0.15,1,16.268,2.199,0,16.268,0,1,17.411,4.071,0,17.411,0,1,24.271,12.927,0,27.911,0.15,1,0.619,0.114,0.171,0.909,0.15,1,0.599,0.114,0.189,0.907,0.15,1,0.439,0.114,0,0.505,0.15,1,0.505,0.114,0,0.58,0.15,1,0,0,0.148,0,0.833,0,0,0.138,0.15,1,11.787,0,11.787,0,78.125,7.95,0,89.844,0.15,1,0,0,0,0,0,0,0,0,1.198,0,10.295,4.753,15.162
NAM2022,NAM,NAM,Namibia,2022,0.15,11.72,1.235,0,11.72,0,1,9.783,3.704,0,9.783,0,1,17.893,7.408,0.199,20.577,0.15,1,32.398,4.379,0,32.398,0,1,33.633,7.864,0,33.633,0,1,41.041,21.858,0.456,47.197,0.15,1,0.861,0.123,0.154,1.167,0.15,1,0.986,0.123,0.105,1.255,0.15,1,0.598,0.123,0.007,0.688,0.15,1,0.612,0.123,0.007,0.704,0.15,1,0,0,0.136,0,0.833,0,0,0.127,0.15,1,12.729,0,12.729,0,97.9,7.95,1.087,112.585,0.15,1,0,0,0,0,0,0,0,0,1.294,0,11.117,10.485,31.326
NAM2023,NAM,NAM,Namibia,2023,0.15,6.147,1.286,0,6.147,0,1,7.886,3.857,0,7.886,0,1,12.575,7.714,0.209,14.461,0.15,1,12.851,1.737,0,12.851,0,1,14.136,3.306,0,14.136,0,1,21.85,11.637,0.363,25.128,0.15,1,0.76,0.129,0.196,1.1,0.15,1,0.811,0.129,0.162,1.12,0.15,1,0.535,0.129,0.009,0.615,0.15,1,0.579,0.129,0.01,0.666,0.15,1,0,0,0.087,0,0.833,0,0,0.131,0.15,1,13.254,0,13.254,0,83.248,7.95,1.383,95.735,0.15,1,0,0,0,0,0,0,0,0,1.348,0,11.576,4.861,11.622
NAM2024,NAM,NAM,Namibia,2024,0.15,5.575,1.324,0,5.575,0,1,7.124,3.971,0,7.124,0,1,12.193,7.942,0.249,14.022,0.15,1,11.442,1.546,0,11.442,0,1,12.766,2.985,0,12.766,0,1,20.707,11.029,0.423,23.813,0.15,1,0.724,0.132,0.291,1.168,0.15,1,0.75,0.132,0.246,1.146,0.15,1,0.513,0.132,0.01,0.59,0.15,1,0.591,0.132,0.012,0.68,0.15,1,0,0,0.089,0,0.833,0,0,0.148,0.15,1,13.646,0,13.646,0,82.588,7.95,1.687,94.976,0.15,1,0,0,0,0,0,0,0,0,1.387,0,10.168,4.251,10.168
NRU2021,NRU,NRU,Nauru,2021,0,4.747,1.143,0,4.747,0,1,7.964,3.43,0,7.964,0,1,10.464,6.86,0,10.464,0,1,10.551,1.302,0,10.551,0,1,11.694,2.549,0,11.694,0,1,18.554,9.627,0,18.554,0,1,0.621,0.114,0,0.621,0,1,0.593,0.114,0,0.593,0,1,0.44,0.114,0,0.44,0,1,0.56,0.114,0,0.56,0,1,0,0,0,0,1,0,0,0,0,1,11.787,0,11.787,0,81.695,7.95,0,81.695,0,1,0,0,0,0,0,0,0,0,1.198,0,4.776,3.604,9.408
NRU2022,NRU,NRU,Nauru,2022,0,8.788,1.235,0,8.788,0,1,9.783,3.704,0,9.783,0,1,14.962,7.408,0,14.962,0,1,17.332,2.139,0,17.332,0,1,18.566,4.048,0,18.566,0,1,25.974,13.478,0,25.974,0,1,0.847,0.123,0,0.847,0,1,0.947,0.123,0,0.947,0,1,0.589,0.123,0,0.589,0,1,0.689,0.123,0,0.689,0,1,0,0,0,0,1,0,0,0,0,1,12.729,0,12.729,0,102.477,7.95,0,102.477,0,1,0,0,0,0,0,0,0,0,1.294,0,5.158,7.554,16.097
NRU2023,NRU,NRU,Nauru,2023,0,5.77,1.286,0,5.77,0,1,7.886,3.857,0,7.886,0,1,12.198,7.714,0,12.198,0,1,13.814,1.705,0,13.814,0,1,15.1,3.292,0,15.1,0,1,22.814,11.838,0,22.814,0,1,0.749,0.129,0,0.749,0,1,0.783,0.129,0,0.783,0,1,0.527,0.129,0,0.527,0,1,0.64,0.129,0,0.64,0,1,0,0,0,0,1,0,0,0,0,1,13.254,0,13.254,0,87.079,7.95,0,87.079,0,1,0,0,0,0,0,0,0,0,1.348,0,5.37,4.484,12.529
NRU2024,NRU,NRU,Nauru,2024,0,4.833,1.324,0,4.833,0,1,7.124,3.971,0,7.124,0,1,11.451,7.942,0,11.451,0,1,12.219,1.508,0,12.219,0,1,13.543,2.952,0,13.543,0,1,21.484,11.148,0,21.484,0,1,0.72,0.132,0,0.72,0,1,0.734,0.132,0,0.734,0,1,0.51,0.132,0,0.51,0,1,0.652,0.132,0,0.652,0,1,0,0,0,0,1,0,0,0,0,1,13.646,0,13.646,0,86.385,7.95,0,86.385,0,1,0,0,0,0,0,0,0,0,1.387,0,5.529,3.509,10.896
NPL2021,NPL,NPL,Nepal,2021,0.13,4.736,1.141,0,4.736,0,1,7.946,3.424,0,7.946,0,1,10.442,6.847,0,11.8,0.13,1,5.581,0.652,0,5.581,0,1,6.724,1.39,0,6.724,0,1,13.584,6.77,0,15.35,0.13,1,0.621,0.114,0.315,1.057,0.13,1,0.593,0.114,0.219,0.918,0.13,1,0.44,0.114,0.327,0.867,0.13,1,0.56,0.114,0.363,0.923,0,1,0,0,0.071,0,0.833,0,0,0.08,0,0.833,11.787,0,11.787,0,81.695,7.95,46.545,144.912,0.13,1,0,0,0,0,0,0,0,0.004,1.198,0,4.776,3.604,16.843
NPL2022,NPL,NPL,Nepal,2022,0.13,8.75,1.231,0,8.75,0,1,9.746,3.694,0,9.746,0,1,14.906,7.387,0.143,16.844,0.13,1,6.027,0.704,0,6.027,0,1,7.262,1.502,0,7.262,0,1,14.67,7.311,0.141,16.577,0.13,1,0.847,0.123,0.349,1.351,0.13,1,0.947,0.123,0.178,1.271,0.13,1,0.589,0.123,0.231,0.926,0.13,1,0.689,0.123,0.585,1.274,0,1,0,0,0.073,0,0.833,0,0,0.046,0,0.833,12.729,0,12.729,0,102.477,7.95,75.865,201.526,0.13,1,0,0,0,0,0,0,0,0.006,1.294,0,5.158,7.554,30.149
NPL2023,NPL,NPL,Nepal,2023,0.13,5.749,1.282,0,5.749,0,1,7.861,3.846,0,7.861,0,1,12.16,7.693,0.175,13.741,0.13,1,6.276,0.733,0,6.276,0,1,7.561,1.564,0,7.561,0,1,15.275,7.613,0.22,17.261,0.13,1,0.749,0.129,0.427,1.329,0.13,1,0.783,0.129,0.328,1.255,0.13,1,0.527,0.129,0.294,0.928,0.13,1,0.64,0.129,0.618,1.258,0,1,0,0,0.063,0,0.833,0,0,0.064,0,0.833,13.254,0,13.254,0,87.079,7.95,89.206,199.202,0.13,1,0,0,0,0,0,0,0,0.006,1.348,0,5.37,4.484,12.392
NPL2024,NPL,NPL,Nepal,2024,0.13,4.817,1.32,0,4.817,0,1,7.103,3.96,0,7.103,0,1,11.417,7.92,0.202,12.901,0.13,1,6.461,0.755,0,6.461,0,1,7.785,1.61,0,7.785,0,1,15.726,7.837,0.278,17.771,0.13,1,0.72,0.132,0.387,1.251,0.13,1,0.734,0.132,0.301,1.17,0.13,1,0.51,0.132,0.325,0.944,0.13,1,0.652,0.132,0.518,1.17,0,1,0,0,0.068,0,0.833,0,0,0.058,0,0.833,13.646,0,13.646,0,86.385,7.95,95.377,201.818,0.13,1,0,0,0,0,0,0,0,0.006,1.387,0,5.529,3.509,10.792
NLD2021,NLD,NLD,Netherlands,2021,0.21,5.795,1.143,1.676,7.47,0,1,8.943,3.43,1.76,10.704,0,1,11.511,6.86,1.068,15.221,0.21,1,17.804,1.967,-2.505,15.299,0,1,17.76,3.495,-2.462,15.299,0,1,27.505,13.5,0.432,33.804,0.21,1,0.637,0.114,1.14,2.15,0.21,1,0.599,0.114,0.832,1.732,0.21,1,0.45,0.114,0.315,0.926,0.21,1,0.505,0.114,0.75,1.519,0.21,1,0,0.012,0.1,0,1,0,-0.035,0.161,0.21,1,11.787,0,11.787,0,73.012,7.95,134.248,250.785,0.21,1,0,0,0,0,0,0,0,0,1.198,0,4.446,4.651,15.087
NLD2022,NLD,NLD,Netherlands,2022,0.21,12.95,1.235,8.159,21.109,0,1,15.919,3.704,8.298,24.218,0,1,19.123,7.408,1.411,24.466,0.21,1,38.49,4.038,-12.196,26.295,0,1,38.538,7.144,-12.243,26.295,0,1,48.832,23.319,-10.527,46.348,0.21,1,0.92,0.123,0.885,2.184,0.21,1,0.986,0.123,0.716,2.06,0.21,1,0.636,0.123,0.171,0.975,0.21,1,0.612,0.123,0.995,1.945,0.21,1,0,0.011,0.169,0,1,0,-0.199,0.095,0.21,1,12.729,0,12.729,0,90.494,7.95,198.331,349.478,0.21,1,0,0,0,0,0,0,0,0,1.294,0,4.801,11.715,35.682
NLD2023,NLD,NLD,Netherlands,2023,0.21,7.262,1.286,9.456,16.718,0,1,10.341,3.857,9.605,19.945,0,1,13.69,7.714,1.471,17.928,0.21,1,15.112,1.693,13.057,28.169,0,1,15.211,3.029,12.958,28.169,0,1,25.81,12.786,17.476,52.376,0.21,1,0.789,0.129,0.929,2.078,0.21,1,0.811,0.129,0.721,1.854,0.21,1,0.553,0.129,0.148,0.848,0.21,1,0.579,0.129,1.036,1.954,0.21,1,0,0.013,0.214,0,1,0,-0.102,0.341,0.21,1,13.254,0,13.254,0,79.035,7.95,230.132,374.092,0.21,1,0,0,0,0,0,0,0,0,1.348,0,4.999,5.976,12.253
NLD2024,NLD,NLD,Netherlands,2024,0.21,6.635,1.324,6.197,12.833,0,1,9.912,3.971,6.318,16.231,0,1,13.253,7.942,1.572,17.44,0.21,1,12.708,1.605,11.561,24.269,0,1,12.708,2.784,11.561,24.269,0,1,23.009,11.703,17.943,49.551,0.21,1,0.751,0.132,1.012,2.132,0.21,1,0.75,0.132,0.793,1.867,0.21,1,0.53,0.132,0.181,0.86,0.21,1,0.591,0.132,1.01,1.938,0.21,1,0,0.015,0.168,0,1,0,-0.078,0.262,0.21,1,13.646,0,13.646,0,78.412,7.95,228.151,370.941,0.21,1,0,0,0,0,0,0,0,0,1.387,0,5.147,5.312,10.135
NCL2021,NCL,NCL,New Caledonia,2021,0.11,4.747,1.143,0,4.747,0,1,7.964,3.43,0,7.964,0,1,10.464,6.86,0,11.615,0.11,1,5.626,0.694,0,5.626,0,1,6.769,1.476,0,6.769,0,1,13.629,7.072,0,15.128,0.11,1,0.621,0.114,0,0.689,0.11,1,0.593,0.114,0,0.658,0.11,1,0.44,0.114,0,0.488,0.11,1,0.56,0.114,0,0.622,0.11,1,0,0,0,0,1,0,0,0,0.11,1,11.787,0,11.787,0,81.695,7.95,0,90.682,0.11,1,0,0,0,0,0,0,0,0,1.198,0,4.776,3.604,9.408
NCL2022,NCL,NCL,New Caledonia,2022,0.11,8.788,1.235,0,8.788,0,1,9.783,3.704,0,9.783,0,1,14.962,7.408,0.122,16.608,0.11,1,6.599,0.814,0,6.599,0,1,7.834,1.708,0,7.834,0,1,15.242,7.909,0.124,16.919,0.11,1,0.847,0.123,0.007,0.94,0.11,1,0.947,0.123,0.008,1.051,0.11,1,0.589,0.123,0.005,0.653,0.11,1,0.689,0.123,0.006,0.765,0.11,1,0,0,0,0,1,0,0,0,0.11,1,12.729,0,12.729,0,102.477,7.95,0.834,113.749,0.11,1,0,0,0,0,0,0,0,0,1.294,0,5.158,7.554,16.097
NCL2023,NCL,NCL,New Caledonia,2023,0.11,5.77,1.286,0,5.77,0,1,7.886,3.857,0,7.886,0,1,12.198,7.714,0.149,13.54,0.11,1,6.498,0.802,0,6.498,0,1,7.784,1.697,0,7.784,0,1,15.498,8.042,0.189,17.202,0.11,1,0.749,0.129,0.009,0.831,0.11,1,0.783,0.129,0.01,0.869,0.11,1,0.527,0.129,0.006,0.585,0.11,1,0.64,0.129,0.008,0.71,0.11,1,0,0,0,0,1,0,0,0,0.11,1,13.254,0,13.254,0,87.079,7.95,1.061,96.658,0.11,1,0,0,0,0,0,0,0,0,1.348,0,5.37,4.484,12.529
NCL2024,NCL,NCL,New Caledonia,2024,0.11,4.833,1.324,0,4.833,0,1,7.124,3.971,0,7.124,0,1,11.451,7.942,0.172,12.71,0.11,1,6.513,0.804,0,6.513,0,1,7.837,1.708,0,7.837,0,1,15.778,8.187,0.236,17.514,0.11,1,0.72,0.132,0.011,0.799,0.11,1,0.734,0.132,0.011,0.814,0.11,1,0.51,0.132,0.008,0.566,0.11,1,0.652,0.132,0.01,0.724,0.11,1,0,0,0,0,1,0,0,0,0.11,1,13.646,0,13.646,0,86.385,7.95,1.294,95.888,0.11,1,0,0,0,0,0,0,0,0,1.387,0,5.529,3.509,10.896
NZL2021,NZL,NZL,New Zealand,2021,0.15,3.496,0.903,1.873,5.369,0,1,5.842,2.709,1.883,7.725,0,1,8.012,5.419,1.928,11.431,0.15,1,5.849,0.646,2.404,8.253,0,1,5.779,1.137,2.475,8.253,0,1,22.175,10.884,1.9,27.686,0.15,1,0.621,0.114,0.737,1.562,0.15,1,0.593,0.114,0.28,1.004,0.15,1,0.44,0.114,0.536,1.122,0.15,1,0.56,0.114,-0.023,0.618,0.15,1,0,0.009,0.113,0,1,0,0,0.203,0.15,0.667,11.787,0,11.787,0,81.695,7.95,-8.095,84.64,0,1,0,0,0,0,0,0,0,0.42,1.198,0,5.042,3.604,9.408
NZL2022,NZL,NZL,New Zealand,2022,0.15,4.368,0.838,4.962,9.33,0,1,5.517,2.514,4.989,10.506,0,1,8.558,5.027,5.26,15.716,0.15,1,12.63,1.325,-1.354,11.276,0,1,12.651,2.345,-1.374,11.276,0,1,29.595,14.133,-6.076,27.047,0.15,1,0.847,0.123,0.63,1.699,0.15,1,0.947,0.123,0.347,1.488,0.15,1,0.589,0.123,0.516,1.27,0.15,1,0.689,0.123,-0.081,0.699,0.15,1,0,0,0.102,0,1,0,0,0.187,0.15,0.667,12.729,0,12.729,0,102.477,7.95,-23.306,91.046,0,1,0,0,0,0,0,0,0,0.643,1.294,0,5.445,7.554,16.097
NZL2023,NZL,NZL,New Zealand,2023,0.15,2.517,0.732,3.358,5.875,0,1,3.919,2.197,3.376,7.295,0,1,6.18,4.395,3.617,11.082,0.15,1,9.112,1.021,0.12,9.232,0,1,9.184,1.829,0.048,9.232,0,1,26.435,13.095,-1.395,28.795,0.15,1,0.749,0.129,0.623,1.577,0.15,1,0.783,0.129,0.31,1.257,0.15,1,0.527,0.129,0.577,1.271,0.15,1,0.64,0.129,-0.031,0.7,0.15,1,0,0,0.098,0,1,0,0,0.188,0.15,0.667,13.254,0,13.254,0,87.079,7.95,-7.863,91.098,0,1,0,0,0,0,0,0,0,0.861,1.348,0,5.669,4.484,12.529
NZL2024,NZL,NZL,New Zealand,2024,0.15,2.437,0.754,3.548,5.986,0,1,3.896,2.262,3.568,7.463,0,1,6.208,4.524,3.855,11.34,0.15,1,9.395,1.186,2.1,11.495,0,1,9.364,2.051,2.131,11.495,0,1,24.008,12.211,0.103,27.728,0.15,1,0.72,0.132,0.677,1.606,0.15,1,0.734,0.132,0.312,1.203,0.15,1,0.51,0.132,0.614,1.293,0.15,1,0.652,0.132,-0.033,0.712,0.15,1,0,0,0.1,0,1,0,0,0.191,0.15,0.667,13.646,0,13.646,0,86.385,7.95,-5.777,92.699,0,1,0,0,0,0,0,0,0,0.861,1.387,0,5.837,3.509,10.896
NIC2021,NIC,NIC,Nicaragua,2021,0.15,5.897,1.143,0,5.897,0,1,7.964,3.43,0,7.964,0,1,11.613,6.86,0,13.355,0.15,1,5.261,0.708,0,5.261,0,1,6.404,1.5,0,6.404,0,1,13.264,7.127,0,15.253,0.15,1,0.649,0.114,0.281,1.07,0.15,1,0.577,0.114,0.217,0.913,0.15,1,0.458,0.114,0.085,0.624,0.15,1,0.491,0.114,0.292,0.901,0.15,1,0,0,0.179,0,0.667,0,0,0.179,0.15,0.833,11.787,0,11.787,0,78.125,7.95,1.58,91.66,0.15,1,0,0,0,0,0,0,0,0,1.198,0,4.776,4.753,15.983
NIC2022,NIC,NIC,Nicaragua,2022,0.15,11.72,1.235,0,11.72,0,1,9.783,3.704,0,9.783,0,1,17.893,7.408,0.199,20.577,0.15,1,5.681,0.764,0,5.681,0,1,6.916,1.619,0,6.916,0,1,14.324,7.697,0.159,16.472,0.15,1,0.896,0.123,0.234,1.3,0.15,1,0.89,0.123,0.134,1.178,0.15,1,0.62,0.123,-0.044,0.663,0.15,1,0.608,0.123,0.597,1.386,0.15,1,0,0,0.179,0,0.667,0,0,0.177,0.15,0.833,12.729,0,12.729,0,97.9,7.95,1.027,112.517,0.15,1,0,0,0,0,0,0,0,0,1.294,0,5.158,10.485,29.494
NIC2023,NIC,NIC,Nicaragua,2023,0.15,6.147,1.286,0,6.147,0,1,7.886,3.857,0,7.886,0,1,12.575,7.714,0.209,14.461,0.15,1,5.916,0.796,0,5.916,0,1,7.201,1.686,0,7.201,0,1,14.915,8.014,0.248,17.152,0.15,1,0.791,0.129,0.345,1.306,0.15,1,0.618,0.129,0.423,1.197,0.15,1,0.554,0.129,0.017,0.657,0.15,1,0.557,0.129,0.651,1.389,0.15,1,0,0,0.176,0,0.667,0,0,0.174,0.15,0.833,13.254,0,13.254,0,83.248,7.95,3.799,98.469,0.15,1,0,0,0,0,0,0,0,0,1.348,0,5.37,4.861,11.192
NIC2024,NIC,NIC,Nicaragua,2024,0.15,5.575,1.324,0,5.575,0,1,7.124,3.971,0,7.124,0,1,12.193,7.942,0.249,14.022,0.15,1,6.09,0.819,0,6.09,0,1,7.414,1.736,0,7.414,0,1,15.355,8.251,0.314,17.659,0.15,1,0.756,0.132,0.381,1.308,0.15,1,0.655,0.132,0.387,1.199,0.15,1,0.534,0.132,0.036,0.655,0.15,1,0.568,0.132,0.591,1.333,0.15,1,0,0,0.183,0,0.667,0,0,0.183,0.15,0.833,13.646,0,13.646,0,82.588,7.95,4.599,98.258,0.15,1,0,0,0,0,0,0,0,0,1.387,0,5.529,4.251,10.123
NER2021,NER,NER,Niger,2021,0.19,1.77,0.572,0,1.77,0,1,2.913,1.715,0,2.913,0,1,4.628,3.43,0,5.508,0.19,1,5.347,0.393,0,5.347,0,1,5.919,0.8,0,5.919,0,1,9.349,3.473,0,11.125,0.19,1,0.619,0.114,0.199,0.974,0.19,1,0.599,0.114,0.367,1.151,0.19,1,0.439,0.114,-0.2,0.285,0,0,0.505,0.114,0.247,0.895,0.19,1,0,0,0.131,0,0.167,0,0,0.155,0.19,0.167,11.787,0,11.787,0,78.125,7.95,41.386,142.218,0.19,1,0,0,0,0,0,0,0,1,1.198,1,4.776,4.753,15.162
NER2022,NER,NER,Niger,2022,0.19,1.911,0.617,0,1.911,0,1,3.146,1.852,0,3.146,0,1,4.998,3.704,0.07,5.948,0.19,1,5.775,0.425,0,5.775,0,1,6.392,0.864,0,6.392,0,1,10.096,3.751,0.142,12.015,0.19,1,0.861,0.123,-0.134,0.866,0.19,1,0.986,0.123,-0.127,1.023,0.19,1,0.598,0.123,-0.385,0.253,0,0,0.612,0.123,0.057,0.796,0.19,1,0,0,0.116,0,0.167,0,0,0.138,0.19,0.167,12.729,0,12.729,0,97.9,7.95,8.346,126.433,0.19,1,0,0,0,0,0,0,0,1,1.294,1,5.158,10.485,31.326
NER2023,NER,NER,Niger,2023,0.19,1.99,0.643,0,1.99,0,1,3.276,1.928,0,3.276,0,1,5.205,3.857,0.109,6.193,0.19,1,6.013,0.442,0,6.013,0,1,6.656,0.9,0,6.656,0,1,10.513,3.906,0.221,12.511,0.19,1,0.76,0.129,-0.037,0.861,0.19,1,0.811,0.129,0.06,1.037,0.19,1,0.535,0.129,-0.316,0.26,0,0,0.579,0.129,0.109,0.819,0.19,1,0,0,0.12,0,0.167,0,0,0.142,0.19,0.167,13.254,0,13.254,0,83.248,7.95,26.009,130.016,0.19,1,0,0,0,0,0,0,0,1,1.348,1,5.37,4.861,11.622
NER2024,NER,NER,Niger,2024,0.19,2.049,0.662,0,2.049,0,1,3.373,1.985,0,3.373,0,1,5.358,3.971,0.139,6.376,0.19,1,6.191,0.455,0,6.191,0,1,6.853,0.926,0,6.853,0,1,10.823,4.021,0.28,12.88,0.19,1,0.724,0.132,-0.006,0.855,0.19,1,0.75,0.132,0.261,1.204,0.19,1,0.513,0.132,-0.294,0.261,0,0,0.591,0.132,0.134,0.841,0.19,1,0,0,0.123,0,0.167,0,0,0.146,0.19,0.167,13.646,0,13.646,0,82.588,7.95,32.064,132.994,0.19,1,0,0,0,0,0,0,0,1,1.387,1,5.529,4.251,10.168
NGA2021,NGA,NGA,Nigeria,2021,0.075,1.77,0.572,0,1.77,0,1,2.913,1.715,0,2.913,0,1,4.628,3.43,0,4.975,0.075,1,4.26,0.471,0,4.26,0,1,4.467,0.879,0,4.467,0,1,11.001,5.4,0,11.827,0.075,1,0.676,0.124,-0.287,0.418,0,0,0.619,0.12,0.012,0.678,0.075,1,0.434,0.112,0.004,0.471,0.075,1,0.477,0.105,0.008,0.521,0.075,1,0,-0.016,0.137,0,0.833,0,-0.016,0.107,0,0.833,11.787,0,11.787,0,78.125,7.95,67.154,156.175,0.075,1,0,0,0,0,0,0,0,1,1.198,0,4.578,4.753,15.629
NGA2022,NGA,NGA,Nigeria,2022,0.075,1.911,0.617,0,1.911,0,1,3.146,1.852,0,3.146,0,1,4.998,3.704,0.028,5.373,0.075,1,4.351,0.456,0,4.351,0,1,4.649,0.862,0,4.649,0,1,11.681,5.578,0,12.558,0.075,1,0.979,0.14,-0.573,0.436,0,0,1.078,0.14,0.018,1.178,0.075,1,0.526,0.108,0.005,0.571,0.075,1,0.801,0.156,0.008,0.87,0.075,1,0,-0.016,0.127,0,0.833,0,-0.016,0.119,0,0.833,12.729,0,12.729,0,97.9,7.95,170.073,288.071,0.075,1,0,0,0,0,0,0,0,1,1.294,0,4.944,10.485,29.559
NGA2023,NGA,NGA,Nigeria,2023,0.075,1.99,0.643,0,1.99,0,1,3.276,1.928,0,3.276,0,1,5.205,3.857,0.043,5.595,0.075,1,4.402,0.493,0,4.402,0,1,4.751,0.946,0,4.751,0,1,12.061,5.975,0,12.965,0.075,1,0.835,0.141,-0.183,0.702,0,0,0.864,0.148,0.014,0.945,0.075,1,0.42,0.101,0.004,0.456,0.075,1,0.683,0.149,0.008,0.742,0.075,1,0,-0.016,0.084,0,0.833,0,-0.016,0.078,0,0.833,13.254,0,13.254,0,83.248,7.95,200.582,305.117,0.075,1,0,0,0,0,0,0,0,1,1.348,0,5.148,4.861,10.761
NGA2024,NGA,NGA,Nigeria,2024,0.075,2.049,0.662,0,2.049,0,1,3.373,1.985,0,3.373,0,1,5.358,3.971,0.055,5.76,0.075,1,4.62,0.583,0,4.62,0,1,5.007,1.097,0,5.007,0,1,13.449,6.84,0,13.449,0,1,0.866,0.157,-0.274,0.592,0,0,0.877,0.161,0.013,0.89,0,1,0.513,0.132,0.004,0.517,0,1,0.714,0.157,0.008,0.722,0,1,0,-0.016,0.126,0,0.833,0,-0.016,0.07,0,0.833,13.646,0,13.646,0,82.588,7.95,210.682,312.077,0.075,1,0,0,0,0,0,0,0,1,1.387,0,5.3,4.251,9.098
MKD2021,MKD,MKD,North Macedonia,2021,0.18,2.429,0.671,0,2.429,0,1,3.793,2.014,0,3.793,0,1,5.785,4.027,0,6.826,0.18,1,12.393,1.369,-3.434,8.959,0,1,12.35,2.43,-3.391,8.959,0,1,18.855,9.254,-4.125,17.38,0.18,1,0.619,0.114,0.511,1.333,0.18,1,0.599,0.114,0.385,1.162,0.18,1,0.439,0.114,0.145,0.689,0.18,1,0.505,0.114,0,0.596,0.18,1,0,0,0.099,0,1,0,0,0.099,0.18,0.833,11.787,0,11.787,0,78.125,7.95,71.649,176.733,0.18,1,0,0,0,0,0,0,0,0.826,1.198,0,4.776,4.41,7.753
MKD2022,MKD,MKD,North Macedonia,2022,0.18,2.758,0.719,0,2.758,0,1,4.234,2.156,0,4.234,0,1,6.351,4.311,0.085,7.495,0.18,1,34.673,3.637,-2.016,32.656,0,1,34.721,6.437,-2.064,32.656,0,1,41.774,19.949,-9.423,38.174,0.18,1,0.861,0.123,0.414,1.505,0.18,1,0.986,0.123,0.295,1.512,0.18,1,0.598,0.123,0.114,0.84,0.18,1,0.612,0.123,0.008,0.723,0.18,1,0,0,0.27,0,1,0,0,0.104,0.18,0.833,12.729,0,12.729,0,97.9,7.95,99.207,232.586,0.18,1,0,0,0,0,0,0,0,0.836,1.294,0,5.158,5.842,29.941
MKD2023,MKD,MKD,North Macedonia,2023,0.18,2.76,0.822,0,2.76,0,1,4.561,2.466,0,4.561,0,1,6.87,4.932,0.137,8.107,0.18,1,15.063,1.687,3.549,18.613,0,1,15.162,3.02,3.45,18.613,0,1,22.521,11.156,2.295,29.283,0.18,1,0.76,0.129,0.458,1.438,0.18,1,0.811,0.129,0.328,1.345,0.18,1,0.535,0.129,0.139,0.795,0.18,1,0.579,0.129,0.012,0.684,0.18,1,0,0,0.144,0,1,0,0,0.12,0.18,0.833,13.254,0,13.254,0,83.248,7.95,95.692,211.15,0.18,1,0,0,0,0,0,0,0,0.721,1.348,0,5.37,3.466,10.281
MKD2024,MKD,MKD,North Macedonia,2024,0.18,2.691,0.846,0,2.691,0,1,4.418,2.539,0,4.418,0,1,6.922,5.078,0.17,8.168,0.18,1,14.265,1.801,0.174,14.439,0,1,14.265,3.125,0.174,14.439,0,1,25.345,12.891,0.174,30.112,0.18,1,0.724,0.132,0.468,1.406,0.18,1,0.75,0.132,0.34,1.287,0.18,1,0.513,0.132,0.141,0.771,0.18,1,0.591,0.132,0.014,0.698,0.18,1,0,0,0.089,0,1,0,0,0.118,0.18,0.833,13.646,0,13.646,0,82.588,7.95,88.624,202.03,0.18,1,0,0,0,0,0,0,0,0.721,1.387,0,5.529,3.027,8.691
MNP2021,MNP,MNP,Northern Mariana Islands,2021,0.05,4.747,1.143,0,4.747,0,1,7.964,3.43,0,7.964,0,1,10.464,6.86,0,10.987,0.05,1,10.551,1.302,0,10.551,0,1,11.694,2.549,0,11.694,0,1,18.554,9.627,0,19.482,0.05,1,0.621,0.114,0,0.652,0.05,1,0.593,0.114,0,0.623,0.05,1,0.44,0.114,0,0.462,0.05,1,0.56,0.114,0,0.588,0.05,1,0,0,0,0,1,0,0,0,0.05,1,11.787,0,11.787,0,81.695,7.95,0,85.78,0.05,1,0,0,0,0,0,0,0,0,1.198,0,4.776,3.604,9.408
MNP2022,MNP,MNP,Northern Mariana Islands,2022,0.05,8.788,1.235,0,8.788,0,1,9.783,3.704,0,9.783,0,1,14.962,7.408,0.055,15.71,0.05,1,17.332,2.139,0,17.332,0,1,18.566,4.048,0,18.566,0,1,25.974,13.478,0.096,27.273,0.05,1,0.847,0.123,0.003,0.889,0.05,1,0.947,0.123,0.004,0.994,0.05,1,0.589,0.123,0.002,0.618,0.05,1,0.689,0.123,0.003,0.723,0.05,1,0,0,0,0,1,0,0,0,0.05,1,12.729,0,12.729,0,102.477,7.95,0.379,107.6,0.05,1,0,0,0,0,0,0,0,0,1.294,0,5.158,7.554,16.097
MNP2023,MNP,MNP,Northern Mariana Islands,2023,0.05,5.77,1.286,0,5.77,0,1,7.886,3.857,0,7.886,0,1,12.198,7.714,0.068,12.808,0.05,1,13.814,1.705,0,13.814,0,1,15.1,3.292,0,15.1,0,1,22.814,11.838,0.126,23.955,0.05,1,0.749,0.129,0.004,0.786,0.05,1,0.783,0.129,0.004,0.822,0.05,1,0.527,0.129,0.003,0.554,0.05,1,0.64,0.129,0.004,0.672,0.05,1,0,0,0,0,1,0,0,0,0.05,1,13.254,0,13.254,0,87.079,7.95,0.482,91.433,0.05,1,0,0,0,0,0,0,0,0,1.348,0,5.37,4.484,12.529
MNP2024,MNP,MNP,Northern Mariana Islands,2024,0.05,4.833,1.324,0,4.833,0,1,7.124,3.971,0,7.124,0,1,11.451,7.942,0.078,12.023,0.05,1,12.219,1.508,0,12.219,0,1,13.543,2.952,0,13.543,0,1,21.484,11.148,0.146,22.559,0.05,1,0.72,0.132,0.005,0.756,0.05,1,0.734,0.132,0.005,0.77,0.05,1,0.51,0.132,0.003,0.536,0.05,1,0.652,0.132,0.004,0.685,0.05,1,0,0,0,0,1,0,0,0,0.05,1,13.646,0,13.646,0,86.385,7.95,0.588,90.705,0.05,1,0,0,0,0,0,0,0,0,1.387,0,5.529,3.509,10.896
NOR2021,NOR,NOR,Norway,2021,0.25,5.82,1.124,1.208,7.028,0,1,7.793,3.372,1.226,9.019,0,1,11.44,6.744,0.514,14.943,0.25,1,3.092,0.248,1.698,4.79,0,1,3.679,0.54,1.698,5.378,0,1,7.202,2.852,0.984,10.232,0.25,1,0.619,0.114,1.021,2.05,0.25,1,0.599,0.114,0.882,1.852,0.25,1,0.439,0.114,0.029,0.585,0.25,1,0.505,0.114,0.833,1.672,0.25,1,0,0.011,0.092,0,1,0,0.02,0.238,0.25,1,11.787,0,11.787,0,78.125,7.95,65.407,179.415,0.25,1,0,0,0,0,0,0.001,0.001,0.034,1.198,0.973,2.211,4.819,13.099
NOR2022,NOR,NOR,Norway,2022,0.25,12.798,1.235,8.159,20.957,0,1,9.783,3.704,8.284,18.067,0,1,18.971,7.408,2.969,26.927,0.25,1,3.365,0.27,7.049,10.414,0,1,3.991,0.586,7.049,11.04,0,1,7.748,3.068,2.405,12.462,0.25,1,0.861,0.123,0.991,2.315,0.25,1,0.986,0.123,0.85,2.296,0.25,1,0.598,0.123,0.078,0.83,0.25,1,0.612,0.123,0.899,1.889,0.25,1,0,0.01,0.162,0,1,0,-0.065,0.226,0.25,1,12.729,0,12.729,0,97.9,7.95,121.228,273.91,0.25,1,0,0,0,0,0,0.001,0.001,0,1.294,0.986,2.388,11.563,26.643
NOR2023,NOR,NOR,Norway,2023,0.25,6.174,1.254,9.456,15.63,0,1,7.66,3.763,9.601,17.261,0,1,12.445,7.525,5.099,21.338,0.25,1,3.328,0.267,7.838,11.166,0,1,3.984,0.585,7.838,11.822,0,1,7.918,3.135,2.524,12.701,0.25,1,0.76,0.129,0.955,2.144,0.25,1,0.811,0.129,0.767,1.972,0.25,1,0.535,0.129,0.083,0.752,0.25,1,0.579,0.129,0.912,1.864,0.25,1,0,0.009,0.086,0,1,0,-0.005,0.205,0.25,1,13.254,0,13.254,0,83.248,7.95,112.488,244.67,0.25,1,0,0,0,0,0,0.001,0.001,0.049,1.348,0.98,2.487,5.104,11.809
NOR2024,NOR,NOR,Norway,2024,0.25,5.604,1.291,6.197,11.801,0,1,6.94,3.874,6.292,13.232,0,1,12.06,7.747,5.335,21.028,0.25,1,3.383,0.271,6.301,9.684,0,1,4.058,0.596,6.301,10.359,0,1,8.108,3.211,3,13.428,0.25,1,0.724,0.132,0.909,2.041,0.25,1,0.75,0.132,0.764,1.893,0.25,1,0.513,0.132,0.098,0.739,0.25,1,0.591,0.132,1.019,2.013,0.25,1,0,0.009,0.064,0,1,0,0.008,0.211,0.25,1,13.646,0,13.646,0,82.588,7.95,94.555,221.429,0.25,1,0,0,0,0,0,0.001,0.001,0.049,1.387,0.98,2.56,4.463,9.983
OMN2021,OMN,OMN,Oman,2021,0.05,5.897,1.143,0.238,6.134,0,1,7.964,3.43,0.227,8.191,0,1,11.613,6.86,0.238,12.444,0.05,1,5.869,0.688,-2.666,3.202,0,0,6.472,1.334,-3.437,3.034,0,0,10.091,4.936,0.037,10.635,0.05,1,0.621,0.114,-0.061,0.588,0,0,0.593,0.114,-0.004,0.619,0.05,1,0.44,0.114,0,0.462,0.05,1,0.56,0.114,0,0.588,0.05,1,0,0,0.065,0,0.667,0,0,0.052,0.05,0.833,11.787,0,11.787,0,81.695,7.95,0,85.78,0.05,1,0,0,0,0,0,0,0,0,1.198,0.945,4.908,4.753,14.129
OMN2022,OMN,OMN,Oman,2022,0.05,11.72,1.235,0.566,12.286,0,1,9.783,3.704,0.328,10.111,0,1,17.893,7.408,0.634,19.382,0.05,1,6.876,0.806,-2.879,3.997,0,0,7.528,1.552,-4.115,3.412,0,0,11.434,5.593,0.121,12.088,0.05,1,0.847,0.123,-0.255,0.622,0,0,0.947,0.123,-0.308,0.671,0.05,1,0.589,0.123,0.002,0.618,0.05,1,0.689,0.123,0.003,0.723,0.05,1,0,0,0.065,0,0.667,0,0,0.055,0.05,0.833,12.729,0,12.729,0,102.477,7.95,0.379,107.6,0.05,1,0,0,0,0,0,0,0,0,1.294,0.945,5.3,10.485,28.059
OMN2023,OMN,OMN,Oman,2023,0.05,6.147,1.286,0.273,6.42,0,1,7.886,3.857,0.227,8.113,0,1,12.575,7.714,0.344,13.491,0.05,1,6.442,0.755,-2.421,4.021,0,0,7.128,1.469,-3.716,3.412,0,0,11.241,5.499,0.095,11.838,0.05,1,0.749,0.129,-0.157,0.622,0,0,0.783,0.129,-0.143,0.671,0.05,1,0.527,0.129,0.003,0.554,0.05,1,0.64,0.129,0.004,0.672,0.05,1,0,0,0.12,0,0.667,0,0,0.036,0.05,0.833,13.254,0,13.254,0,87.079,7.95,0.482,91.433,0.05,1,0,0,0,0,0,0,0,0,1.348,0.933,5.519,4.861,9.261
OMN2024,OMN,OMN,Oman,2024,0.05,5.575,1.324,0.213,5.787,0,1,7.124,3.971,0.158,7.281,0,1,12.193,7.942,0.297,13.026,0.05,1,6.506,0.762,-2.492,4.014,0,0,7.212,1.487,-3.699,3.513,0,0,11.447,5.599,0.103,12.046,0.05,1,0.72,0.132,-0.128,0.622,0,0,0.734,0.132,-0.095,0.671,0.05,1,0.51,0.132,0.003,0.536,0.05,1,0.652,0.132,0.004,0.685,0.05,1,0,0,0.09,0,0.667,0,0,0.048,0.05,0.833,13.646,0,13.646,0,86.385,7.95,0.588,90.705,0.05,1,0,0,0,0,0,0,0,0,1.387,0.933,5.681,4.251,7.598
PAK2021,PAK,PAK,Pakistan,2021,0.17,4.075,1.014,0.084,4.158,0,1,6.823,3.042,0.105,6.928,0,1,9.145,6.085,0.084,10.798,0.17,1,4.212,0.464,2.346,6.558,0,1,4.963,0.962,1.169,6.132,0,1,9.471,4.441,-7.979,1.745,0,0,0.621,0.114,-0.051,0.666,0.17,1,0.593,0.114,-0.012,0.68,0.17,1,0.44,0.114,0.024,0.543,0.17,1,0.56,0.114,-0.14,0.491,0,0,0,-0.009,0.107,0,1,0,-0.009,0.108,0,1,11.787,0,11.787,0,81.695,7.95,45.811,149.182,0.17,1,0,0,0,0,0,0,0,0.226,1.198,0.686,2.13,3.604,6.361
PAK2022,PAK,PAK,Pakistan,2022,0.17,7.234,1.095,0.189,7.424,0,1,8.283,3.286,0.152,8.435,0,1,12.71,6.571,0.352,15.093,0.17,1,5.475,0.603,2.534,8.008,0,1,6.255,1.213,-1.379,4.876,0,1,10.935,5.127,-9.749,1.388,0,0,0.847,0.123,-0.047,0.936,0.17,1,0.947,0.123,-0.143,0.941,0.17,1,0.589,0.123,-0.069,0.607,0.17,1,0.689,0.123,-0.049,0.749,0,0,0,-0.052,0.124,0,1,0,-0.052,0.114,0,1,12.729,0,12.729,0,102.477,7.95,49.287,175.357,0.17,1,0,0,0,0,0,0,0,0.226,1.294,0.736,2.3,7.554,11.388
PAK2023,PAK,PAK,Pakistan,2023,0.17,4.916,1.14,0.117,5.033,0,1,6.844,3.421,0.105,6.95,0,1,10.618,6.842,0.319,12.56,0.17,1,3.79,0.417,2.638,6.429,0,1,4.603,0.892,0.044,4.647,0,1,9.477,4.444,-8.023,1.701,0,0,0.749,0.129,-0.032,0.839,0.17,1,0.783,0.129,-0.04,0.868,0.17,1,0.527,0.129,-0.063,0.543,0.17,1,0.64,0.129,-0.097,0.634,0,0,0,-0.016,0.093,0,1,0,-0.016,0.085,0,1,13.254,0,13.254,0,87.079,7.95,54.831,162.968,0.17,1,0,0,0,0,0,0,0,0.226,1.348,0.736,2.395,4.484,4.605
PAK2024,PAK,PAK,Pakistan,2024,0.17,4.204,1.174,0.081,4.285,0,1,6.276,3.522,0.073,6.349,0,1,10.074,7.044,0.317,11.882,0.17,1,3.708,0.408,2.716,6.424,0,1,4.545,0.881,4.236,8.78,0,1,9.563,4.484,-6.01,4.157,0,0,0.72,0.132,0.004,0.847,0.17,1,0.734,0.132,-0.015,0.84,0.17,1,0.51,0.132,-0.028,0.564,0.17,1,0.652,0.132,-0.162,0.573,0,0,0,-0.017,0.143,0,1,0,-0.017,0.122,0,1,13.646,0,13.646,0,86.385,7.95,57.481,164.514,0.17,1,0,0,0,0,0,0,0,0.226,1.387,0.736,2.466,3.509,4.004
PLW2021,PLW,PLW,Palau,2021,0,4.747,1.143,0,4.747,0,1,7.964,3.43,0,7.964,0,1,10.464,6.86,0,10.464,0,1,4.333,0.535,0,4.333,0,1,5.477,1.194,0,5.477,0,1,12.337,6.401,0,12.337,0,1,0.621,0.114,0.712,1.332,0,1,0.593,0.114,0.753,1.346,0,1,0.44,0.114,0.888,1.328,0,1,0.56,0.114,1.65,2.211,0,1,0,0,0,0,1,0,0,0,0,1,11.787,0,11.787,0,81.695,7.95,0,81.695,0,1,0,0,0,0,0,0,0,0,1.198,0,4.776,3.604,9.408
PLW2022,PLW,PLW,Palau,2022,0,8.788,1.235,0,8.788,0,1,9.783,3.704,0,9.783,0,1,14.962,7.408,0,14.962,0,1,4.68,0.577,0,4.68,0,1,5.914,1.289,0,5.914,0,1,13.322,6.913,0,13.322,0,1,0.847,0.123,0.733,1.579,0,1,0.947,0.123,0.809,1.756,0,1,0.589,0.123,0.973,1.561,0,1,0.689,0.123,1.676,2.365,0,1,0,0,0,0,1,0,0,0,0,1,12.729,0,12.729,0,102.477,7.95,0,102.477,0,1,0,0,0,0,0,0,0,0,1.294,0,5.158,7.554,16.097
PLW2023,PLW,PLW,Palau,2023,0,5.77,1.286,0,5.77,0,1,7.886,3.857,0,7.886,0,1,12.198,7.714,0,12.198,0,1,4.873,0.601,0,4.873,0,1,6.158,1.343,0,6.158,0,1,13.872,7.198,0,13.872,0,1,0.749,0.129,0.802,1.551,0,1,0.783,0.129,0.896,1.678,0,1,0.527,0.129,1.071,1.599,0,1,0.64,0.129,1.823,2.463,0,1,0,0,0,0,1,0,0,0,0,1,13.254,0,13.254,0,87.079,7.95,0,87.079,0,1,0,0,0,0,0,0,0,0,1.348,0,5.37,4.484,12.529
PLW2024,PLW,PLW,Palau,2024,0,4.833,1.324,0,4.833,0,1,7.124,3.971,0,7.124,0,1,11.451,7.942,0,11.451,0,1,5.017,0.619,0,5.017,0,1,6.34,1.382,0,6.34,0,1,14.282,7.411,0,14.282,0,1,0.72,0.132,0.841,1.561,0,1,0.734,0.132,0.941,1.675,0,1,0.51,0.132,1.125,1.636,0,1,0.652,0.132,1.883,2.535,0,1,0,0,0,0,1,0,0,0,0,1,13.646,0,13.646,0,86.385,7.95,0,86.385,0,1,0,0,0,0,0,0,0,0,1.387,0,5.529,3.509,10.896
PAN2021,PAN,PAN,Panama,2021,0.07,5.897,1.143,0,5.897,0,1,7.964,3.43,0.227,8.191,0,1,11.613,6.86,0,12.426,0.07,1,5.919,0.796,0,5.919,0,1,7.062,1.654,0,7.062,0,1,13.922,7.481,0,14.897,0.07,1,0.649,0.114,0.143,0.847,0.07,1,0.577,0.114,0.118,0.743,0.07,1,0.458,0.114,-0.072,0.386,0,0,0.491,0.114,0.07,0.6,0.07,1,0,0,0.153,0,1,0,0,0.177,0.07,1,11.787,0,11.787,0,78.125,7.95,-2.731,75.394,0,1,0,0,0,0,0,0,0,0,1.198,0,4.776,4.753,15.983
PAN2022,PAN,PAN,Panama,2022,0.07,11.72,1.235,0,11.72,0,1,9.783,3.704,0.304,10.087,0,1,17.893,7.408,0.093,19.146,0.07,1,6.392,0.86,0,6.392,0,1,7.627,1.786,0,7.627,0,1,15.035,8.079,0.078,16.088,0.07,1,0.896,0.123,0.054,1.017,0.07,1,0.89,0.123,0.053,1.009,0.07,1,0.62,0.123,-0.078,0.542,0,0,0.608,0.123,0.074,0.726,0.07,1,0,0,0.169,0,1,0,0,0.205,0.07,1,12.729,0,12.729,0,97.9,7.95,-2.949,94.951,0,1,0,0,0,0,0,0,0,0,1.294,0,5.158,10.485,29.494
PAN2023,PAN,PAN,Panama,2023,0.07,6.147,1.286,0,6.147,0,1,7.886,3.857,0.201,8.088,0,1,12.575,7.714,0.097,13.455,0.07,1,6.656,0.895,0,6.656,0,1,7.942,1.86,0,7.942,0,1,15.656,8.412,0.121,16.752,0.07,1,0.791,0.129,0.103,0.957,0.07,1,0.618,0.129,0.256,0.935,0.07,1,0.554,0.129,-0.081,0.473,0,0,0.557,0.129,0.083,0.68,0.07,1,0,0,0.21,0,1,0,0,0.193,0.07,1,13.254,0,13.254,0,83.248,7.95,-3.071,80.177,0,1,0,0,0,0,0,0,0,0,1.348,0,5.37,4.861,11.192
PAN2024,PAN,PAN,Panama,2024,0.07,5.575,1.324,0,5.575,0,1,7.124,3.971,0.158,7.281,0,1,12.193,7.942,0.116,13.046,0.07,1,6.853,0.922,0,6.853,0,1,8.176,1.915,0,8.176,0,1,16.118,8.66,0.154,17.246,0.07,1,0.756,0.132,0.121,0.939,0.07,1,0.655,0.132,0.154,0.865,0.07,1,0.534,0.132,-0.084,0.45,0,0,0.568,0.132,0.087,0.694,0.07,1,0,0,0.179,0,1,0,0,0.179,0.07,1,13.646,0,13.646,0,82.588,7.95,-3.161,79.427,0,1,0,0,0,0,0,0,0,0,1.387,0,5.529,4.251,10.123
PNG2021,PNG,PNG,Papua New Guinea,2021,0.1,4.747,1.143,0,4.747,0,1,7.964,3.43,0,7.964,0,1,10.464,6.86,0,11.51,0.1,1,10.251,1.265,0,10.251,0,1,11.395,2.484,0,11.395,0,1,18.255,9.472,0,20.08,0.1,1,0.621,0.114,0.381,1.102,0.1,1,0.593,0.114,0.238,0.915,0.1,1,0.44,0.114,0,0.484,0.1,1,0.56,0.114,0.164,0.797,0.1,1,0,0,0.181,0,0.333,0,0,0.253,0.1,0.333,11.787,0,11.787,0,81.695,7.95,33.284,126.477,0.1,1,0,0,0,0,0,0,0,0,1.198,0,3.279,3.604,9.408
PNG2022,PNG,PNG,Papua New Guinea,2022,0.1,8.788,1.235,0,8.788,0,1,9.783,3.704,0,9.783,0,1,14.962,7.408,0.111,16.458,0.1,1,16.718,2.063,0,16.718,0,1,17.953,3.914,0,17.953,0,1,25.361,13.159,0.188,27.897,0.1,1,0.847,0.123,0.268,1.226,0.1,1,0.947,0.123,0.129,1.184,0.1,1,0.589,0.123,0.004,0.647,0.1,1,0.689,0.123,0.354,1.148,0.1,1,0,0,0.181,0,0.333,0,0,0.252,0.1,0.333,12.729,0,12.729,0,102.477,7.95,63.302,182.356,0.1,1,0,0,0,0,0,0,0,0,1.294,0,3.541,7.554,16.097
PNG2023,PNG,PNG,Papua New Guinea,2023,0.1,5.77,1.286,0,5.77,0,1,7.886,3.857,0,7.886,0,1,12.198,7.714,0.135,13.418,0.1,1,13.382,1.651,0,13.382,0,1,14.668,3.198,0,14.668,0,1,22.382,11.613,0.248,24.62,0.1,1,0.749,0.129,0.347,1.206,0.1,1,0.783,0.129,0.29,1.18,0.1,1,0.527,0.129,0.006,0.58,0.1,1,0.64,0.129,0.367,1.107,0.1,1,0,0,0.18,0,0.333,0,0,0.25,0.1,0.333,13.254,0,13.254,0,87.079,7.95,73.708,176.866,0.1,1,0,0,0,0,0,0,0,0,1.348,0,3.687,4.484,12.529
PNG2024,PNG,PNG,Papua New Guinea,2024,0.1,4.833,1.324,0,4.833,0,1,7.124,3.971,0,7.124,0,1,11.451,7.942,0.156,12.596,0.1,1,11.872,1.465,0,11.872,0,1,13.196,2.877,0,13.196,0,1,21.137,10.968,0.288,23.251,0.1,1,0.72,0.132,0.4,1.231,0.1,1,0.734,0.132,0.286,1.121,0.1,1,0.51,0.132,0.007,0.561,0.1,1,0.652,0.132,0.274,1.019,0.1,1,0,0,0.185,0,0.333,0,0,0.258,0.1,0.333,13.646,0,13.646,0,86.385,7.95,60.985,162.107,0.1,1,0,0,0,0,0,0,0,0,1.387,0,3.796,3.509,10.896
PRY2021,PRY,PRY,Paraguay,2021,0.1,5.897,1.143,0,5.897,0,1,7.964,3.43,0,7.964,0,1,11.613,6.86,0,12.775,0.1,1,17.127,2.304,0,17.127,0,1,18.27,4.278,0,18.27,0,1,25.13,13.503,0,27.643,0.1,1,0.649,0.114,0.237,0.886,0,1,0.577,0.114,0.224,0.801,0,1,0.458,0.114,0.089,0.547,0,1,0.491,0.114,0.55,1.041,0,1,0,0,0.061,0,0.833,0,0,0.057,0.1,0.833,11.787,0,11.787,0,78.125,7.95,78.564,172.358,0.1,1,0,0,0,0,0,0,0,0,1.198,0,4.776,4.753,15.983
PRY2022,PRY,PRY,Paraguay,2022,0.1,11.72,1.235,0,11.72,0,1,9.783,3.704,0,9.783,0,1,17.893,7.408,0.132,19.683,0.1,1,30.728,4.133,0,30.728,0,1,31.963,7.485,0,31.963,0,1,39.371,21.155,0.291,43.308,0.1,1,0.896,0.123,0.211,1.107,0,1,0.89,0.123,0.149,1.039,0,1,0.62,0.123,0.096,0.716,0,1,0.608,0.123,0.594,1.201,0,1,0,0,0.04,0,0.833,0,0,0.034,0.1,0.833,12.729,0,12.729,0,97.9,7.95,84.957,199.665,0.1,1,0,0,0,0,0,0,0,0,1.294,0,5.158,10.485,29.494
PRY2023,PRY,PRY,Paraguay,2023,0.1,6.147,1.286,0,6.147,0,1,7.886,3.857,0,7.886,0,1,12.575,7.714,0.139,13.833,0.1,1,12.478,1.678,0,12.478,0,1,13.763,3.223,0,13.763,0,1,21.477,11.54,0.238,23.625,0.1,1,0.791,0.129,0.124,0.915,0,1,0.618,0.129,0.442,1.06,0,1,0.554,0.129,0.1,0.655,0,1,0.557,0.129,0.618,1.176,0,1,0,0,0.04,0,0.833,0,0,0.035,0.1,0.833,13.254,0,13.254,0,83.248,7.95,90.669,189.213,0.1,1,0,0,0,0,0,0,0,0,1.348,0,5.37,4.861,11.192
PRY2024,PRY,PRY,Paraguay,2024,0.1,5.575,1.324,0,5.575,0,1,7.124,3.971,0,7.124,0,1,12.193,7.942,0.166,13.412,0.1,1,11.447,1.54,0,11.447,0,1,12.771,2.991,0,12.771,0,1,20.712,11.129,0.282,22.784,0.1,1,0.756,0.132,-0.024,0.732,0,1,0.655,0.132,0.362,1.017,0,1,0.534,0.132,0.103,0.637,0,1,0.568,0.132,0.637,1.204,0,1,0,0,0.041,0,0.833,0,0,0.046,0.1,0.833,13.646,0,13.646,0,82.588,7.95,94.041,191.681,0.1,1,0,0,0,0,0,0,0,0,1.387,0,5.529,4.251,10.123
PER2021,PER,PER,Peru,2021,0.18,3.135,0.761,0.485,3.62,0,1,4.584,2.282,0.451,5.035,0,1,6.938,4.564,0.485,8.76,0.18,1,4.539,0.498,0,4.539,0,1,5.111,0.994,0,5.111,0,1,8.541,4.029,0,10.078,0.18,1,0.649,0.114,0.193,0.993,0.18,1,0.577,0.114,0.256,0.983,0.18,1,0.458,0.114,0.086,0.642,0.18,1,0.491,0.114,0.336,0.976,0.18,1,0,0,0.091,0,1,0,0,0.153,0.18,0.833,11.787,0,11.787,0,78.125,7.95,21.472,117.525,0.18,1,0,0,0,0,0,0,0,0.669,1.198,1,3.967,4.753,14.129
PER2022,PER,PER,Peru,2022,0.18,6.429,0.902,0.494,6.923,0,1,6.203,2.705,0.476,6.678,0,1,10.937,5.41,0.646,13.489,0.18,1,4.902,0.538,0,4.902,0,1,5.519,1.073,0,5.519,0,1,9.223,4.351,0.123,10.884,0.18,1,0.896,0.123,0.234,1.333,0.18,1,0.89,0.123,0.141,1.217,0.18,1,0.62,0.123,0.033,0.771,0.18,1,0.608,0.123,0.364,1.131,0.18,1,0,0,0.045,0,1,0,0,0.233,0.18,0.833,12.729,0,12.729,0,97.9,7.95,35.826,157.797,0.18,1,0,0,0,0,0,0,0,0.539,1.294,1,4.285,10.485,28.059
PER2023,PER,PER,Peru,2023,0.18,3.901,0.938,0.503,4.404,0,1,5.396,2.815,0.5,5.896,0,1,8.593,5.63,0.684,10.734,0.18,1,5.104,0.56,0,5.104,0,1,5.747,1.118,0,5.747,0,1,9.604,4.53,0.191,11.333,0.18,1,0.791,0.129,0.23,1.205,0.18,1,0.618,0.129,0.424,1.23,0.18,1,0.554,0.129,0.035,0.696,0.18,1,0.557,0.129,0.395,1.102,0.18,1,0,0,0.041,0,1,0,0,0.184,0.18,0.833,13.254,0,13.254,0,83.248,7.95,40.454,145.968,0.18,1,0,0,0,0,0,0,0,0.54,1.348,1,4.461,4.861,9.261
PER2024,PER,PER,Peru,2024,0.18,3.67,0.966,0.518,4.188,0,1,5.097,2.898,0.515,5.612,0,1,8.501,5.797,0.739,10.642,0.18,1,5.255,0.577,0,5.255,0,1,5.917,1.151,0,5.917,0,1,9.888,4.664,0.242,11.667,0.18,1,0.756,0.132,0.225,1.157,0.18,1,0.655,0.132,0.366,1.205,0.18,1,0.534,0.132,0.062,0.702,0.18,1,0.568,0.132,0.412,1.129,0.18,1,0,0,0.083,0,1,0,0,0.146,0.18,0.833,13.646,0,13.646,0,82.588,7.95,42.429,147.52,0.18,1,0,0,0,0,0,0,0,0.54,1.387,1,4.593,4.251,7.598
PHL2021,PHL,PHL,Philippines,2021,0.12,4.668,1.021,0.366,5.033,0,1,3.11,1.41,0.179,3.289,0,1,9.896,6.526,0,11.083,0.12,1,5.197,0.354,2.12,7.317,0,1,5.769,0.731,3.83,9.599,0,1,9.199,3.325,0,10.302,0.12,1,0.805,0.147,0.203,1.129,0.12,1,0.656,0.127,0.122,0.871,0.12,1,0.679,0.175,0.031,0.795,0.12,1,0.772,0.171,0.102,0.979,0.12,1,0,0,0.139,0,1,0,0.001,0.2,0,1,3.307,0,3.307,0,118.117,44.372,19.369,153.984,0.12,1,0,0,0,0,0,0,0,0,1.198,1,4.625,3.604,9.408
PHL2022,PHL,PHL,Philippines,2022,0.12,8.343,1.296,0.608,8.951,0,1,3.808,1.572,0.185,3.993,0,1,14.012,7.055,0.124,15.694,0.12,1,5.612,0.382,2.29,7.902,0,1,6.23,0.79,4.137,10.366,0,1,9.934,3.591,0.088,11.126,0.12,1,0.998,0.143,0.184,1.324,0.12,1,1.053,0.137,0.11,1.303,0.12,1,0.828,0.171,0.036,0.958,0.12,1,1.138,0.222,0.092,1.378,0.12,1,0,0,0.141,0,1,0,0.001,0.187,0,1,3.571,0,3.571,0,174.916,80.39,17.512,215.519,0.12,1,0,0,0,0,0,0,0,0,1.294,1,4.995,7.554,16.097
PHL2023,PHL,PHL,Philippines,2023,0.12,5.215,1.188,0.247,5.462,0,1,2.894,1.435,0.154,3.048,0,1,10.783,6.933,0.143,12.076,0.12,1,5.488,0.373,2.512,8,0,1,6.236,0.791,4.307,10.543,0,1,10.726,3.878,0.143,12.013,0.12,1,0.891,0.15,0.18,1.199,0.12,1,0.866,0.148,0.108,1.091,0.12,1,0.767,0.184,0.038,0.889,0.12,1,1.079,0.235,0.09,1.309,0.12,1,0,0,0.164,0,1,0,0.001,0.213,0,1,3.718,0,3.718,0,168.954,89.825,17.149,208.435,0.12,1,0,0,0,0,0,0,0,0,1.348,0.836,5.201,4.484,12.529
PHL2024,PHL,PHL,Philippines,2024,0.12,4.479,1.135,0.224,4.703,0,1,2.649,1.443,0.151,2.799,0,1,10.217,7.138,0.167,11.443,0.12,1,7.034,0.479,2.088,9.123,0,1,7.805,0.989,4.435,12.239,0,1,12.427,4.493,0.203,13.918,0.12,1,0.839,0.152,0.175,1.135,0.12,1,0.784,0.144,0.105,0.996,0.12,1,0.749,0.192,0.039,0.869,0.12,1,1.037,0.228,0.087,1.259,0.12,1,0,0,0.154,0,1,0,0.002,0.202,0,1,3.828,0,3.828,0,162.963,84.528,16.652,201.169,0.12,1,0,0,0,0,0,0,0,0,1.387,0.836,5.355,3.509,10.896
POL2021,POL,POL,Poland,2021,0.23,7.076,1.548,1.879,8.956,0,1,9.444,4.281,1.964,11.408,0,1,12.606,7.812,0.028,15.539,0.23,1,22.447,2.479,-9.981,12.467,0,1,22.477,4.423,-10.01,12.467,0,1,24.12,11.838,-12.784,13.944,0.23,1,0.68,0.124,0.474,1.42,0.23,1,0.668,0.129,0.468,1.397,0.23,1,0.439,0.114,0.126,0.695,0.23,1,0.505,0.114,-0.018,0.599,0.23,1,0,0.041,0.107,0,1,0,0.043,0.185,0.23,1,11.787,0,11.787,0,78.125,7.95,49.868,157.432,0.23,1,0,0,0,0.818,0,0.009,0,0,1.198,0,3.981,3.456,12.489
POL2022,POL,POL,Poland,2022,0.23,14.057,2.183,8.354,22.411,0,1,11.627,4.801,8.336,19.963,0,1,19.43,9.516,0.034,23.941,0.23,1,39.508,4.145,-9.605,29.903,0,1,39.629,7.346,-9.725,29.903,0,1,41.82,19.971,-27.066,16.119,0.093,1,1.039,0.149,0.33,1.496,0.093,1,1.181,0.153,0.301,1.619,0.093,1,0.598,0.123,0.071,0.731,0.093,1,0.612,0.123,0.292,1.112,0.23,1,0,0.052,0.145,0,1,0,0.051,0.162,0.065,1,12.729,0,12.729,0,97.9,7.95,124.162,273.136,0.23,1,0,0,0,0.483,20,0.01,0,0,1.294,0,4.299,9.295,29.459
POL2023,POL,POL,Poland,2023,0.23,7.369,1.678,9.681,17.05,0,1,9.352,4.638,9.641,18.993,0,1,13.645,8.557,0.034,16.825,0.23,1,20.215,2.264,13.865,34.08,0,1,20.387,4.06,13.693,34.08,0,1,22.885,11.336,-5.636,21.216,0.23,1,0.811,0.137,0.45,1.551,0.23,1,0.865,0.148,0.413,1.573,0.23,1,0.535,0.129,0.048,0.718,0.23,1,0.579,0.129,0.226,0.99,0.23,1,0,0.075,0.216,0,1,0,0.06,0.213,0.23,1,13.254,0,13.254,0,83.248,7.95,124.29,255.271,0.23,1,0,0,0,0.503,20.826,0.01,0,0,1.348,0,4.477,7.086,10.115
POL2024,POL,POL,Poland,2024,0.23,6.682,1.693,6.347,13.03,0,1,8.462,4.61,6.358,14.82,0,1,13.232,8.76,0.035,16.318,0.23,1,21.212,2.678,4.393,25.605,0,1,21.653,4.743,3.952,25.605,0,1,23.304,11.853,-4.083,23.641,0.23,1,0.789,0.143,0.512,1.601,0.23,1,0.822,0.151,0.494,1.618,0.23,1,0.513,0.132,0.079,0.728,0.23,1,0.591,0.132,0.191,0.963,0.23,1,0,0.067,0.182,0,1,0,0.069,0.247,0.23,1,13.646,0,13.646,0,82.588,7.95,102.469,227.62,0.23,1,0,0,0,1.8,21.44,0.01,0,0,1.387,0,4.609,4.705,8.551
PRT2021,PRT,PRT,Portugal,2021,0.23,3.432,0.751,1.422,4.854,0,1,6.871,3.114,2.495,9.366,0,1,5.808,3.586,1.183,8.599,0.23,1,11.872,1.311,-1.571,10.301,0,1,11.828,2.328,-1.528,10.301,0,1,21.934,10.765,-1.437,25.21,0.23,1,0.619,0.114,0.94,1.918,0.23,1,0.599,0.114,0.772,1.687,0.23,1,0.439,0.114,0.258,0.857,0.23,1,0.505,0.114,0.668,1.442,0.23,1,0,0.028,0.127,0,1,0,0.074,0.252,0.23,0.667,11.787,0,11.787,0,78.125,7.95,113.66,235.895,0.23,1,0,0,0,0,0,0,0,0,1.198,0,4.776,23.769,8.331
PRT2022,PRT,PRT,Portugal,2022,0.23,3.23,0.502,8.583,11.813,0,1,7.063,2.917,8.829,15.892,0,1,68.135,7.408,2.603,85.552,0.23,1,24.702,2.591,4.965,29.666,0,1,24.749,4.588,4.917,29.666,0,1,35.403,16.906,-10.27,30.914,0.23,1,0.861,0.123,0.72,1.945,0.23,1,0.986,0.123,0.551,1.891,0.23,1,0.598,0.123,0.168,0.941,0.23,1,0.612,0.123,0.874,1.828,0.23,1,0,-0.028,0.152,0,1,0,0.002,0.233,0.23,0.667,12.729,0,12.729,0,97.9,7.95,171.492,331.352,0.23,1,0,0,0,0,0,0,0,0,1.294,0,5.158,60.727,21.07
PRT2023,PRT,PRT,Portugal,2023,0.23,4.148,0.945,9.937,14.084,0,1,9.368,4.646,9.945,19.313,0,1,30.904,6.981,2.279,39.801,0.23,1,19.331,2.165,5.348,24.679,0,1,19.43,3.87,5.249,24.679,0,1,30.389,15.054,3.557,41.754,0.23,1,0.76,0.129,0.751,1.859,0.23,1,0.811,0.129,0.586,1.719,0.23,1,0.535,0.129,0.186,0.887,0.23,1,0.579,0.129,0.821,1.722,0.23,1,0,-0.038,0.094,0,1,0,-0.071,0.236,0.23,0.667,13.254,0,13.254,0,83.248,7.95,177.631,320.881,0.23,1,0,0,0,0,0,0,0,0,1.348,0,5.37,29.221,15.648
PRT2024,PRT,PRT,Portugal,2024,0.23,4.039,1.023,6.576,10.615,0,1,8.81,4.799,6.989,15.799,0,1,25.97,7.187,2.358,33.785,0.23,1,14.363,1.814,4.561,18.924,0,1,14.363,3.146,4.561,18.924,0,1,26.173,13.312,5.094,38.458,0.23,1,0.724,0.132,0.786,1.857,0.23,1,0.75,0.132,0.641,1.711,0.23,1,0.513,0.132,0.238,0.924,0.23,1,0.591,0.132,0.769,1.673,0.23,1,0,0.008,0.108,0,1,0,0.041,0.273,0.23,0.667,13.646,0,13.646,0,82.588,7.95,166.731,306.663,0.23,1,0,0,0,0,0,0,0,0,1.387,0,5.529,22.865,8.265
PRI2021,PRI,PRI,Puerto Rico,2021,0.115,5.897,1.143,0,5.897,0,1,7.964,3.43,0,7.964,0,1,11.613,6.86,0,12.949,0.115,1,17.127,2.304,0,17.127,0,1,18.27,4.278,0,18.27,0,1,25.13,13.503,0,28.02,0.115,1,0.649,0.114,0.123,0.861,0.115,1,0.577,0.114,0.052,0.701,0.115,1,0.458,0.114,0,0.511,0.115,1,0.491,0.114,0,0.548,0.115,1,0,0,0,0,1,0,0,0,0.115,1,11.787,0,11.787,0,78.125,7.95,0,87.109,0.115,1,0,0,0,0,0,0,0,0,1.198,0,4.776,4.753,15.983
PRI2022,PRI,PRI,Puerto Rico,2022,0.115,11.72,1.235,0,11.72,0,1,9.783,3.704,0,9.783,0,1,17.893,7.408,0.152,19.951,0.115,1,30.728,4.133,0,30.728,0,1,31.963,7.485,0,31.963,0,1,39.371,21.155,0.335,43.899,0.115,1,0.896,0.123,0.14,1.155,0.115,1,0.89,0.123,0.167,1.179,0.115,1,0.62,0.123,0.005,0.692,0.115,1,0.608,0.123,0.005,0.677,0.115,1,0,0,0,0,1,0,0,0,0.115,1,12.729,0,12.729,0,97.9,7.95,0.833,109.159,0.115,1,0,0,0,0,0,0,0,0,1.294,0,5.158,10.485,29.494
PRI2023,PRI,PRI,Puerto Rico,2023,0.115,6.147,1.286,0,6.147,0,1,7.886,3.857,0,7.886,0,1,12.575,7.714,0.16,14.021,0.115,1,12.478,1.678,0,12.478,0,1,13.763,3.223,0,13.763,0,1,21.477,11.54,0.273,23.947,0.115,1,0.791,0.129,0.139,1.037,0.115,1,0.618,0.129,0.264,0.984,0.115,1,0.554,0.129,0.007,0.618,0.115,1,0.557,0.129,0.007,0.621,0.115,1,0,0,0,0,1,0,0,0,0.115,1,13.254,0,13.254,0,83.248,7.95,1.06,92.822,0.115,1,0,0,0,0,0,0,0,0,1.348,0,5.37,4.861,11.192
PRI2024,PRI,PRI,Puerto Rico,2024,0.115,5.575,1.324,0,5.575,0,1,7.124,3.971,0,7.124,0,1,12.193,7.942,0.191,13.595,0.115,1,11.447,1.54,0,11.447,0,1,12.771,2.991,0,12.771,0,1,20.712,11.129,0.324,23.094,0.115,1,0.756,0.132,0.141,1,0.115,1,0.655,0.132,0.126,0.871,0.115,1,0.534,0.132,0.008,0.595,0.115,1,0.568,0.132,0.009,0.633,0.115,1,0,0,0,0,1,0,0,0,0.115,1,13.646,0,13.646,0,82.588,7.95,1.294,92.086,0.115,1,0,0,0,0,0,0,0,0,1.387,0,5.529,4.251,10.123
QAT2021,QAT,QAT,Qatar,2021,0,5.897,1.143,0.238,6.134,0,1,7.964,3.43,0.227,8.191,0,1,11.613,6.86,0.238,11.851,0,1,1.802,0,-0.837,0.965,0,0,1.802,0,-0.837,0.965,0,0,5.232,1.855,-0.493,4.739,0,1,0.621,0.114,-0.104,0.516,0,0,0.593,0.114,-0.106,0.487,0,0,0.44,0.114,0,0.44,0,1,0.56,0.114,0,0.56,0,1,0,-0.038,0.035,0,0.333,0,-0.038,0.038,0,0,11.787,0,11.787,0,81.695,7.95,0,81.695,0,1,0,0,0,0,0,0,0,0,1.198,1,1.802,4.753,15.929
QAT2022,QAT,QAT,Qatar,2022,0,11.72,1.235,0.566,12.286,0,1,9.783,3.704,0.328,10.111,0,1,17.893,7.408,0.566,18.459,0,1,1.946,0,-0.904,1.043,0,0,1.946,0,-0.904,1.043,0,0,5.65,2.003,-0.532,5.118,0,1,0.847,0.123,-0.27,0.577,0,0,0.947,0.123,-0.384,0.563,0,0,0.589,0.123,0,0.589,0,1,0.689,0.123,0,0.689,0,1,0,-0.038,0.035,0,0.333,0,-0.038,0.038,0,0,12.729,0,12.729,0,102.477,7.95,0,102.477,0,1,0,0,0,0,0,0,0,0,1.294,1,1.946,10.485,29.859
QAT2023,QAT,QAT,Qatar,2023,0,6.147,1.286,0.273,6.42,0,1,7.886,3.857,0.227,8.113,0,1,12.575,7.714,0.273,12.848,0,1,2.027,0,-0.984,1.043,0,0,2.027,0,-0.984,1.043,0,0,5.884,2.086,-0.554,5.329,0,1,0.749,0.129,-0.172,0.577,0,0,0.783,0.129,-0.219,0.563,0,0,0.527,0.129,0,0.527,0,1,0.64,0.129,0,0.64,0,1,0,-0.038,0.036,0,0.333,0,-0.038,0.038,0,0,13.254,0,13.254,0,87.079,7.95,0,87.079,0,1,0,0,0,0,0,0,0,0,1.348,1,2.027,4.861,11.061
QAT2024,QAT,QAT,Qatar,2024,0,5.575,1.324,0.213,5.787,0,1,7.124,3.971,0.158,7.281,0,1,12.193,7.942,0.213,12.405,0,1,2.086,0,-1.013,1.073,0,0,2.086,0,-1.013,1.073,0,0,6.057,2.147,-0.507,5.55,0,1,0.72,0.132,-0.144,0.576,0,0,0.734,0.132,-0.172,0.562,0,0,0.51,0.132,0,0.51,0,1,0.652,0.132,0,0.652,0,1,0,-0.039,0.039,0,0.333,0,-0.039,0.038,0,0,13.646,0,13.646,0,86.385,7.95,0,86.385,0,1,0,0,0,0,0,0,0,0,1.387,1,2.086,4.251,9.398
ROU2021,ROU,ROU,Romania,2021,0.19,2.657,0.709,0.811,3.469,0,1,4.128,2.127,0.797,4.925,0,1,6.203,4.254,0.281,7.716,0.19,1,12.354,1.365,-0.743,11.611,0,1,12.31,2.422,-0.699,11.611,0,1,15.241,7.481,-2.238,13.004,0,1,0.619,0.114,0.631,1.373,0.098,1,0.599,0.114,0.623,1.353,0.107,1,0.439,0.114,0.207,0.734,0.137,1,0.505,0.114,0.442,1.126,0.19,1,0,0.018,0.128,0,1,0,0.021,0.186,0.19,1,4.634,0,4.634,0,78.125,7.95,76.261,183.72,0.19,1,0,0,0,0,0.023,0.292,0,0.76,1.198,0,1.301,4.318,1.301
ROU2022,ROU,ROU,Romania,2022,0.19,4.446,0.749,8.585,13.031,0,1,4.562,2.247,8.438,13,0,1,8.191,4.495,0.423,10.109,0.19,1,12.627,1.325,26.05,38.677,0,1,12.675,2.35,26.002,38.677,0,1,15.823,7.556,11.613,27.436,0,1,0.861,0.123,0.612,1.617,0.098,1,0.986,0.123,0.603,1.759,0.107,1,0.598,0.123,0.159,0.86,0.137,1,0.612,0.123,0.798,1.679,0.19,1,0,0.017,0.238,0,1,0,0.021,0.304,0.19,1,5.005,0,5.005,0,97.9,7.95,161.932,309.2,0.19,1,0,0,0,0,0.025,0.314,0,0.787,1.294,0,1.483,12.553,1.483
ROU2023,ROU,ROU,Romania,2023,0.19,3.52,0.739,9.665,13.186,0,1,3.968,2.218,9.726,13.694,0,1,7.217,4.436,0.474,8.964,0.19,1,12.508,1.401,10.124,22.631,0,1,12.607,2.511,10.025,22.631,0,1,15.9,7.876,0.723,16.623,0,1,0.76,0.129,0.59,1.483,0.098,1,0.811,0.129,0.603,1.565,0.107,1,0.535,0.129,0.17,0.802,0.137,1,0.579,0.129,0.647,1.46,0.19,1,0,0.014,0.173,0,1,0,0.017,0.206,0.19,1,5.211,0,5.211,0,83.248,7.95,152.661,280.731,0.19,1,0,0,0,0,0.026,0.328,0,0.85,1.348,0,1.313,10.896,1.313
ROU2024,ROU,ROU,Romania,2024,0.19,3.141,0.761,6.237,9.377,0,1,3.936,2.283,6.357,10.292,0,1,6.946,4.567,0.514,8.653,0.19,1,14.578,1.841,3.912,18.49,0,1,14.578,3.193,3.912,18.49,0,1,17.969,9.139,-1.107,16.862,0,1,0.724,0.132,0.694,1.557,0.098,1,0.75,0.132,0.681,1.583,0.107,1,0.513,0.132,0.148,0.752,0.137,1,0.591,0.132,0.7,1.498,0.19,1,0,0.017,0.167,0,1,0,0.02,0.203,0.19,1,5.365,0,5.365,0,82.588,7.95,81.268,194.989,0.19,1,0,0,0,0,0.027,0.313,0,0.85,1.387,0,1.569,7.996,1.569
RUS2021,RUS,RUS,Russia,2021,0.2,1.501,0.328,0.009,1.51,0,1,6.714,3.043,0.026,6.74,0,1,2.561,1.587,0.014,3.09,0.2,1,6.678,0,-4.088,2.59,0,1,6.678,0,-4.088,2.59,0,1,10.16,4.418,-8.385,2.13,0,0,0.614,0.112,-0.089,0.63,0.2,1,0.626,0.121,-0.009,0.74,0.2,1,0.439,0.114,-0.153,0.343,0,0,0.578,0.128,-0.019,0.67,0.2,1,0,-0.035,0.032,0,1,0,-0.035,0.048,0,1,1.431,0,1.431,0,78.125,7.95,-22.475,66.78,0,1,0,0,0,0.043,0,1.568,9.937,0,1.137,0.985,6.678,3.312,7.249
RUS2022,RUS,RUS,Russia,2022,0.2,1.52,0.236,0.01,1.53,0,1,6.298,2.601,0.032,6.33,0,1,3.075,1.506,0.017,3.71,0.2,1,7.212,0,-4.202,3.01,0,1,7.212,0,-4.202,3.01,0,1,10.972,4.771,-9.072,2.28,0,0,0.528,0.076,0.031,0.67,0.2,1,0.826,0.107,-0.109,0.86,0.2,1,0.598,0.123,-0.442,0.187,0,0,0.983,0.192,-0.25,0.88,0.2,1,0,-0.035,0.038,0,1,0,-0.035,0.057,0,1,1.545,0,1.545,0,97.9,7.95,-68.75,34.98,0,1,0,0,0,0.046,0,1.468,10.89,0,1.227,0.985,7.212,4.358,10.577
RUS2023,RUS,RUS,Russia,2023,0.2,1.415,0.322,0.005,1.42,0,1,5.905,2.929,0.015,5.92,0,1,2.442,1.531,0.008,2.94,0.2,1,2.905,0,-0.485,2.42,0,1,2.905,0,-0.485,2.42,0,1,6.805,2.959,-5.188,1.94,0,0,0.626,0.106,-0.16,0.56,0.2,1,0.746,0.128,-0.13,0.74,0.2,1,0.454,0.129,-0.247,0.248,0,0,0.873,0.19,-0.19,0.82,0.2,1,0,-0.035,0.03,0,1,0,-0.035,0.045,0,1,1.609,0,1.609,0,68.188,7.95,-24.463,52.47,0,1,0,0,0,0.048,0,1.467,11.195,0,1.278,0.989,2.905,2.138,2.905
RUS2024,RUS,RUS,Russia,2024,0.2,1.376,0.349,0.004,1.38,0,1,4.347,2.368,0.013,4.36,0,1,2.593,1.717,0.007,3.12,0.2,1,2.456,0,-0.106,2.35,0,1,2.456,0,-0.106,2.35,0,1,6.471,2.814,-4.879,1.91,0,0,0.55,0.1,-0.1,0.54,0.2,1,0.655,0.12,-0.08,0.69,0.2,1,0.437,0.132,-0.256,0.217,0,0,0.781,0.172,-0.14,0.77,0.2,1,0,-0.036,0.03,0,1,0,-0.036,0.043,0,1,1.657,0,1.657,0,67.66,7.95,-14.66,63.6,0,1,0,0,0,0.05,0,1.606,11.462,0,1.316,0.989,2.456,1.895,2.456
RWA2021,RWA,RWA,Rwanda,2021,0.18,2.321,0.508,0,2.321,0,1,1.906,0.864,0,1.906,0,1,1.733,1.074,0,2.045,0.18,1,16.287,2.201,-8.889,7.397,0,0,17.43,4.076,-10.032,7.397,0,0,24.29,12.937,-15.545,8.745,0,0,0.619,0.114,0.266,1.044,0.18,1,0.599,0.114,0.298,1.058,0.18,1,0.439,0.114,0.102,0.638,0.18,1,0.505,0.114,0.06,0.666,0.18,1,0,0,0.094,0,0.667,0,0,0.249,0.18,0.5,13.912,0,13.912,0,78.125,7.95,18.221,113.689,0.18,1,0,0,0,0,0,0,0,0,1.198,0,4.776,4.753,15.162
RWA2022,RWA,RWA,Rwanda,2022,0.18,4.196,0.652,0,4.196,0,1,2.049,0.846,0,2.049,0,1,2.168,1.062,0.029,2.558,0.18,1,32.517,4.395,-19.662,12.855,0,0,33.751,7.892,-20.896,12.855,0,0,41.16,21.921,-25.953,15.207,0,0,0.861,0.123,0.252,1.313,0.18,1,0.986,0.123,0.156,1.347,0.18,1,0.598,0.123,0.1,0.813,0.18,1,0.612,0.123,0.063,0.787,0.18,1,0,0,0.103,0,0.667,0,0,0.241,0.18,0.5,15.024,0,15.024,0,97.9,7.95,40.098,160.697,0.18,1,0,0,0,0,0,0,0,0,1.294,0,5.158,10.485,31.326
RWA2023,RWA,RWA,Rwanda,2023,0.18,4.84,1.102,0,4.84,0,1,2.898,1.437,0,2.898,0,1,2.804,1.759,0.056,3.309,0.18,1,12.895,1.743,-6.343,6.552,0,0,14.181,3.316,-7.629,6.552,0,0,21.895,11.661,-14.154,7.741,0,0,0.76,0.129,0.376,1.341,0.18,1,0.811,0.129,0.333,1.35,0.18,1,0.535,0.129,0.121,0.759,0.18,1,0.579,0.129,0.078,0.761,0.18,1,0,0,0.095,0,0.667,0,0,0.215,0.18,0.5,15.644,0,15.644,0,83.248,7.95,41.036,143.79,0.18,1,0,0,0,0,0,0,0,0,1.348,0,5.37,4.861,11.622
RWA2024,RWA,RWA,Rwanda,2024,0.18,4.268,1.081,0,4.268,0,1,2.618,1.426,0,2.618,0,1,2.719,1.8,0.067,3.208,0.18,1,11.482,1.552,-5.321,6.161,0,0,12.805,2.994,-6.645,6.161,0,0,20.747,11.05,-13.47,7.277,0,0,0.724,0.132,0.292,1.199,0.18,1,0.75,0.132,0.307,1.248,0.18,1,0.513,0.132,0.133,0.744,0.18,1,0.591,0.132,0.084,0.778,0.18,1,0,0,0.054,0,0.667,0,0,0.165,0.18,0.5,16.106,0,16.106,0,82.588,7.95,42.545,144.123,0.18,1,0,0,0,0,0,0,0,0,1.387,0,5.529,4.251,10.168
WSM2021,WSM,WSM,Samoa,2021,0.15,4.747,1.143,0,4.747,0,1,7.964,3.43,0,7.964,0,1,10.464,6.86,0,12.034,0.15,1,9.503,1.173,0,9.503,0,1,10.647,2.321,0,10.647,0,1,17.507,9.084,0,20.132,0.15,1,0.621,0.114,0,0.714,0.15,1,0.593,0.114,0,0.682,0.15,1,0.44,0.114,0,0.506,0.15,1,0.56,0.114,0,0.644,0.15,1,0,0,0,0,1,0,0,0,0.15,1,11.787,0,11.787,0,81.695,7.95,0,93.95,0.15,1,0,0,0,0,0,0,0,0,1.198,0,4.776,3.604,9.408
WSM2022,WSM,WSM,Samoa,2022,0.15,8.788,1.235,0,8.788,0,1,9.783,3.704,0,9.783,0,1,14.962,7.408,0.166,17.206,0.15,1,15.491,1.911,0,15.491,0,1,16.726,3.646,0,16.726,0,1,24.134,12.523,0.268,27.754,0.15,1,0.847,0.123,0.009,0.974,0.15,1,0.947,0.123,0.011,1.089,0.15,1,0.589,0.123,0.007,0.677,0.15,1,0.689,0.123,0.008,0.792,0.15,1,0,0,0,0,1,0,0,0,0.15,1,12.729,0,12.729,0,102.477,7.95,1.138,117.848,0.15,1,0,0,0,0,0,0,0,0,1.294,0,5.158,7.554,16.097
WSM2023,WSM,WSM,Samoa,2023,0.15,5.77,1.286,0,5.77,0,1,7.886,3.857,0,7.886,0,1,12.198,7.714,0.203,14.028,0.15,1,12.479,1.54,0,12.479,0,1,13.764,3.001,0,13.764,0,1,21.478,11.145,0.357,24.7,0.15,1,0.749,0.129,0.012,0.861,0.15,1,0.783,0.129,0.013,0.9,0.15,1,0.527,0.129,0.009,0.607,0.15,1,0.64,0.129,0.011,0.736,0.15,1,0,0,0,0,1,0,0,0,0.15,1,13.254,0,13.254,0,87.079,7.95,1.446,100.141,0.15,1,0,0,0,0,0,0,0,0,1.348,0,5.37,4.484,12.529
WSM2024,WSM,WSM,Samoa,2024,0.15,4.833,1.324,0,4.833,0,1,7.124,3.971,0,7.124,0,1,11.451,7.942,0.234,13.168,0.15,1,11.218,1.384,0,11.218,0,1,12.541,2.734,0,12.541,0,1,20.483,10.628,0.419,23.555,0.15,1,0.72,0.132,0.015,0.828,0.15,1,0.734,0.132,0.015,0.844,0.15,1,0.51,0.132,0.01,0.587,0.15,1,0.652,0.132,0.013,0.75,0.15,1,0,0,0,0,1,0,0,0,0.15,1,13.646,0,13.646,0,86.385,7.95,1.765,99.343,0.15,1,0,0,0,0,0,0,0,0,1.387,0,5.529,3.509,10.896
SMR2021,SMR,SMR,San Marino,2021,0,5.553,1.143,0,5.553,0,1,7.964,3.43,0,7.964,0,1,11.27,6.86,0,11.27,0,1,16.305,2.204,0,16.305,0,1,17.449,4.08,0,17.449,0,1,24.309,12.947,0,24.309,0,1,0.619,0.114,0,0.619,0,1,0.599,0.114,0,0.599,0,1,0.439,0.114,0,0.439,0,1,0.505,0.114,0,0.505,0,1,0,0,0,0,1,0,0,0,0,1,11.787,0,11.787,0,78.125,7.95,0,78.125,0,1,0,0,0,0,0,0,0,0,1.198,0,4.776,4.41,15.162
SMR2022,SMR,SMR,San Marino,2022,0,7.077,1.235,0,7.077,0,1,9.783,3.704,0,9.783,0,1,13.25,7.408,0,13.25,0,1,32.56,4.401,0,32.56,0,1,33.795,7.902,0,33.795,0,1,41.203,21.945,0,41.203,0,1,0.861,0.123,0,0.861,0,1,0.986,0.123,0,0.986,0,1,0.598,0.123,0,0.598,0,1,0.612,0.123,0,0.612,0,1,0,0,0,0,1,0,0,0,0,1,12.729,0,12.729,0,97.9,7.95,0,97.9,0,1,0,0,0,0,0,0,0,0,1.294,0,5.158,5.842,31.326
SMR2023,SMR,SMR,San Marino,2023,0,4.752,1.286,0,4.752,0,1,7.886,3.857,0,7.886,0,1,11.18,7.714,0,11.18,0,1,12.908,1.745,0,12.908,0,1,14.194,3.319,0,14.194,0,1,21.908,11.668,0,21.908,0,1,0.76,0.129,0,0.76,0,1,0.811,0.129,0,0.811,0,1,0.535,0.129,0,0.535,0,1,0.579,0.129,0,0.579,0,1,0,0,0,0,1,0,0,0,0,1,13.254,0,13.254,0,83.248,7.95,0,83.248,0,1,0,0,0,0,0,0,0,0,1.348,0,5.37,3.466,11.622
SMR2024,SMR,SMR,San Marino,2024,0,4.351,1.324,0,4.351,0,1,7.124,3.971,0,7.124,0,1,10.969,7.942,0,10.969,0,1,11.492,1.553,0,11.492,0,1,12.815,2.997,0,12.815,0,1,20.757,11.055,0,20.757,0,1,0.724,0.132,0,0.724,0,1,0.75,0.132,0,0.75,0,1,0.513,0.132,0,0.513,0,1,0.591,0.132,0,0.591,0,1,0,0,0,0,1,0,0,0,0,1,13.646,0,13.646,0,82.588,7.95,0,82.588,0,1,0,0,0,0,0,0,0,0,1.387,0,5.529,3.027,10.168
SAU2021,SAU,SAU,Saudi Arabia,2021,0.15,5.897,1.143,0.238,6.134,0,1,7.964,3.43,0.227,8.191,0,1,11.613,6.86,0.238,13.629,0.15,1,4.013,0.364,-2.553,1.46,0,0,4.584,0.748,-3.355,1.229,0,0,8.014,3.369,-3.326,4.689,0,0,0.621,0.114,-0.11,0.587,0,0,0.593,0.114,-0.473,0.139,0,0,0.44,0.114,-0.266,0.2,0,0,0.56,0.114,-0.398,0.187,0,0,0,-0.036,0.048,0,0,0,-0.036,0.048,0,0.333,11.787,0,11.787,0,81.695,7.95,-55.887,29.68,0,0,0,0,0,0,0,0,0,0,1.198,1,3.441,4.753,14.162
SAU2022,SAU,SAU,Saudi Arabia,2022,0.15,11.72,1.235,0.566,12.286,0,1,9.783,3.704,0.328,10.111,0,1,17.893,7.408,0.771,21.228,0.15,1,4.334,0.393,-2.88,1.454,0,0,4.951,0.808,-3.721,1.229,0,0,8.655,3.639,-3.592,5.063,0,0,0.847,0.123,-0.306,0.621,0,0,0.947,0.123,-0.801,0.168,0,0,0.589,0.123,-0.394,0.223,0,0,0.689,0.123,-0.512,0.204,0,0,0,-0.036,0.048,0,0,0,-0.036,0.064,0,0.333,12.729,0,12.729,0,102.477,7.95,-74.362,32.331,0,0,0,0,0,0,0,0,0,0,1.294,1,3.716,10.485,30.326
SAU2023,SAU,SAU,Saudi Arabia,2023,0.15,6.147,1.286,0.273,6.42,0,1,7.886,3.857,0.227,8.113,0,1,12.575,7.714,0.487,14.776,0.15,1,4.512,0.409,-3.047,1.466,0,0,5.155,0.841,-3.926,1.229,0,0,9.012,3.789,-3.74,5.272,0,0,0.749,0.129,-0.209,0.621,0,0,0.783,0.129,-0.609,0.2,0,0,0.527,0.129,-0.312,0.248,0,0,0.64,0.129,-0.436,0.235,0,0,0,-0.036,0.048,0,0,0,-0.036,0.064,0,0.333,13.254,0,13.254,0,87.079,7.95,-54.713,37.221,0,0,0,0,0,0,0,0,0,0,1.348,1,3.87,4.861,10.622
SAU2024,SAU,SAU,Saudi Arabia,2024,0.15,5.575,1.324,0.213,5.787,0,1,7.124,3.971,0.158,7.281,0,1,12.193,7.942,0.466,14.266,0.15,1,4.646,0.421,-3.137,1.509,0,0,5.307,0.866,-4.042,1.266,0,0,9.278,3.901,-3.969,5.309,0,0,0.72,0.132,-0.18,0.621,0,0,0.734,0.132,-0.467,0.307,0,0,0.51,0.132,-0.278,0.267,0,0,0.652,0.132,-0.382,0.31,0,0,0,-0.037,0.048,0,0,0,-0.037,0.057,0,0.333,13.646,0,13.646,0,86.385,7.95,-37.7,55.988,0,0,0,0,0,0,0,0,0,0,1.387,1,3.984,4.251,9.168
SEN2021,SEN,SEN,Senegal,2021,0.18,5.897,1.143,0,5.897,0,1,7.964,3.43,0,7.964,0,1,11.613,6.86,0,13.704,0.18,1,4.848,0.356,0,4.848,0,1,5.42,0.733,0,5.42,0,1,8.85,3.288,0,10.443,0.18,1,0.619,0.114,0.469,1.284,0.18,1,0.599,0.114,0.401,1.18,0.18,1,0.439,0.114,0.034,0.558,0.18,1,0.505,0.114,0.122,0.74,0.18,1,0,0,0.153,0,0.667,0,0,0.207,0.18,0.833,11.787,0,11.787,0,78.125,7.95,3.819,96.694,0.18,1,0,0,0,0,0,0,0,0,1.198,1,4.276,4.753,15.162
SEN2022,SEN,SEN,Senegal,2022,0.18,11.72,1.235,0,11.72,0,1,9.783,3.704,0,9.783,0,1,17.893,7.408,0.238,21.114,0.18,1,5.236,0.385,0,5.236,0,1,5.853,0.791,0,5.853,0,1,9.557,3.55,0.127,11.277,0.18,1,0.861,0.123,0.137,1.178,0.18,1,0.986,0.123,-0.096,1.05,0.18,1,0.598,0.123,0.023,0.732,0.18,1,0.612,0.123,-0.055,0.658,0.18,1,0,0,0.136,0,0.667,0,0,0.184,0.18,0.833,12.729,0,12.729,0,97.9,7.95,1.37,117.138,0.18,1,0,0,0,0,0,0,0,0,1.294,1,4.618,10.485,31.326
SEN2023,SEN,SEN,Senegal,2023,0.18,6.147,1.286,0,6.147,0,1,7.886,3.857,0,7.886,0,1,12.575,7.714,0.251,14.839,0.18,1,5.452,0.401,0,5.452,0,1,6.095,0.824,0,6.095,0,1,9.952,3.697,0.198,11.743,0.18,1,0.76,0.129,0.333,1.29,0.18,1,0.811,0.129,0.242,1.243,0.18,1,0.535,0.129,0,0.631,0.18,1,0.579,0.129,-0.006,0.676,0.18,1,0,0,0.13,0,0.667,0,0,0.192,0.18,0.833,13.254,0,13.254,0,83.248,7.95,18.835,120.458,0.18,1,0,0,0,0,0,0,0,0,1.348,1,4.809,4.861,11.622
SEN2024,SEN,SEN,Senegal,2024,0.18,5.575,1.324,0,5.575,0,1,7.124,3.971,0,7.124,0,1,12.193,7.942,0.299,14.388,0.18,1,5.613,0.413,0,5.613,0,1,6.274,0.848,0,6.274,0,1,10.245,3.806,0.251,12.089,0.18,1,0.724,0.132,-0.022,0.829,0.18,1,0.75,0.132,0.304,1.244,0.18,1,0.513,0.132,0.022,0.631,0.18,1,0.591,0.132,-0.017,0.677,0.18,1,0,0,0.164,0,0.667,0,0,0.204,0.18,0.833,13.646,0,13.646,0,82.588,7.95,22.803,121.385,0.18,1,0,0,0,0,0,0,0,0,1.387,1,4.951,4.251,10.168
SRB2021,SRB,SRB,Serbia,2021,0.2,2.135,0.627,0.004,2.14,0,1,3.401,1.881,0.004,3.405,0,1,6.051,3.75,0.004,7.267,0.2,1,19.743,2.181,-9.277,10.466,0,1,19.7,3.877,-9.234,10.466,0,1,23.335,11.453,-14.036,11.159,0,0,0.619,0.114,0.655,1.529,0.2,1,0.599,0.114,0.716,1.579,0.2,1,0.439,0.114,0.271,0.852,0.2,1,0.505,0.114,0,0.606,0.2,1,0,0.01,0.086,0,1,0,0.01,0.095,0.2,1,11.787,0,11.787,0,78.125,7.95,0,93.75,0.2,1,0,0,0,0,0,0,0,0.903,1.198,0,4.776,4.41,15.162
SRB2022,SRB,SRB,Serbia,2022,0.2,2.63,0.703,0.008,2.638,0,1,4.069,2.11,0.008,4.078,0,1,6.928,3.393,0.111,8.323,0.2,1,35.999,3.776,-24.578,11.42,0,1,36.046,6.682,-24.626,11.42,0,1,40.23,19.211,-32.028,9.842,0,0,0.861,0.123,0.425,1.543,0.2,1,0.986,0.123,0.437,1.707,0.2,1,0.598,0.123,0.17,0.921,0.2,1,0.612,0.123,0.009,0.735,0.2,1,0,0.012,0.093,0,1,0,0.01,0.088,0.2,1,12.729,0,12.729,0,97.9,7.95,1.449,117.48,0.2,1,0,0,0,0,0,0,0,0.861,1.294,0,5.158,5.842,31.326
SRB2023,SRB,SRB,Serbia,2023,0.2,2.484,0.758,0.006,2.491,0,1,4.101,2.274,0.007,4.108,0,1,7.055,4.424,0.163,8.474,0.2,1,16.346,1.831,-1.576,14.77,0,1,16.445,3.275,-1.675,14.77,0,1,20.934,10.37,-9.712,13.467,0,0,0.76,0.129,0.606,1.64,0.2,1,0.811,0.129,0.651,1.755,0.2,1,0.535,0.129,0.199,0.881,0.2,1,0.579,0.129,0.013,0.695,0.2,1,0,0.018,0.147,0,1,0,0.013,0.109,0.2,1,13.254,0,13.254,0,83.248,7.95,1.843,99.898,0.2,1,0,0,0,0,0,0,0,0.821,1.348,0,5.37,3.466,11.622
SRB2024,SRB,SRB,Serbia,2024,0.2,2.461,0.78,0.005,2.466,0,1,4.044,2.341,0.006,4.049,0,1,7.144,4.729,0.2,8.579,0.2,1,14.922,1.884,0.505,15.427,0,1,14.922,3.269,0.505,15.427,0,1,18.698,9.51,-6.417,14.737,0,0,0.724,0.132,0.669,1.672,0.2,1,0.75,0.132,0.745,1.794,0.2,1,0.513,0.132,0.216,0.875,0.2,1,0.591,0.132,0.016,0.71,0.2,1,0,0.017,0.145,0,1,0,0.014,0.119,0.2,1,13.646,0,13.646,0,82.588,7.95,2.25,99.106,0.2,1,0,0,0,0,0,0,0,0.821,1.387,0,5.529,3.027,10.168
SYC2021,SYC,SYC,Seychelles,2021,0.15,5.897,1.143,0,5.897,0,1,7.964,3.43,0,7.964,0,1,11.613,6.86,0,13.355,0.15,1,8.823,1.192,0,8.823,0,1,9.966,2.33,0,9.966,0,1,16.826,8.961,0,19.35,0.15,1,0.619,0.114,0.446,1.225,0.15,1,0.599,0.114,0.414,1.165,0.15,1,0.439,0.114,0.022,0.531,0.15,1,0.505,0.114,0.991,1.72,0.15,1,0,0,0,0,1,0,0,0,0.15,1,11.787,0,11.787,0,78.125,7.95,0,89.844,0.15,1,0,0,0,0,0,0,0,0,1.198,0,4.776,4.753,15.162
SYC2022,SYC,SYC,Seychelles,2022,0.15,11.72,1.235,0,11.72,0,1,9.783,3.704,0,9.783,0,1,17.893,7.408,0.199,20.577,0.15,1,13.833,1.87,0,13.833,0,1,15.068,3.523,0,15.068,0,1,22.476,11.97,0.25,25.847,0.15,1,0.861,0.123,0.55,1.623,0.15,1,0.986,0.123,0.469,1.673,0.15,1,0.598,0.123,-0.022,0.662,0.15,1,0.612,0.123,1.08,1.925,0.15,1,0,0,0,0,1,0,0,0,0.15,1,12.729,0,12.729,0,97.9,7.95,1.087,112.585,0.15,1,0,0,0,0,0,0,0,0,1.294,0,5.158,10.485,31.326
SYC2023,SYC,SYC,Seychelles,2023,0.15,6.147,1.286,0,6.147,0,1,7.886,3.857,0,7.886,0,1,12.575,7.714,0.209,14.461,0.15,1,8.358,1.13,0,8.358,0,1,9.644,2.255,0,9.644,0,1,17.358,9.245,0.288,19.962,0.15,1,0.76,0.129,0.548,1.505,0.15,1,0.811,0.129,0.538,1.552,0.15,1,0.535,0.129,0.051,0.674,0.15,1,0.579,0.129,1.141,1.946,0.15,1,0,0,0,0,1,0,0,0,0.15,1,13.254,0,13.254,0,83.248,7.95,1.383,95.735,0.15,1,0,0,0,0,0,0,0,0,1.348,0,5.37,4.861,11.622
SYC2024,SYC,SYC,Seychelles,2024,0.15,5.575,1.324,0,5.575,0,1,7.124,3.971,0,7.124,0,1,12.193,7.942,0.249,14.022,0.15,1,8.087,1.093,0,8.087,0,1,9.411,2.201,0,9.411,0,1,17.353,9.242,0.355,19.956,0.15,1,0.724,0.132,0.542,1.456,0.15,1,0.75,0.132,0.514,1.454,0.15,1,0.513,0.132,0.053,0.65,0.15,1,0.591,0.132,1.182,1.999,0.15,1,0,0,0,0,1,0,0,0,0.15,1,13.646,0,13.646,0,82.588,7.95,1.687,94.976,0.15,1,0,0,0,0,0,0,0,0,1.387,0,5.529,4.251,10.168
SLE2021,SLE,SLE,Sierra Leone,2021,0.15,5.897,1.143,0,5.897,0,1,7.964,3.43,0,7.964,0,1,11.613,6.86,0,13.355,0.15,1,16.305,2.204,0,16.305,0,1,17.449,4.08,0,17.449,0,1,24.309,12.947,0,27.955,0.15,1,0.525,0.096,0.179,0.704,0,1,1.053,0.204,0.202,1.256,0,1,0.439,0.114,0,0.505,0.15,1,0.62,0.137,0.103,0.723,0,1,0,0,0.31,0,1,0,0,0.128,0.15,1,11.787,0,11.787,0,87.935,17.76,26.959,114.894,0,1,0,0,0,0,0,0,0,0,1.198,0,4.776,4.753,15.162
SLE2022,SLE,SLE,Sierra Leone,2022,0.15,11.72,1.235,0,11.72,0,1,9.783,3.704,0,9.783,0,1,17.893,7.408,0.199,20.577,0.15,1,32.56,4.401,0,32.56,0,1,33.795,7.902,0,33.795,0,1,41.203,21.945,0.457,47.384,0.15,1,0.776,0.111,0.284,1.06,0,1,0.975,0.127,0.248,1.223,0,1,0.598,0.123,0.007,0.688,0.15,1,0.928,0.181,0.155,1.083,0,1,0,0,0.284,0,1,0,0,0.136,0.15,1,12.729,0,12.729,0,121.934,31.984,39.589,161.523,0,1,0,0,0,0,0,0,0,0,1.294,0,5.158,10.485,31.326
SLE2023,SLE,SLE,Sierra Leone,2023,0.15,6.147,1.286,0,6.147,0,1,7.886,3.857,0,7.886,0,1,12.575,7.714,0.209,14.461,0.15,1,12.908,1.745,0,12.908,0,1,14.194,3.319,0,14.194,0,1,21.908,11.668,0.364,25.194,0.15,1,0.706,0.119,0.265,0.972,0,1,0.925,0.158,0.227,1.151,0,1,0.535,0.129,0.009,0.615,0.15,1,0.838,0.182,0.146,0.983,0,1,0,0,0.306,0,1,0,0,0.144,0.15,1,13.254,0,13.254,0,119.788,44.49,39.215,159.003,0,1,0,0,0,0,0,0,0,0,1.348,0,5.37,4.861,11.622
SLE2024,SLE,SLE,Sierra Leone,2024,0.15,5.575,1.324,0,5.575,0,1,7.124,3.971,0,7.124,0,1,12.193,7.942,0.249,14.022,0.15,1,11.492,1.553,0,11.492,0,1,12.815,2.997,0,12.815,0,1,20.757,11.055,0.424,23.871,0.15,1,0.888,0.161,0.323,1.211,0,1,0.982,0.18,0.234,1.216,0,1,0.513,0.132,0.01,0.59,0.15,1,0.998,0.219,0.171,1.169,0,1,0,0,0.43,0,1,0,0,0.213,0.15,1,13.646,0,13.646,0,138.872,64.234,45.605,184.477,0,1,0,0,0,0,0,0,0,0,1.387,0,5.529,4.251,10.168
SGP2021,SGP,SGP,Singapore,2021,0.07,4.747,1.143,0.279,5.027,0,1,7.964,3.43,0.28,8.245,0,1,10.464,6.86,0,11.196,0.07,1,41.665,4.602,-4.965,36.7,0,1,41.622,8.19,-4.922,36.7,0,1,45.721,22.44,-8.091,40.264,0,1,0.624,0.114,0.997,1.751,0.08,1,0.593,0.114,0.742,1.428,0.07,1,0.442,0.114,0.856,1.389,0.07,1,0.583,0.114,0,0.623,0.07,1,0,0,0.127,0,1,0,0,0.169,0.07,1,11.787,0,11.787,0,73.753,7.95,1.538,80.561,0.07,1,1,1,0,0,0,0,0,0,1.198,0,4.776,3.604,9.408
SGP2022,SGP,SGP,Singapore,2022,0.07,8.788,1.235,0.314,9.102,0,1,9.783,3.704,0.315,10.098,0,1,14.962,7.408,0.078,16.009,0.07,1,48.446,5.082,-4.674,43.772,0,1,48.494,8.99,-4.721,43.772,0,1,53.141,25.377,-8.966,47.267,0,1,0.855,0.123,1.026,2.031,0.08,1,0.947,0.123,0.847,1.919,0.07,1,0.594,0.123,0.924,1.616,0.07,1,0.766,0.123,0.004,0.819,0.07,1,0,0,0.161,0,1,0,0,0.205,0.07,1,12.729,0,12.729,0,89.188,7.95,2.027,97.097,0.07,1,1,1,0,0,0,0,0,0,1.294,0,5.158,7.554,16.097
SGP2023,SGP,SGP,Singapore,2023,0.07,5.77,1.286,0.334,6.104,0,1,7.886,3.857,0.335,8.221,0,1,12.198,7.714,0.095,13.052,0.07,1,44.928,5.033,0.376,45.304,0,1,45.027,8.968,0.277,45.304,0,1,49.981,24.759,-4.133,49.057,0,1,0.752,0.129,1.101,2.001,0.08,1,0.783,0.129,0.925,1.827,0.07,1,0.529,0.129,0.972,1.594,0.07,1,0.669,0.129,0.005,0.715,0.07,1,0,0,0.243,0,1,0,0,0.227,0.07,1,13.254,0,13.254,0,72.967,7.95,2.247,79.86,0.07,1,1,1,0,0,0,0,0,0,1.348,0,5.37,4.484,12.529
SGP2024,SGP,SGP,Singapore,2024,0.07,4.833,1.324,1.689,6.522,0,1,7.124,3.971,1.695,8.818,0,1,11.451,7.942,0.109,12.252,0.07,1,48.488,6.122,0,48.488,0,1,48.488,10.622,0,48.488,0,1,53.142,27.029,-4.15,52.422,0,1,0.723,0.132,1.167,2.06,0.09,1,0.734,0.132,1.03,1.887,0.07,1,0.512,0.132,1.005,1.608,0.07,1,0.66,0.132,0.006,0.707,0.07,1,0,0,0.207,0,1,0,0,0.231,0.07,1,13.646,0,13.646,0,71.05,7.95,9.138,84.991,0.07,1,1,1,0,0,0,0,0,0,1.387,0,5.529,3.509,10.896
SXM2021,SXM,SXM,Sint Maarten (Dutch part),2021,0.05,5.897,1.143,0,5.897,0,1,7.964,3.43,0,7.964,0,1,11.613,6.86,0,12.194,0.05,1,17.127,2.304,0,17.127,0,1,18.27,4.278,0,18.27,0,1,25.13,13.503,0,26.386,0.05,1,0.649,0.114,0,0.681,0.05,1,0.577,0.114,0,0.605,0.05,1,0.458,0.114,0,0.481,0.05,1,0.491,0.114,0,0.516,0.05,1,0,0,0,0,1,0,0,0,0.05,1,11.787,0,11.787,0,78.125,7.95,0,82.031,0.05,1,0,0,0,0,0,0,0,0,1.198,0,4.776,4.753,15.983
SXM2022,SXM,SXM,Sint Maarten (Dutch part),2022,0.05,11.72,1.235,0,11.72,0,1,9.783,3.704,0,9.783,0,1,17.893,7.408,0.066,18.788,0.05,1,30.728,4.133,0,30.728,0,1,31.963,7.485,0,31.963,0,1,39.371,21.155,0.146,41.34,0.05,1,0.896,0.123,0.003,0.941,0.05,1,0.89,0.123,0.003,0.935,0.05,1,0.62,0.123,0.002,0.651,0.05,1,0.608,0.123,0.002,0.638,0.05,1,0,0,0,0,1,0,0,0,0.05,1,12.729,0,12.729,0,97.9,7.95,0.362,102.795,0.05,1,0,0,0,0,0,0,0,0,1.294,0,5.158,10.485,29.494
SXM2023,SXM,SXM,Sint Maarten (Dutch part),2023,0.05,6.147,1.286,0,6.147,0,1,7.886,3.857,0,7.886,0,1,12.575,7.714,0.07,13.204,0.05,1,12.478,1.678,0,12.478,0,1,13.763,3.223,0,13.763,0,1,21.477,11.54,0.119,22.551,0.05,1,0.791,0.129,0.004,0.83,0.05,1,0.618,0.129,0.003,0.649,0.05,1,0.554,0.129,0.003,0.582,0.05,1,0.557,0.129,0.003,0.585,0.05,1,0,0,0,0,1,0,0,0,0.05,1,13.254,0,13.254,0,83.248,7.95,0.461,87.41,0.05,1,0,0,0,0,0,0,0,0,1.348,0,5.37,4.861,11.192
SXM2024,SXM,SXM,Sint Maarten (Dutch part),2024,0.05,5.575,1.324,0,5.575,0,1,7.124,3.971,0,7.124,0,1,12.193,7.942,0.083,12.802,0.05,1,11.447,1.54,0,11.447,0,1,12.771,2.991,0,12.771,0,1,20.712,11.129,0.141,21.748,0.05,1,0.756,0.132,0.005,0.794,0.05,1,0.655,0.132,0.004,0.688,0.05,1,0.534,0.132,0.004,0.56,0.05,1,0.568,0.132,0.004,0.596,0.05,1,0,0,0,0,1,0,0,0,0.05,1,13.646,0,13.646,0,82.588,7.95,0.562,86.717,0.05,1,0,0,0,0,0,0,0,0,1.387,0,5.529,4.251,10.123
SVK2021,SVK,SVK,Slovak Republic,2021,0.2,10.192,1.084,-7.364,2.829,0,1,8.263,3.253,1.404,9.667,0,1,6.098,3.779,0.007,7.326,0.2,1,19.366,2.139,-8.665,10.701,0,1,19.322,3.802,-8.621,10.701,0,1,21.746,10.673,-10.331,13.697,0,0,0.619,0.114,0.746,1.638,0.2,1,0.599,0.114,0.621,1.464,0.2,1,0.439,0.114,0.208,0.777,0.2,1,0.505,0.114,0.107,0.734,0.2,1,0,0.041,0.146,0,1,0,0.039,0.195,0.2,0.667,11.787,0,11.787,0,78.125,7.95,17.499,114.748,0.2,1,0,0,0,0,0,0,0,0.103,1.198,0,4.776,5.309,11.629
SVK2022,SVK,SVK,Slovak Republic,2022,0.2,17.158,1.225,1.456,18.614,0,1,12.854,3.675,8.532,21.386,0,1,6.9,3.379,0.008,8.29,0.2,1,43.399,4.553,-18.486,24.913,0,1,43.447,8.054,-18.534,24.913,0,1,46.419,22.167,-34.394,14.429,0,0,0.861,0.123,0.623,1.78,0.2,1,0.986,0.123,0.52,1.807,0.2,1,0.598,0.123,0.132,0.876,0.2,1,0.612,0.123,0.089,0.842,0.2,1,0,0.024,0.244,0,1,0,0.027,0.194,0.2,0.667,12.729,0,12.729,0,97.9,7.95,41.988,167.866,0.2,1,0,0,0,0,0,0,0,0.016,1.294,0,5.158,11.532,35.571
SVK2023,SVK,SVK,Slovak Republic,2023,0.2,16.327,1.228,4.507,20.834,0,1,10.207,3.685,9.888,20.095,0,1,9.571,6.002,0.01,11.496,0.2,1,22.447,2.514,12.29,34.737,0,1,22.545,4.49,12.191,34.737,0,1,25.823,12.792,-11.04,17.739,0,0,0.76,0.129,0.674,1.722,0.2,1,0.811,0.129,0.588,1.679,0.2,1,0.535,0.129,0.117,0.783,0.2,1,0.579,0.129,0.158,0.885,0.2,1,0,0.037,0.253,0,1,0,0.035,0.207,0.2,0.667,13.254,0,13.254,0,83.248,7.95,53.745,164.392,0.2,1,0,0,0,0,0,0,0,0.089,1.348,0,5.37,11.23,14.568
SVK2024,SVK,SVK,Slovak Republic,2024,0.2,14.427,1.265,1.156,15.583,0,1,10.275,3.794,6.48,16.755,0,1,9.33,6.177,0.01,11.208,0.2,1,21.08,2.662,4.065,25.144,0,1,21.08,4.618,4.065,25.144,0,1,21.496,10.933,-6.649,17.815,0,0,0.724,0.132,0.694,1.702,0.2,1,0.75,0.132,0.603,1.624,0.2,1,0.513,0.132,0.128,0.77,0.2,1,0.591,0.132,0.111,0.843,0.2,1,0,0.025,0.186,0,1,0,0.028,0.194,0.2,0.667,13.646,0,13.646,0,82.588,7.95,42.672,150.312,0.2,1,0,0,0,0,0,0,0,0.089,1.387,0,5.529,8.947,10.966
SVN2021,SVN,SVN,Slovenia,2021,0.22,2.58,0.634,1.787,4.367,0,1,3.466,1.903,2.137,5.603,0,1,5.751,3.805,2.644,10.242,0.22,1,10.622,1.173,3.015,13.637,0,1,10.579,2.082,3.059,13.637,0,1,15.139,7.43,0.129,18.627,0.22,1,0.619,0.114,0.566,1.446,0.22,1,0.599,0.114,0.638,1.509,0.22,1,0.439,0.114,0.248,0.838,0.22,1,0.505,0.114,0.434,1.146,0.22,1,0,0.011,0.098,0,1,0,0.025,0.199,0.22,1,11.787,0,11.787,0,78.125,7.95,82.363,195.796,0.22,1,0,0,0,0,0,0,0,0.891,1.198,0,4.776,8.026,7.971
SVN2022,SVN,SVN,Slovenia,2022,0.22,7.491,0.791,8.552,16.043,0,1,5.014,2.373,8.77,13.784,0,1,11.447,4.746,2.983,17.323,0.22,1,28.201,2.958,-1.608,26.593,0,1,28.248,5.237,-1.656,26.593,0,1,33.174,15.842,-13.604,23.875,0.22,1,0.861,0.123,0.428,1.573,0.22,1,0.986,0.123,0.427,1.724,0.22,1,0.598,0.123,0.244,1.027,0.22,1,0.612,0.123,0.5,1.357,0.22,1,0,0.008,0.18,0,1,0,0.014,0.176,0.22,1,12.729,0,12.729,0,97.9,7.95,117.374,262.634,0.22,1,0,0,0,0,0,0,0,0.719,1.294,0,5.158,20.506,25.458
SVN2023,SVN,SVN,Slovenia,2023,0.22,4.555,0.823,9.911,14.466,0,1,4.566,2.468,10.093,14.66,0,1,8.669,4.937,1.086,11.618,0.22,1,22.754,2.549,5.215,27.969,0,1,22.853,4.551,5.116,27.969,0,1,27.981,13.861,-2.404,31.203,0.22,1,0.76,0.129,0.524,1.567,0.22,1,0.811,0.129,0.557,1.669,0.22,1,0.535,0.129,0.253,0.961,0.22,1,0.579,0.129,0.402,1.197,0.22,1,0,0.008,0.199,0,1,0,0.013,0.218,0.22,1,13.254,0,13.254,0,83.248,7.95,116.427,243.604,0.22,1,0,0,0,0,0,0,0,0.72,1.348,0,5.37,9.867,19.961
SVN2024,SVN,SVN,Slovenia,2024,0.22,4.007,0.847,6.495,10.503,0,1,4.423,2.541,6.739,11.161,0,1,8.242,5.082,3.123,13.463,0.22,1,15.716,1.984,5.339,21.055,0,1,15.716,3.443,5.339,21.055,0,1,20.995,10.679,2.19,28.286,0.22,1,0.724,0.132,0.6,1.616,0.22,1,0.75,0.132,0.604,1.652,0.22,1,0.513,0.132,0.259,0.941,0.22,1,0.591,0.132,0.367,1.169,0.22,1,0,0.008,0.158,0,1,0,0.003,0.221,0.22,1,13.646,0,13.646,0,82.588,7.95,107.233,231.582,0.22,1,0,0,0,0,0,0,0,0.72,1.387,0,5.529,7.721,12.028
SLB2021,SLB,SLB,Solomon Islands,2021,0,4.747,1.143,0,4.747,0,1,7.964,3.43,0,7.964,0,1,10.464,6.86,0,10.464,0,1,5.989,0.739,0,5.989,0,1,7.132,1.555,0,7.132,0,1,13.992,7.26,0,13.992,0,1,0.621,0.114,0,0.621,0,1,0.593,0.114,0,0.593,0,1,0.44,0.114,0,0.44,0,1,0.56,0.114,0,0.56,0,1,0,0,0,0,1,0,0,0,0,1,11.787,0,11.787,0,81.695,7.95,0,81.695,0,1,0,0,0,0,0,0,0,0,1.198,0,4.776,3.604,9.408
SLB2022,SLB,SLB,Solomon Islands,2022,0,8.788,1.235,0,8.788,0,1,9.783,3.704,0,9.783,0,1,14.962,7.408,0,14.962,0,1,6.765,0.835,0,6.765,0,1,7.999,1.744,0,7.999,0,1,15.407,7.995,0,15.407,0,1,0.847,0.123,0,0.847,0,1,0.947,0.123,0,0.947,0,1,0.589,0.123,0,0.589,0,1,0.689,0.123,0,0.689,0,1,0,0,0,0,1,0,0,0,0,1,12.729,0,12.729,0,102.477,7.95,0,102.477,0,1,0,0,0,0,0,0,0,0,1.294,0,5.158,7.554,16.097
SLB2023,SLB,SLB,Solomon Islands,2023,0,5.77,1.286,0,5.77,0,1,7.886,3.857,0,7.886,0,1,12.198,7.714,0,12.198,0,1,6.832,0.843,0,6.832,0,1,8.118,1.77,0,8.118,0,1,15.832,8.215,0,15.832,0,1,0.749,0.129,0,0.749,0,1,0.783,0.129,0,0.783,0,1,0.527,0.129,0,0.527,0,1,0.64,0.129,0,0.64,0,1,0,0,0,0,1,0,0,0,0,1,13.254,0,13.254,0,87.079,7.95,0,87.079,0,1,0,0,0,0,0,0,0,0,1.348,0,5.37,4.484,12.529
SLB2024,SLB,SLB,Solomon Islands,2024,0,4.833,1.324,0,4.833,0,1,7.124,3.971,0,7.124,0,1,11.451,7.942,0,11.451,0,1,6.934,0.856,0,6.934,0,1,8.257,1.8,0,8.257,0,1,16.199,8.405,0,16.199,0,1,0.72,0.132,0,0.72,0,1,0.734,0.132,0,0.734,0,1,0.51,0.132,0,0.51,0,1,0.652,0.132,0,0.652,0,1,0,0,0,0,1,0,0,0,0,1,13.646,0,13.646,0,86.385,7.95,0,86.385,0,1,0,0,0,0,0,0,0,0,1.387,0,5.529,3.509,10.896
SOM2021,SOM,SOM,Somalia,2021,0,5.897,1.143,0,5.897,0,1,7.964,3.43,0,7.964,0,1,11.613,6.86,0,11.613,0,1,16.305,2.204,0,16.305,0,1,17.449,4.08,0,17.449,0,1,24.309,12.947,0,24.309,0,1,0.619,0.114,0.287,0.906,0,1,0.599,0.114,0.016,0.616,0,0,0.439,0.114,0,0.439,0,1,0.505,0.114,0.531,1.036,0,1,0,0,0.079,0,0.667,0,0,0.079,0,0.667,11.787,0,11.787,0,78.125,7.95,0,78.125,0,1,0,0,0,0,0,0,0,0,1.198,0,3.908,4.753,15.162
SOM2022,SOM,SOM,Somalia,2022,0,11.72,1.235,0,11.72,0,1,9.783,3.704,0,9.783,0,1,17.893,7.408,0,17.893,0,1,32.56,4.401,0,32.56,0,1,33.795,7.902,0,33.795,0,1,41.203,21.945,0,41.203,0,1,0.861,0.123,0.366,1.228,0,1,0.986,0.123,-0.389,0.598,0,0,0.598,0.123,0,0.598,0,1,0.612,0.123,0.393,1.005,0,1,0,0,0.079,0,0.667,0,0,0.079,0,0.667,12.729,0,12.729,0,97.9,7.95,0,97.9,0,1,0,0,0,0,0,0,0,0,1.294,0,4.221,10.485,31.326
SOM2023,SOM,SOM,Somalia,2023,0,6.147,1.286,0,6.147,0,1,7.886,3.857,0,7.886,0,1,12.575,7.714,0,12.575,0,1,12.908,1.745,0,12.908,0,1,14.194,3.319,0,14.194,0,1,21.908,11.668,0,21.908,0,1,0.76,0.129,0.437,1.197,0,1,0.811,0.129,-0.221,0.59,0,0,0.535,0.129,0,0.535,0,1,0.579,0.129,0.413,0.992,0,1,0,0,0.08,0,0.667,0,0,0.08,0,0.667,13.254,0,13.254,0,83.248,7.95,0,83.248,0,1,0,0,0,0,0,0,0,0,1.348,0,4.395,4.861,11.622
SOM2024,SOM,SOM,Somalia,2024,0,5.575,1.324,0,5.575,0,1,7.124,3.971,0,7.124,0,1,12.193,7.942,0,12.193,0,1,11.492,1.553,0,11.492,0,1,12.815,2.997,0,12.815,0,1,20.757,11.055,0,20.757,0,1,0.724,0.132,0.397,1.121,0,1,0.75,0.132,-0.18,0.57,0,0,0.513,0.132,0,0.513,0,1,0.591,0.132,0.368,0.959,0,1,0,0,0.082,0,0.667,0,0,0.082,0,0.667,13.646,0,13.646,0,82.588,7.95,0,82.588,0,1,0,0,0,0,0,0,0,0,1.387,0,4.525,4.251,10.168
ZAF2021,ZAF,ZAF,South Africa,2021,0.15,1.909,0.583,0.492,2.401,0,1,1.91,0.583,0.492,2.402,0,1,4.242,2.916,0.492,5.444,0.15,1,8.449,1.929,0.291,8.741,0,1,9.59,3.496,0.291,9.881,0,1,16.434,11.189,0.291,19.234,0.15,1,0.619,0.114,0.414,1.033,0,1,0.599,0.114,0.301,0.9,0,1,0.439,0.114,0.398,0.963,0.15,1,0.505,0.114,-0.061,0.51,0.15,1,0,-0.001,0.049,0,1,0,-0.001,0.173,0.15,1,11.787,0,11.787,0,78.125,7.95,7.269,98.203,0.15,1,0,0,0,0,0,0,0,0.98,1.25,0.005,7.309,4.998,7.309
ZAF2022,ZAF,ZAF,South Africa,2022,0.15,2.11,0.626,0.742,2.852,0,1,2.093,0.626,0.742,2.835,0,1,4.614,3.129,0.801,6.159,0.15,1,18.417,4.205,0.439,18.856,0,1,19.65,7.164,0.439,20.089,0,1,27.046,18.413,0.744,31.608,0.15,1,0.861,0.123,0.386,1.247,0,1,0.986,0.123,0.235,1.221,0,1,0.598,0.123,0.425,1.164,0.15,1,0.612,0.123,0.191,0.924,0.15,1,0,-0.032,0.049,0,1,0,-0.032,0.17,0.15,1,12.729,0,12.729,0,97.9,7.95,10.898,123.743,0.15,1,0,0,0,0,0,0,0,0.986,1.35,0.003,8.709,11.066,17.239
ZAF2023,ZAF,ZAF,South Africa,2023,0.15,2.123,0.653,0.701,2.824,0,1,2.12,0.653,0.701,2.821,0,1,4.737,3.267,0.791,6.253,0.15,1,7.192,1.642,0.414,7.606,0,1,8.476,3.09,0.414,8.89,0,1,16.178,11.014,0.69,19.082,0.15,1,0.76,0.129,0.362,1.123,0,1,0.811,0.129,0.231,1.043,0,1,0.535,0.129,0.459,1.124,0.15,1,0.579,0.129,0.102,0.783,0.15,1,0,0,0.035,0,1,0,0,0.154,0.15,1,13.254,0,13.254,0,83.248,7.95,9.856,105.321,0.15,1,0,0,0,0,0,0,0,0.983,1.406,0.003,5.919,5.267,5.919
ZAF2024,ZAF,ZAF,South Africa,2024,0.15,2.171,0.673,0.816,2.986,0,1,2.167,0.673,0.816,2.983,0,1,4.862,3.364,0.932,6.529,0.15,1,6.32,1.443,0.482,6.802,0,1,7.641,2.786,0.482,8.124,0,1,15.572,10.601,0.81,18.462,0.15,1,0.724,0.132,0.402,1.127,0,1,0.75,0.132,0.313,1.063,0,1,0.513,0.132,0.481,1.12,0.15,1,0.591,0.132,0.056,0.744,0.15,1,0,0,0.07,0,1,0,0,0.169,0.15,1,13.646,0,13.646,0,82.588,7.95,10.717,105.152,0.15,1,0,0,0,0,0,0,0,0.983,1.447,0.003,5.004,4.5,5.004
SSD2021,SSD,SSD,South Sudan,2021,0.15,5.897,1.143,0,5.897,0,1,7.964,3.43,0,7.964,0,1,11.613,6.86,0,13.355,0.15,1,16.305,2.204,0,16.305,0,1,17.449,4.08,0,17.449,0,1,24.309,12.947,0,27.955,0.15,1,0.619,0.114,0.748,1.572,0.15,1,0.599,0.114,0.655,1.443,0.15,1,0.439,0.114,0,0.505,0.15,1,0.505,0.114,0.826,1.531,0.15,1,0,0,0,0,1,0,0,0,0.15,1,11.787,0,11.787,0,78.125,7.95,0,89.844,0.15,1,0,0,0,0,0,0,0,0,1.198,0,4.776,4.753,15.162
SSD2022,SSD,SSD,South Sudan,2022,0.18,11.72,1.235,0,11.72,0,1,9.783,3.704,0,9.783,0,1,17.893,7.408,0.238,21.114,0.18,1,32.56,4.401,0,32.56,0,1,33.795,7.902,0,33.795,0,1,41.203,21.945,0.549,48.62,0.18,1,0.861,0.123,0.762,1.89,0.18,1,0.986,0.123,0.643,1.897,0.18,1,0.598,0.123,0.008,0.705,0.18,1,0.612,0.123,0.865,1.72,0.18,1,0,0,0,0,1,0,0,0,0.18,1,12.729,0,12.729,0,97.9,7.95,1.304,115.522,0.18,1,0,0,0,0,0,0,0,0,1.294,0,5.158,10.485,31.326
SSD2023,SSD,SSD,South Sudan,2023,0.18,6.147,1.286,0,6.147,0,1,7.886,3.857,0,7.886,0,1,12.575,7.714,0.251,14.839,0.18,1,12.908,1.745,0,12.908,0,1,14.194,3.319,0,14.194,0,1,21.908,11.668,0.437,25.851,0.18,1,0.76,0.129,0.823,1.832,0.18,1,0.811,0.129,0.71,1.76,0.18,1,0.535,0.129,0.011,0.631,0.18,1,0.579,0.129,0.919,1.733,0.18,1,0,0,0,0,1,0,0,0,0.18,1,13.254,0,13.254,0,83.248,7.95,1.659,98.233,0.18,1,0,0,0,0,0,0,0,0,1.348,0,5.37,4.861,11.622
SSD2024,SSD,SSD,South Sudan,2024,0.18,5.575,1.324,0,5.575,0,1,7.124,3.971,0,7.124,0,1,12.193,7.942,0.299,14.388,0.18,1,11.492,1.553,0,11.492,0,1,12.815,2.997,0,12.815,0,1,20.757,11.055,0.509,24.493,0.18,1,0.724,0.132,0.862,1.827,0.18,1,0.75,0.132,0.749,1.727,0.18,1,0.513,0.132,0.013,0.605,0.18,1,0.591,0.132,0.953,1.779,0.18,1,0,0,0,0,1,0,0,0,0.18,1,13.646,0,13.646,0,82.588,7.95,2.025,97.454,0.18,1,0,0,0,0,0,0,0,0,1.387,0,5.529,4.251,10.168
ESP2021,ESP,ESP,Spain,2021,0.21,6.437,1.143,1.538,7.975,0,1,9.757,3.43,1.556,11.313,0,1,12.153,6.86,0.418,15.211,0.21,1,19.623,2.168,-9.301,10.323,0,1,19.58,3.853,-9.257,10.323,0,1,28.28,13.88,-4.203,29.132,0.21,1,0.619,0.114,0.73,1.632,0.21,1,0.599,0.114,0.618,1.473,0.21,1,0.439,0.114,0.302,0.896,0.21,1,0.505,0.114,0.205,0.859,0.21,1,0,0.022,0.125,0,1,0,0.071,0.304,0.21,1,11.787,0,11.787,0,78.125,7.95,41.391,144.614,0.21,1,0,0,0,0,0.155,0,0,0,1.198,0,4.776,5.294,15.658
ESP2022,ESP,ESP,Spain,2022,0.21,12.249,1.235,8.206,20.455,0,1,13.529,3.704,8.292,21.822,0,1,18.423,7.408,0.698,22.783,0.21,1,33.323,3.496,-2.525,30.798,0,1,33.37,6.186,-2.573,30.798,0,1,42.618,20.352,-12.75,36.14,0.21,1,0.861,0.123,0.689,1.875,0.21,1,0.986,0.123,0.576,1.89,0.21,1,0.598,0.123,0.266,1.045,0.21,1,0.612,0.123,0.511,1.359,0.21,1,0,0.014,0.223,0,1,0,0.025,0.338,0.21,1,12.729,0,12.729,0,97.9,7.95,113.713,256.052,0.21,1,0,0,0,0,0.167,0,0,0,1.294,0,5.158,11.015,29.266
ESP2023,ESP,ESP,Spain,2023,0.21,8.535,1.286,9.504,18.039,0,1,10.851,3.857,9.604,20.455,0,1,14.964,7.714,0.748,18.579,0.21,1,15.827,1.773,8.339,24.166,0,1,15.926,3.172,8.24,24.166,0,1,25.48,12.622,0.423,31.342,0.21,1,0.76,0.129,0.702,1.769,0.21,1,0.811,0.129,0.584,1.688,0.21,1,0.535,0.129,0.321,1.036,0.21,1,0.579,0.129,0.362,1.139,0.21,1,0,0.005,0.134,0,1,0,0.017,0.26,0.21,1,13.254,0,13.254,0,83.248,7.95,105.416,228.283,0.21,1,0,0,0,0,0.174,0,0,0,1.348,0,5.37,7.25,11.72
ESP2024,ESP,ESP,Spain,2024,0.21,7.095,1.324,6.247,13.341,0,1,10.26,3.971,6.312,16.572,0,1,13.713,7.942,0.796,17.067,0.21,1,13.578,1.714,4.38,17.958,0,1,13.578,2.974,4.38,17.958,0,1,20.49,10.422,1.357,26.434,0.21,1,0.724,0.132,0.687,1.708,0.21,1,0.75,0.132,0.566,1.592,0.21,1,0.513,0.132,0.334,1.025,0.21,1,0.591,0.132,0.279,1.053,0.21,1,0,0.01,0.116,0,1,0,0.032,0.262,0.21,1,13.646,0,13.646,0,82.588,7.95,82.757,200.067,0.21,1,0,0,0,0,0.179,0,0,0,1.387,0,5.529,5.771,9.495
LKA2021,LKA,LKA,Sri Lanka,2021,0.08,4.606,1.116,0,4.606,0,1,7.724,3.348,0,7.724,0,1,10.187,6.697,0,11.001,0.08,1,4.783,0.559,0,4.783,0,1,5.926,1.225,0,5.926,0,1,12.786,6.372,0,13.809,0.08,1,0.621,0.114,0.137,0.758,0,1,0.593,0.114,0.022,0.615,0,1,0.44,0.114,0,0.475,0.08,1,0.56,0.114,-0.208,0.352,0,1,0,-0.03,0.074,0,0.833,0,-0.03,0.075,0,0.833,11.787,0,11.787,0,81.695,7.95,-15.969,70.985,0.08,1,0,0,0,0,0,0,0,0.048,1.198,0,4.776,3.604,16.843
LKA2022,LKA,LKA,Sri Lanka,2022,0.08,8.781,1.234,0,8.781,0,1,9.775,3.702,0,9.775,0,1,14.95,7.404,0.089,16.147,0.08,1,5.165,0.603,0,5.165,0,1,6.4,1.323,0,6.4,0,1,13.808,6.881,0.082,14.912,0.08,1,0.847,0.123,0.313,1.16,0,1,0.947,0.123,0.149,1.096,0,1,0.589,0.123,0.003,0.636,0.08,1,0.689,0.123,-0.095,0.594,0,1,0,-0.099,0.069,0,0.833,0,-0.099,0.075,0,0.833,12.729,0,12.729,0,102.477,7.95,30.002,143.077,0.08,1,0,0,0,0,0,0,0,0.001,1.294,0,5.158,7.554,30.149
LKA2023,LKA,LKA,Sri Lanka,2023,0.08,5.641,1.264,0,5.641,0,1,7.729,3.791,0,7.729,0,1,11.96,7.582,0.106,12.916,0.08,1,5.378,0.628,0,5.378,0,1,6.664,1.378,0,6.664,0,1,14.378,7.165,0.127,15.528,0.08,1,0.749,0.129,0.409,1.158,0,1,0.783,0.129,0.355,1.138,0,1,0.527,0.129,0.005,0.57,0.08,1,0.64,0.129,0.168,0.808,0,1,0,-0.042,0.068,0,0.833,0,-0.042,0.074,0,0.833,13.254,0,13.254,0,87.079,7.95,15.299,110.568,0.08,1,0,0,0,0,0,0,0,0.034,1.348,0,5.37,4.484,12.392
LKA2024,LKA,LKA,Sri Lanka,2024,0.08,4.738,1.301,0,4.738,0,1,6.996,3.903,0,6.996,0,1,11.243,7.806,0.123,12.142,0.08,1,5.537,0.647,0,5.537,0,1,6.861,1.419,0,6.861,0,1,14.802,7.377,0.161,15.986,0.08,1,0.72,0.132,0.463,1.183,0,1,0.734,0.132,0.393,1.127,0,1,0.51,0.132,0.006,0.551,0.08,1,0.652,0.132,-0.027,0.625,0,1,0,-0.044,0.095,0,0.833,0,-0.044,0.094,0,0.833,13.646,0,13.646,0,86.385,7.95,3.675,97.266,0.08,1,0,0,0,0,0,0,0,0.034,1.387,0,5.529,3.509,10.792
KNA2021,KNA,KNA,St. Kitts and Nevis,2021,0.17,5.897,1.143,0,5.897,0,1,7.964,3.43,0,7.964,0,1,11.613,6.86,0,13.588,0.17,1,17.127,2.304,0,17.127,0,1,18.27,4.278,0,18.27,0,1,25.13,13.503,0,29.402,0.17,1,0.649,0.114,0,0.759,0.17,1,0.577,0.114,0,0.675,0.17,1,0.458,0.114,0,0.536,0.17,1,0.491,0.114,0,0.575,0.17,1,0,0,0,0,1,0,0,0,0.17,1,11.787,0,11.787,0,78.125,7.95,0,91.406,0.17,1,0,0,0,0,0,0,0,0,1.198,0,4.776,4.753,15.983
KNA2022,KNA,KNA,St. Kitts and Nevis,2022,0.17,11.72,1.235,0,11.72,0,1,9.783,3.704,0,9.783,0,1,17.893,7.408,0.225,20.935,0.17,1,30.728,4.133,0,30.728,0,1,31.963,7.485,0,31.963,0,1,39.371,21.155,0.495,46.064,0.17,1,0.896,0.123,0.011,1.048,0.17,1,0.89,0.123,0.011,1.041,0.17,1,0.62,0.123,0.008,0.726,0.17,1,0.608,0.123,0.008,0.711,0.17,1,0,0,0,0,1,0,0,0,0.17,1,12.729,0,12.729,0,97.9,7.95,1.232,114.543,0.17,1,0,0,0,0,0,0,0,0,1.294,0,5.158,10.485,29.494
KNA2023,KNA,KNA,St. Kitts and Nevis,2023,0.17,6.147,1.286,0,6.147,0,1,7.886,3.857,0,7.886,0,1,12.575,7.714,0.237,14.713,0.17,1,12.478,1.678,0,12.478,0,1,13.763,3.223,0,13.763,0,1,21.477,11.54,0.404,25.129,0.17,1,0.791,0.129,0.015,0.925,0.17,1,0.618,0.129,0.012,0.723,0.17,1,0.554,0.129,0.01,0.649,0.17,1,0.557,0.129,0.01,0.652,0.17,1,0,0,0,0,1,0,0,0,0.17,1,13.254,0,13.254,0,83.248,7.95,1.567,97.4,0.17,1,0,0,0,0,0,0,0,0,1.348,0,5.37,4.861,11.192
KNA2024,KNA,KNA,St. Kitts and Nevis,2024,0.17,5.575,1.324,0,5.575,0,1,7.124,3.971,0,7.124,0,1,12.193,7.942,0.282,14.266,0.17,1,11.447,1.54,0,11.447,0,1,12.771,2.991,0,12.771,0,1,20.712,11.129,0.48,24.233,0.17,1,0.756,0.132,0.018,0.885,0.17,1,0.655,0.132,0.015,0.767,0.17,1,0.534,0.132,0.012,0.624,0.17,1,0.568,0.132,0.013,0.664,0.17,1,0,0,0,0,1,0,0,0,0.17,1,13.646,0,13.646,0,82.588,7.95,1.912,96.628,0.17,1,0,0,0,0,0,0,0,0,1.387,0,5.529,4.251,10.123
LCA2021,LCA,LCA,St. Lucia,2021,0.125,5.897,1.143,0,5.897,0,1,7.964,3.43,0,7.964,0,1,11.613,6.86,0,13.065,0.125,1,17.127,2.304,0,17.127,0,1,18.27,4.278,0,18.27,0,1,25.13,13.503,0,28.271,0.125,1,0.649,0.114,0.456,1.105,0,1,0.577,0.114,0.439,1.016,0,1,0.458,0.114,0.282,0.74,0,1,0.491,0.114,0.187,0.678,0,1,0,0,0.322,0,1,0,0,0.264,0,1,11.787,0,11.787,0,78.125,7.95,0,87.891,0.125,1,0,0,0,0,0,0,0,0,1.198,0,4.776,4.753,15.983
LCA2022,LCA,LCA,St. Lucia,2022,0.125,11.72,1.235,0,11.72,0,1,9.783,3.704,0,9.783,0,1,17.893,7.408,0.166,20.13,0.125,1,30.728,4.133,0,30.728,0,1,31.963,7.485,0,31.963,0,1,39.371,21.155,0.364,44.293,0.125,1,0.896,0.123,0.445,1.341,0,1,0.89,0.123,0.413,1.303,0,1,0.62,0.123,0.295,0.915,0,1,0.608,0.123,0.574,1.181,0,1,0,0,0.348,0,1,0,0,0.285,0,1,12.729,0,12.729,0,97.9,7.95,0.906,110.138,0.125,1,0,0,0,0,0,0,0,0,1.294,0,5.158,10.485,29.494
LCA2023,LCA,LCA,St. Lucia,2023,0.125,6.147,1.286,0,6.147,0,1,7.886,3.857,0,7.886,0,1,12.575,7.714,0.174,14.147,0.125,1,12.478,1.678,0,12.478,0,1,13.763,3.223,0,13.763,0,1,21.477,11.54,0.297,24.162,0.125,1,0.791,0.129,0.563,1.354,0,1,0.618,0.129,0.678,1.296,0,1,0.554,0.129,0.314,0.868,0,1,0.557,0.129,0.442,0.999,0,1,0,0,0.362,0,1,0,0,0.296,0,1,13.254,0,13.254,0,83.248,7.95,1.152,93.654,0.125,1,0,0,0,0,0,0,0,0,1.348,0,5.37,4.861,11.192
LCA2024,LCA,LCA,St. Lucia,2024,0.125,5.575,1.324,0,5.575,0,1,7.124,3.971,0,7.124,0,1,12.193,7.942,0.208,13.717,0.125,1,11.447,1.54,0,11.447,0,1,12.771,2.991,0,12.771,0,1,20.712,11.129,0.353,23.301,0.125,1,0.756,0.132,0.586,1.342,0,1,0.655,0.132,0.643,1.299,0,1,0.534,0.132,0.326,0.859,0,1,0.568,0.132,0.371,0.939,0,1,0,0,0.373,0,1,0,0,0.305,0,1,13.646,0,13.646,0,82.588,7.95,1.406,92.912,0.125,1,0,0,0,0,0,0,0,0,1.387,0,5.529,4.251,10.123
MAF2021,MAF,MAF,St. Martin (French part),2021,0.05,5.897,1.143,0,5.897,0,1,7.964,3.43,0,7.964,0,1,11.613,6.86,0,12.194,0.05,1,17.127,2.304,0,17.127,0,1,18.27,4.278,0,18.27,0,1,25.13,13.503,0,26.386,0.05,1,0.649,0.114,0,0.681,0.05,1,0.577,0.114,0,0.605,0.05,1,0.458,0.114,0,0.481,0.05,1,0.491,0.114,0,0.516,0.05,1,0,0,0,0,1,0,0,0,0.05,1,11.787,0,11.787,0,78.125,7.95,0,82.031,0.05,1,0,0,0,0,0,0,0,0,1.198,0,4.776,4.753,15.983
MAF2022,MAF,MAF,St. Martin (French part),2022,0.05,11.72,1.235,0,11.72,0,1,9.783,3.704,0,9.783,0,1,17.893,7.408,0.066,18.788,0.05,1,30.728,4.133,0,30.728,0,1,31.963,7.485,0,31.963,0,1,39.371,21.155,0.146,41.34,0.05,1,0.896,0.123,0.003,0.941,0.05,1,0.89,0.123,0.003,0.935,0.05,1,0.62,0.123,0.002,0.651,0.05,1,0.608,0.123,0.002,0.638,0.05,1,0,0,0,0,1,0,0,0,0.05,1,12.729,0,12.729,0,97.9,7.95,0.362,102.795,0.05,1,0,0,0,0,0,0,0,0,1.294,0,5.158,10.485,29.494
MAF2023,MAF,MAF,St. Martin (French part),2023,0.05,6.147,1.286,0,6.147,0,1,7.886,3.857,0,7.886,0,1,12.575,7.714,0.07,13.204,0.05,1,12.478,1.678,0,12.478,0,1,13.763,3.223,0,13.763,0,1,21.477,11.54,0.119,22.551,0.05,1,0.791,0.129,0.004,0.83,0.05,1,0.618,0.129,0.003,0.649,0.05,1,0.554,0.129,0.003,0.582,0.05,1,0.557,0.129,0.003,0.585,0.05,1,0,0,0,0,1,0,0,0,0.05,1,13.254,0,13.254,0,83.248,7.95,0.461,87.41,0.05,1,0,0,0,0,0,0,0,0,1.348,0,5.37,4.861,11.192
MAF2024,MAF,MAF,St. Martin (French part),2024,0.05,5.575,1.324,0,5.575,0,1,7.124,3.971,0,7.124,0,1,12.193,7.942,0.083,12.802,0.05,1,11.447,1.54,0,11.447,0,1,12.771,2.991,0,12.771,0,1,20.712,11.129,0.141,21.748,0.05,1,0.756,0.132,0.005,0.794,0.05,1,0.655,0.132,0.004,0.688,0.05,1,0.534,0.132,0.004,0.56,0.05,1,0.568,0.132,0.004,0.596,0.05,1,0,0,0,0,1,0,0,0,0.05,1,13.646,0,13.646,0,82.588,7.95,0.562,86.717,0.05,1,0,0,0,0,0,0,0,0,1.387,0,5.529,4.251,10.123
VCT2021,VCT,VCT,St. Vincent and the Grenadines,2021,0.16,5.897,1.143,0,5.897,0,1,7.964,3.43,0,7.964,0,1,11.613,6.86,0,13.471,0.16,1,5.849,0.787,0,5.849,0,1,6.992,1.637,0,6.992,0,1,13.852,7.443,0,16.068,0.16,1,0.649,0.114,0,0.753,0.16,1,0.577,0.114,0,0.669,0.16,1,0.458,0.114,0,0.531,0.16,1,0.491,0.114,0,0.57,0.16,1,0,0,0,0,1,0,0,0,0.16,1,11.787,0,11.787,0,78.125,7.95,0,90.625,0.16,1,0,0,0,0,0,0,0,0,1.198,0,4.776,4.753,15.983
VCT2022,VCT,VCT,St. Vincent and the Grenadines,2022,0.16,11.72,1.235,0,11.72,0,1,9.783,3.704,0,9.783,0,1,17.893,7.408,0.212,20.756,0.16,1,6.316,0.85,0,6.316,0,1,7.551,1.768,0,7.551,0,1,14.959,8.038,0.177,17.352,0.16,1,0.896,0.123,0.011,1.039,0.16,1,0.89,0.123,0.011,1.033,0.16,1,0.62,0.123,0.007,0.72,0.16,1,0.608,0.123,0.007,0.705,0.16,1,0,0,0,0,1,0,0,0,0.16,1,12.729,0,12.729,0,97.9,7.95,1.159,113.564,0.16,1,0,0,0,0,0,0,0,0,1.294,0,5.158,10.485,29.494
VCT2023,VCT,VCT,St. Vincent and the Grenadines,2023,0.16,6.147,1.286,0,6.147,0,1,7.886,3.857,0,7.886,0,1,12.575,7.714,0.223,14.587,0.16,1,6.577,0.885,0,6.577,0,1,7.862,1.841,0,7.862,0,1,15.576,8.37,0.276,18.069,0.16,1,0.791,0.129,0.014,0.917,0.16,1,0.618,0.129,0.011,0.717,0.16,1,0.554,0.129,0.01,0.643,0.16,1,0.557,0.129,0.01,0.646,0.16,1,0,0,0,0,1,0,0,0,0.16,1,13.254,0,13.254,0,83.248,7.95,1.475,96.568,0.16,1,0,0,0,0,0,0,0,0,1.348,0,5.37,4.861,11.192
VCT2024,VCT,VCT,St. Vincent and the Grenadines,2024,0.16,5.575,1.324,0,5.575,0,1,7.124,3.971,0,7.124,0,1,12.193,7.942,0.266,14.144,0.16,1,6.771,0.911,0,6.771,0,1,8.095,1.896,0,8.095,0,1,16.036,8.617,0.349,18.602,0.16,1,0.756,0.132,0.016,0.877,0.16,1,0.655,0.132,0.014,0.76,0.16,1,0.534,0.132,0.012,0.619,0.16,1,0.568,0.132,0.012,0.659,0.16,1,0,0,0,0,1,0,0,0,0.16,1,13.646,0,13.646,0,82.588,7.95,1.8,95.802,0.16,1,0,0,0,0,0,0,0,0,1.387,0,5.529,4.251,10.123
SDN2021,SDN,SDN,Sudan,2021,0.17,5.897,1.143,0,5.897,0,1,7.964,3.43,0,7.964,0,1,11.613,6.86,0,13.588,0.17,1,15.47,2.091,0,15.47,0,1,16.613,3.885,0,16.613,0,1,23.473,12.502,0,27.463,0.17,1,0.619,0.114,-0.474,0.145,0,1,0.599,0.114,-0.504,0.096,0,1,0.439,0.114,0,0.514,0.17,1,0.505,0.114,0,0.591,0.17,1,0,0,0,0,1,0,0,0,0.17,1,11.787,0,11.787,0,78.125,7.95,0,91.406,0.17,1,0,0,0,0,0,0,0,0,1.198,0,4.776,4.753,15.162
SDN2022,SDN,SDN,Sudan,2022,0.17,11.72,1.82,0,11.72,0,1,9.783,4.04,0,9.783,0,1,17.893,8.764,0.225,20.935,0.17,1,30.455,3.195,0,30.455,0,1,31.69,5.875,0,31.69,0,1,39.098,18.671,0.492,45.744,0.17,1,0.861,0.123,0.146,1.007,0,1,0.986,0.128,0.168,1.154,0,1,0.598,0.123,0.008,0.699,0.17,1,0.612,0.119,0.008,0.716,0.17,1,0,0,0,0,1,0,0,0,0.17,1,12.729,0,12.729,0,97.9,7.95,1.232,114.543,0.17,1,1,1,0,0,0,0,0,0,1.294,0,5.158,10.485,31.326
SDN2023,SDN,SDN,Sudan,2023,0.17,6.147,1.4,0,6.147,0,1,7.886,3.911,0,7.886,0,1,12.575,7.886,0.237,14.713,0.17,1,12.405,1.39,0,12.405,0,1,13.691,2.727,0,13.691,0,1,21.405,10.603,0.403,25.043,0.17,1,0.76,0.128,0.129,0.89,0,1,0.811,0.139,0.138,0.949,0,1,0.535,0.129,0.01,0.626,0.17,1,0.579,0.126,0.011,0.678,0.17,1,0,0,0,0,1,0,0,0,0.17,1,13.254,0,13.254,0,83.248,7.95,1.567,97.4,0.17,1,1,1,0,0,0,0,0,0,1.348,0,5.37,4.861,11.622
SDN2024,SDN,SDN,Sudan,2024,0.17,5.575,1.412,0,5.575,0,1,7.124,3.881,0,7.124,0,1,12.193,8.072,0.282,14.266,0.17,1,11.119,1.404,0,11.119,0,1,12.442,2.726,0,12.442,0,1,20.384,10.368,0.472,23.849,0.17,1,0.724,0.132,0.123,0.847,0,1,0.75,0.138,0.128,0.878,0,1,0.513,0.132,0.012,0.6,0.17,1,0.591,0.13,0.014,0.692,0.17,1,0,0,0,0,1,0,0,0,0.17,1,13.646,0,13.646,0,82.588,7.95,1.912,96.628,0.17,1,1,1,0,0,0,0,0,0,1.387,0,5.529,4.251,10.168
SUR2021,SUR,SUR,Suriname,2021,0.1,5.897,1.143,0,5.897,0,1,7.964,3.43,0,7.964,0,1,11.613,6.86,0,12.775,0.1,1,5.347,0.389,0,5.347,0,1,5.919,0.796,0,5.919,0,1,9.349,3.497,0,10.284,0.1,1,0.649,0.114,0.139,0.867,0.1,1,0.577,0.114,0.12,0.766,0.1,1,0.458,0.114,0,0.504,0.1,1,0.491,0.114,0,0.54,0.1,1,0,0,0.069,0,1,0,0,0.031,0,1,11.787,0,11.787,0,78.125,7.95,-5.776,79.584,0.1,1,0,0,0,0,0,0,0,0,1.198,1,4.776,4.753,15.983
SUR2022,SUR,SUR,Suriname,2022,0.1,11.72,1.235,0,11.72,0,1,9.783,3.704,0,9.783,0,1,17.893,7.408,0.132,19.683,0.1,1,5.775,0.42,0,5.775,0,1,6.392,0.86,0,6.392,0,1,10.096,3.776,0.075,11.106,0.1,1,0.896,0.123,0.039,1.028,0.1,1,0.89,0.123,-0.176,0.786,0.1,1,0.62,0.123,0.005,0.682,0.1,1,0.608,0.123,0.004,0.668,0.1,1,0,0,0.074,0,1,0,0,0.032,0,1,12.729,0,12.729,0,97.9,7.95,-6.798,99.476,0.1,1,0,0,0,0,0,0,0,0,1.294,1,5.158,10.485,29.494
SUR2023,SUR,SUR,Suriname,2023,0.1,6.147,1.286,0,6.147,0,1,7.886,3.857,0,7.886,0,1,12.575,7.714,0.139,13.833,0.1,1,6.013,0.438,0,6.013,0,1,6.656,0.895,0,6.656,0,1,10.513,3.932,0.116,11.564,0.1,1,0.791,0.129,0.263,1.159,0.1,1,0.618,0.129,0.316,1.027,0.1,1,0.554,0.129,0.006,0.61,0.1,1,0.557,0.129,0.006,0.613,0.1,1,0,0,0.077,0,1,0,0,0.036,0,1,13.254,0,13.254,0,83.248,7.95,-5.222,84.889,0.1,1,0,0,0,0,0,0,0,0,1.348,1,5.37,4.861,11.192
SUR2024,SUR,SUR,Suriname,2024,0.1,5.575,1.324,0,5.575,0,1,7.124,3.971,0,7.124,0,1,12.193,7.942,0.166,13.412,0.1,1,6.191,0.451,0,6.191,0,1,6.853,0.922,0,6.853,0,1,10.823,4.048,0.147,11.906,0.1,1,0.756,0.132,0.445,1.321,0.1,1,0.655,0.132,0.426,1.19,0.1,1,0.534,0.132,0.007,0.587,0.1,1,0.568,0.132,0.008,0.625,0.1,1,0,0,0.079,0,1,0,0,0.073,0,1,13.646,0,13.646,0,82.588,7.95,-4.928,84.278,0.1,1,0,0,0,0,0,0,0,0,1.387,1,5.529,4.251,10.123
SWE2021,SWE,SWE,Sweden,2021,0.25,7.214,1.097,0.454,7.668,0,1,8.506,3.29,0.774,9.28,0,1,12.697,6.579,11.458,30.193,0.25,1,16.459,1.818,11.814,28.273,0,1,16.416,3.23,11.858,28.273,0,1,27.803,13.646,18.149,57.441,0.25,1,0.619,0.114,0.904,1.904,0.25,1,0.599,0.114,0.987,1.984,0.25,1,0.439,0.114,0.656,1.369,0.25,1,0.505,0.114,1.099,2.005,0.25,1,0,0.001,0.079,0,1,0,0.042,0.279,0.25,1,11.787,0,11.787,0,78.125,7.95,99.112,221.546,0.25,1,0,0,0,0,0,0,0,0.082,1.198,0,4.776,6.555,7.507
SWE2022,SWE,SWE,Sweden,2022,0.25,17.95,1.235,11.97,29.92,0,1,13.647,3.704,8.748,22.395,0,1,24.123,7.408,13.305,45.935,0.25,1,43.753,4.59,6.287,50.039,0,1,43.8,8.12,6.239,50.039,0,1,55.736,26.616,2.376,72.64,0.25,1,0.861,0.123,0.772,2.042,0.25,1,0.986,0.123,0.948,2.417,0.25,1,0.598,0.123,0.452,1.312,0.25,1,0.612,0.123,0.75,1.702,0.25,1,0,0.001,0.115,0,1,0,-0.028,0.264,0.25,1,12.729,0,12.729,0,97.9,7.95,151.168,311.335,0.25,1,0,0,0,0,0,0,0,0,1.294,0,5.158,16.715,34.708
SWE2023,SWE,SWE,Sweden,2023,0.25,12.102,1.259,13.076,25.178,0,1,10.303,3.778,10.245,20.549,0,1,18.398,7.555,14.429,39.928,0.25,1,24.649,2.761,18.078,42.727,0,1,24.747,4.929,17.98,42.727,0,1,36.989,18.323,14.182,63.964,0.25,1,0.76,0.129,0.745,1.881,0.25,1,0.811,0.129,0.939,2.188,0.25,1,0.535,0.129,0.478,1.267,0.25,1,0.579,0.129,0.561,1.426,0.25,1,0,0.001,0.089,0,1,0,0.037,0.262,0.25,1,13.254,0,13.254,0,83.248,7.95,135.655,273.628,0.25,1,0,0,0,0,0,0,0,0.041,1.348,0,5.37,11.25,15.553
SWE2024,SWE,SWE,Sweden,2024,0.25,8.964,1.296,10.859,19.823,0,1,10.582,3.889,6.956,17.538,0,1,15.446,7.778,15.34,37.215,0.25,1,22.024,2.781,12.965,34.989,0,1,22.024,4.825,12.965,34.989,0,1,34.633,17.615,9.298,54.913,0.25,1,0.724,0.132,0.64,1.705,0.25,1,0.75,0.132,0.614,1.705,0.25,1,0.513,0.132,0.539,1.315,0.25,1,0.591,0.132,0.419,1.263,0.25,1,0,0.001,0.072,0,1,0,0.041,0.259,0.25,1,13.646,0,13.646,0,82.588,7.95,115.913,248.126,0.25,1,0,0,0,0,0,0,0,0.041,1.387,0,5.529,7.937,11.8
CHE2021,CHE,CHE,Switzerland,2021,0.077,2.702,0.591,4.24,6.941,0,1,7.964,3.43,-1.023,6.941,0,1,11.679,6.86,2.755,15.545,0.077,1,37.109,4.099,-16.548,20.561,0,1,37.066,7.294,-16.505,20.561,0,1,40.75,20,-11.342,31.672,0.077,1,0.619,0.114,0.98,1.722,0.077,1,0.599,0.114,1.056,1.783,0.077,1,0.439,0.114,0.526,1.04,0.077,1,0.505,0.114,0.363,0.935,0.077,1,0,0.03,0.171,0,0.833,0,0.025,0.23,0.077,0.833,11.787,0,11.787,0,78.125,7.95,-25.812,56.342,0.077,1,0,0,0,0,0,0,0,0,1.198,0,4.776,4.819,26.806
CHE2022,CHE,CHE,Switzerland,2022,0.077,12.303,1.911,6.457,18.761,0,1,9.783,3.704,8.978,18.761,0,1,18.971,7.408,12.503,33.705,0.077,1,73.622,7.723,-37.234,36.388,0,1,73.67,13.657,-37.282,36.388,0,1,77.902,37.202,-35.346,45.834,0.077,1,0.861,0.123,1.039,2.046,0.077,1,0.986,0.123,1.091,2.237,0.077,1,0.598,0.123,0.517,1.2,0.077,1,0.612,0.123,0.738,1.454,0.077,1,0,0.029,0.188,0,0.833,0,0.024,0.246,0.077,0.833,12.729,0,12.729,0,97.9,7.95,-25.237,78.258,0.077,1,0,0,0,0,0,0,0,0,1.294,0,5.158,11.563,63.228
CHE2023,CHE,CHE,Switzerland,2023,0.077,6.64,1.512,9.534,16.174,0,1,7.886,3.857,8.288,16.174,0,1,12.818,7.714,13.099,27.676,0.077,1,47.533,5.324,3.905,51.438,0,1,47.632,9.486,3.806,51.438,0,1,52.17,25.844,0.616,56.851,0.077,1,0.76,0.129,1.132,2.038,0.077,1,0.811,0.129,1.233,2.201,0.077,1,0.535,0.129,0.757,1.391,0.077,1,0.579,0.129,0.609,1.28,0.077,1,0,0.035,0.257,0,0.833,0,0.026,0.338,0.077,0.833,13.254,0,13.254,0,83.248,7.95,6.171,96.305,0.077,1,0,0,0,0,0,0,0,0,1.348,0,5.37,5.104,37.088
CHE2024,CHE,CHE,Switzerland,2024,0.077,5.47,1.386,6.199,11.669,0,1,7.124,3.971,4.546,11.669,0,1,12.405,7.942,13.657,27.778,0.077,1,40.254,5.083,3.591,43.845,0,1,40.254,8.818,3.591,43.845,0,1,43.282,22.014,5.992,53.068,0.077,1,0.724,0.132,1.186,2.057,0.077,1,0.75,0.132,1.265,2.171,0.077,1,0.513,0.132,0.687,1.293,0.077,1,0.591,0.132,0.55,1.229,0.077,1,0,0.044,0.315,0,0.833,0,0.027,0.382,0.077,0.833,13.646,0,13.646,0,82.588,7.95,-11.844,76.191,0.077,1,0,0,0,0,0,0,0,0,1.387,0,5.529,4.463,31.353
SYR2021,SYR,SYR,Syria,2021,0,5.897,1.143,0,5.897,0,1,7.964,3.43,0,7.964,0,1,11.613,6.86,0,11.613,0,1,5.347,0.484,0,5.347,0,1,5.919,0.966,0,5.919,0,1,9.349,3.931,0,9.349,0,1,0.621,0.114,0.127,0.748,0,1,0.593,0.114,0.212,0.806,0,1,0.44,0.114,-0.338,0.102,0,0,0.56,0.114,0,0.56,0,1,0,0,0.088,0,1,0,0,0.031,0,1,11.787,0,11.787,0,81.695,7.95,0,81.695,0,1,0,0,0,0,0,0,0,0,1.198,1,4.776,4.753,14.162
SYR2022,SYR,SYR,Syria,2022,0,11.72,1.235,0,11.72,0,1,9.783,3.704,0,9.783,0,1,17.893,7.408,0,17.893,0,1,5.775,0.523,0,5.775,0,1,6.392,1.043,0,6.392,0,1,10.096,4.245,0,10.096,0,1,0.847,0.123,0.638,1.484,0,1,0.947,0.123,-0.188,0.759,0,1,0.589,0.123,-0.538,0.051,0,0,0.689,0.123,0,0.689,0,1,0,0,0.044,0,1,0,0,0.016,0,1,12.729,0,12.729,0,102.477,7.95,0,102.477,0,1,0,0,0,0,0,0,0,0,1.294,1,5.158,10.485,30.326
SYR2023,SYR,SYR,Syria,2023,0,6.147,1.286,0,6.147,0,1,7.886,3.857,0,7.886,0,1,12.575,7.714,0,12.575,0,1,6.013,0.545,0,6.013,0,1,6.656,1.086,0,6.656,0,1,10.513,4.42,0,10.513,0,1,0.749,0.129,0.664,1.413,0,1,0.783,0.129,-0.072,0.711,0,1,0.527,0.129,-0.477,0.05,0,0,0.64,0.129,0,0.64,0,1,0,0,0.046,0,1,0,0,0.016,0,1,13.254,0,13.254,0,87.079,7.95,0,87.079,0,1,0,0,0,0,0,0,0,0,1.348,1,5.37,4.861,10.622
SYR2024,SYR,SYR,Syria,2024,0,5.575,1.324,0,5.575,0,1,7.124,3.971,0,7.124,0,1,12.193,7.942,0,12.193,0,1,6.191,0.561,0,6.191,0,1,6.853,1.118,0,6.853,0,1,10.823,4.55,0,10.823,0,1,0.72,0.132,0.683,1.403,0,1,0.734,0.132,-0.03,0.704,0,1,0.51,0.132,-0.459,0.051,0,0,0.652,0.132,0,0.652,0,1,0,0,0.047,0,1,0,0,0.017,0,1,13.646,0,13.646,0,86.385,7.95,0,86.385,0,1,0,0,0,0,0,0,0,0,1.387,1,5.529,4.251,9.168
STP2021,STP,STP,São Tomé and Príncipe,2021,0,5.897,1.143,0,5.897,0,1,7.964,3.43,0,7.964,0,1,11.613,6.86,0,11.613,0,1,15.393,2.08,0,15.393,0,1,16.536,3.867,0,16.536,0,1,23.396,12.461,0,23.396,0,1,0.619,0.114,0.815,1.434,0,1,0.599,0.114,0.539,1.138,0,1,0.439,0.114,0,0.439,0,1,0.505,0.114,0.238,0.743,0,1,0,0,0.166,0,0.833,0,0,0.118,0,0.833,11.787,0,11.787,0,78.125,7.95,0,78.125,0,1,0,0,0,0,0,0,0,0,1.198,0,4.776,4.753,15.162
STP2022,STP,STP,São Tomé and Príncipe,2022,0,11.72,1.235,0,11.72,0,1,9.783,3.704,0,9.783,0,1,17.893,7.408,0,17.893,0,1,29.904,4.042,0,29.904,0,1,31.139,7.281,0,31.139,0,1,38.547,20.53,0,38.547,0,1,0.861,0.123,0.88,1.741,0,1,0.986,0.123,0.488,1.475,0,1,0.598,0.123,0,0.598,0,1,0.612,0.123,0.23,0.843,0,1,0,0,0.147,0,0.833,0,0,0.105,0,0.833,12.729,0,12.729,0,97.9,7.95,0,97.9,0,1,0,0,0,0,0,0,0,0,1.294,0,5.158,10.485,31.326
STP2023,STP,STP,São Tomé and Príncipe,2023,0,6.147,1.286,0,6.147,0,1,7.886,3.857,0,7.886,0,1,12.575,7.714,0,12.575,0,1,12.273,1.659,0,12.273,0,1,13.559,3.171,0,13.559,0,1,21.273,11.33,0,21.273,0,1,0.76,0.129,0.916,1.676,0,1,0.811,0.129,0.568,1.38,0,1,0.535,0.129,0,0.535,0,1,0.579,0.129,0.263,0.842,0,1,0,0,0.151,0,0.833,0,0,0.108,0,0.833,13.254,0,13.254,0,83.248,7.95,0,83.248,0,1,0,0,0,0,0,0,0,0,1.348,0,5.37,4.861,11.622
STP2024,STP,STP,São Tomé and Príncipe,2024,0,5.575,1.324,0,5.575,0,1,7.124,3.971,0,7.124,0,1,12.193,7.942,0,12.193,0,1,11.021,1.49,0,11.021,0,1,12.345,2.887,0,12.345,0,1,20.286,10.804,0,20.286,0,1,0.724,0.132,0.943,1.667,0,1,0.75,0.132,0.608,1.359,0,1,0.513,0.132,0,0.513,0,1,0.591,0.132,0.273,0.864,0,1,0,0,0.151,0,0.833,0,0,0.108,0,0.833,13.646,0,13.646,0,82.588,7.95,0,82.588,0,1,0,0,0,0,0,0,0,0,1.387,0,5.529,4.251,10.168
TWN2021,TWN,TWN,Taiwan Province of China,2021,0.05,5.74,1.143,-0.287,5.453,0,1,9.509,3.43,-0.257,9.252,0,1,11.456,6.86,-0.287,11.728,0.05,1,13.238,1.462,-5.041,8.197,0,1,10,1.968,-2.298,7.702,0,1,14.207,6.973,-5.862,8.762,0,0,0.621,0.114,0.361,1.03,0.05,1,0.593,0.114,0.249,0.885,0.05,1,0.44,0.114,0.056,0.521,0.05,0,0.56,0.114,0.568,1.184,0.05,1,0,-0.006,0.091,0,0.667,0,-0.006,0.09,0.05,0.833,11.787,0,11.787,0,81.695,7.95,-3.178,82.444,0.05,1,0,0,0,0,0,0,0,0,1.198,0,6.576,4.597,12.71
TWN2022,TWN,TWN,Taiwan Province of China,2022,0.05,11.661,1.235,-1.919,9.742,0,1,13.326,3.704,-1.867,11.459,0,1,17.834,7.408,-1.86,16.711,0.05,1,22.485,2.359,-7.48,15.005,0,1,19.339,3.585,-11.958,7.381,0,1,24.094,11.506,-16.115,8.378,0,0,0.847,0.123,0.15,1.047,0.05,1,0.947,0.123,-0.069,0.921,0.05,1,0.589,0.123,-0.122,0.49,0.05,0,0.689,0.123,0.909,1.678,0.05,1,0,-0.03,0.091,0,0.667,0,-0.03,0.086,0.05,0.833,12.729,0,12.729,0,102.477,7.95,0.502,108.127,0.05,1,0,0,0,0,0,0,0,0,1.294,0,7.101,10.426,21.866
TWN2023,TWN,TWN,Taiwan Province of China,2023,0.05,8.884,1.272,-0.134,8.75,0,1,10.507,3.817,-0.096,10.411,0,1,15.246,7.634,-0.05,15.868,0.05,1,14.584,1.634,1.219,15.803,0,1,11.489,2.288,-4.428,7.061,0,1,16.55,8.198,-8.917,8.015,0,0,0.749,0.129,0.202,0.999,0.05,1,0.783,0.129,0.065,0.889,0.05,1,0.527,0.129,-0.081,0.469,0.05,0,0.64,0.129,0.788,1.499,0.05,1,0,-0.004,0.102,0,0.667,0,-0.004,0.084,0.05,0.833,13.254,0,13.254,0,87.079,7.95,7.882,99.71,0.05,1,0,0,0,0,0,0,0,0.021,1.348,0,7.394,7.744,13.914
TWN2024,TWN,TWN,Taiwan Province of China,2024,0.05,7.138,1.31,-0.122,7.016,0,1,10.498,3.93,-0.09,10.409,0,1,13.688,7.859,-0.03,14.243,0.05,1,12.519,1.581,0.103,12.622,0,1,8.909,1.952,-0.01,8.899,0,1,14.196,7.22,-4.845,9.818,0,0,0.72,0.132,0.191,0.956,0.05,1,0.734,0.132,0.074,0.848,0.05,1,0.51,0.132,-0.077,0.455,0.05,0,0.652,0.132,0.691,1.41,0.05,1,0,-0.003,0.128,0,0.667,0,-0.005,0.087,0.05,0.833,13.646,0,13.646,0,86.385,7.95,2.875,93.724,0.05,1,0,0,0,0,0,0,0,0.021,1.387,0,7.613,5.922,12.217
TJK2021,TJK,TJK,Tajikistan,2021,0.18,1.939,0.597,0,1.939,0,1,3.14,1.792,0,3.14,0,1,4.926,3.584,-0.422,4.503,0,1,5.856,0.57,0,5.856,0,1,6.998,1.216,0,6.998,0,1,13.848,6.041,0,16.34,0.18,1,0.619,0.114,0.044,0.782,0.18,1,0.599,0.114,0.11,0.837,0.18,1,0.439,0.114,-0.028,0.411,0,1,0.505,0.114,0.619,1.326,0.18,1,0,0,0.05,0,0.833,0,0,0.021,0.18,0.833,11.787,0,11.787,0,78.125,7.95,0,92.188,0.18,1,0,0,0,0,0,0,0,0.955,1.198,0.003,4.776,4.41,15.162
TJK2022,TJK,TJK,Tajikistan,2022,0.18,2.162,0.647,0,2.162,0,1,3.467,1.942,0,3.467,0,1,5.398,3.883,-0.442,4.956,0,1,6.324,0.616,0,6.324,0,1,7.557,1.313,0,7.557,0,1,14.951,6.522,0.199,17.643,0.18,1,0.861,0.123,0.03,1.037,0.18,1,0.986,0.123,0.081,1.243,0.18,1,0.598,0.123,-0.03,0.568,0,1,0.612,0.123,0.675,1.499,0.18,1,0,0,0.051,0,0.833,0,0,0.021,0.18,0.833,12.729,0,12.729,0,97.9,7.95,1.087,112.585,0.15,1,0,0,0,0,0,0,0,0.952,1.294,0.004,5.158,5.842,31.326
TJK2023,TJK,TJK,Tajikistan,2023,0.18,2.124,0.674,0,2.124,0,1,3.499,2.022,0,3.499,0,1,5.494,4.044,-0.483,5.011,0,1,6.585,0.641,0,6.585,0,1,7.869,1.367,0,7.869,0,1,15.569,6.792,0.31,18.371,0.18,1,0.76,0.129,0.055,0.944,0.18,1,0.811,0.129,0.121,1.079,0.18,1,0.535,0.129,-0.031,0.504,0,1,0.579,0.129,0.719,1.502,0.18,1,0,0,0.059,0,0.833,0,0,0.025,0.18,0.833,13.254,0,13.254,0,83.248,7.95,1.383,95.735,0.15,1,0,0,0,0,0,0,0,0.952,1.348,0.004,5.37,3.466,11.622
TJK2024,TJK,TJK,Tajikistan,2024,0.18,2.161,0.694,0,2.161,0,1,3.554,2.082,0,3.554,0,1,5.63,4.163,-0.502,5.128,0,1,6.78,0.66,0,6.78,0,1,8.101,1.407,0,8.101,0,1,16.028,6.992,0.393,18.913,0.18,1,0.724,0.132,0.069,0.913,0.18,1,0.75,0.132,0.14,1.025,0.18,1,0.513,0.132,-0.032,0.481,0,1,0.591,0.132,0.747,1.542,0.18,1,0,0,0.061,0,0.833,0,0,0.025,0.18,0.833,13.646,0,13.646,0,82.588,7.95,1.687,94.976,0.15,1,0,0,0,0,0,0,0,0.952,1.387,0.004,5.529,3.027,10.168
TZA2021,TZA,TZA,Tanzania,2021,0.18,1.77,0.572,0,1.77,0,1,2.913,1.715,0,2.913,0,1,4.628,3.43,0,5.461,0.18,1,2.092,0.154,7.294,9.386,0,1,2.664,0.36,6.722,9.386,0,1,6.093,2.264,6.221,14.531,0.18,1,0.619,0.114,0.359,0.978,0,1,0.599,0.114,0.319,0.918,0,1,0.439,0.114,0,0.518,0.18,1,0.505,0.114,0.373,0.877,0,1,0,0.015,0.068,0,0,0,0.022,0.102,0.18,0,11.787,0,11.787,0,78.125,7.95,41.185,140.786,0.18,1,0,0,0,0,0,0,0,1,1.198,1,1.52,4.753,15.162
TZA2022,TZA,TZA,Tanzania,2022,0.18,1.911,0.617,0,1.911,0,1,3.146,1.852,0,3.146,0,1,4.998,3.704,0.067,5.898,0.18,1,2.259,0.166,13.738,15.997,0,1,2.876,0.389,13.121,15.997,0,1,6.581,2.445,11.688,21.557,0.18,1,0.861,0.123,0.267,1.128,0,1,0.986,0.123,0.091,1.077,0,1,0.598,0.123,0.008,0.705,0.18,1,0.612,0.123,0.438,1.05,0,1,0,0.015,0.068,0,0,0,0.022,0.102,0.18,0,12.729,0,12.729,0,97.9,7.95,75.864,205.042,0.18,1,0,0,0,0,0,0,0,1,1.294,1,1.642,10.485,31.326
TZA2023,TZA,TZA,Tanzania,2023,0.18,1.99,0.643,0,1.99,0,1,3.276,1.928,0,3.276,0,1,5.205,3.857,0.104,6.141,0.18,1,2.352,0.173,2.122,4.474,0,1,2.995,0.405,4.815,7.81,0,1,6.852,2.546,4.256,13.107,0.18,1,0.76,0.129,0.503,1.264,0,1,0.811,0.129,0.531,1.342,0,1,0.535,0.129,0.011,0.631,0.18,1,0.579,0.129,0.754,1.334,0,1,0,0.014,0.065,0,0,0,0.022,0.098,0.18,0,13.254,0,13.254,0,83.248,7.95,85.849,199.534,0.18,1,0,0,0,0,0,0,0,1,1.348,1,1.71,4.861,11.622
TZA2024,TZA,TZA,Tanzania,2024,0.18,2.049,0.662,0,2.049,0,1,3.373,1.985,0,3.373,0,1,5.358,3.971,0.131,6.323,0.18,1,2.422,0.178,2.184,4.606,0,1,3.084,0.417,4.957,8.041,0,1,7.054,2.621,4.662,13.494,0.18,1,0.724,0.132,0.494,1.219,0,1,0.75,0.132,0.454,1.204,0,1,0.513,0.132,0.013,0.605,0.18,1,0.591,0.132,0.575,1.166,0,1,0,0.013,0.06,0,0,0,0.02,0.09,0.18,0,13.646,0,13.646,0,82.588,7.95,79.341,191.076,0.18,1,0,0,0,0,0,0,0,1,1.387,1,1.76,4.251,10.168
THA2021,THA,THA,Thailand,2021,0.07,6.669,1.143,-0.86,5.809,0,1,7.964,3.43,-1.86,6.104,0,1,10.464,6.86,-1.86,9.206,0.07,1,10.907,0.728,0,10.907,0,1,11.676,1.449,0,11.676,0,1,14.754,7.241,-6.208,9.144,0,0,0.621,0.114,0.21,0.889,0.07,1,0.593,0.114,0.213,0.862,0.07,1,0.421,0.109,-0.123,0.319,0,1,0.56,0.114,-0.109,0.482,0.07,1,0,0,0.094,0,1,0,0,0.118,0.07,0.833,11.787,0,11.787,0,81.695,7.95,37.903,127.971,0.07,1,0,0,0,0,0,0,0,0,1.198,0.654,7.139,3.604,20.842
THA2022,THA,THA,Thailand,2022,0.07,9.582,1.12,-0.689,8.893,0,1,8.546,3.359,-1.769,6.777,0,1,13.105,6.718,-1.71,12.13,0.07,1,17.559,1.172,-3.802,13.757,0,1,18.419,2.286,-3.802,14.617,0,1,21.86,10.439,-13.276,9.185,0,0,0.847,0.123,0.156,1.073,0.07,1,0.947,0.123,-0.034,0.977,0.07,1,0.473,0.098,-0.155,0.341,0,1,0.689,0.123,0.066,0.808,0.07,1,0,-0.034,0.099,0,1,0,-0.034,0.121,0.07,0.833,12.729,0,12.729,0,102.477,7.95,37.759,149.279,0.07,1,0,0,0,0,0,0,0,0.186,1.294,0.606,7.71,7.554,37.311
THA2023,THA,THA,Thailand,2023,0.07,7.144,1.152,0.56,7.704,0,1,6.926,3.455,-0.565,6.362,0,1,10.742,6.911,-0.486,10.89,0.07,1,11.311,0.755,-0.851,10.459,0,1,12.246,1.52,-0.851,11.395,0,1,15.99,7.921,-6.148,10.531,0,0,0.749,0.129,0.23,1.047,0.07,1,0.783,0.129,0.107,0.952,0.07,1,0.41,0.098,-0.037,0.399,0,1,0.64,0.129,-0.012,0.671,0.07,1,0,0,0.116,0,1,0,0,0.133,0.07,0.833,13.254,0,13.254,0,87.079,7.95,44.946,140.181,0.07,1,0,0,0,0,0,0,0,0.208,1.348,0.544,8.028,4.484,15.087
THA2024,THA,THA,Thailand,2024,0.07,6.478,1.186,0.641,7.119,0,1,6.343,3.557,-0.517,5.826,0,1,10.182,7.115,-0.425,10.342,0.07,1,10.691,0.713,-0.78,9.911,0,1,11.654,1.446,-0.78,10.875,0,1,14.027,7.134,-4.13,10.589,0,0,0.72,0.132,0.258,1.046,0.07,1,0.734,0.132,0.154,0.95,0.07,1,0.407,0.105,-0.037,0.396,0,1,0.652,0.132,-0.006,0.685,0.07,1,0,0,0.1,0,1,0,0,0.122,0.07,0.833,13.646,0,13.646,0,86.385,7.95,47.384,141.781,0.07,1,0,0,0,0,0,0,0,0.208,1.387,0.544,8.265,3.509,13.12
TLS2021,TLS,TLS,Timor-Leste,2021,0.025,4.747,1.143,0,4.747,0,1,7.964,3.43,0,7.964,0,1,10.464,6.86,0,10.726,0.025,1,10.535,1.3,0,10.535,0,1,11.678,2.546,0,11.678,0,1,18.538,9.619,0,19.002,0.025,1,0.621,0.114,0,0.636,0.025,1,0.593,0.114,0,0.608,0.025,1,0.44,0.114,0,0.451,0.025,1,0.56,0.114,0,0.574,0.025,1,0,0,0,0,1,0,0,0,0.025,1,11.787,0,11.787,0,81.695,7.95,0,83.738,0.025,1,0,0,0,0,0,0,0,0,1.198,0,4.776,3.604,9.408
TLS2022,TLS,TLS,Timor-Leste,2022,0.025,8.788,1.235,0,8.788,0,1,9.783,3.704,0,9.783,0,1,14.962,7.408,0.028,15.336,0.025,1,8.529,1.052,0,8.529,0,1,9.763,2.128,0,9.763,0,1,17.171,8.91,0.032,17.601,0.025,1,0.847,0.123,0.002,0.868,0.025,1,0.947,0.123,0.002,0.97,0.025,1,0.589,0.123,0.001,0.603,0.025,1,0.689,0.123,0.001,0.706,0.025,1,0,0,0,0,1,0,0,0,0.025,1,12.729,0,12.729,0,102.477,7.95,0.19,105.038,0.025,1,0,0,0,0,0,0,0,0,1.294,0,5.158,7.554,16.097
TLS2023,TLS,TLS,Timor-Leste,2023,0.025,5.77,1.286,0,5.77,0,1,7.886,3.857,0,7.886,0,1,12.198,7.714,0.034,12.503,0.025,1,8.094,0.999,0,8.094,0,1,9.38,2.045,0,9.38,0,1,17.094,8.87,0.047,17.521,0.025,1,0.749,0.129,0.002,0.768,0.025,1,0.783,0.129,0.002,0.802,0.025,1,0.527,0.129,0.001,0.541,0.025,1,0.64,0.129,0.002,0.656,0.025,1,0,0,0,0,1,0,0,0,0.025,1,13.254,0,13.254,0,87.079,7.95,0.241,89.256,0.025,1,0,0,0,0,0,0,0,0,1.348,0,5.37,4.484,12.529
TLS2024,TLS,TLS,Timor-Leste,2024,0.025,4.833,1.324,0,4.833,0,1,7.124,3.971,0,7.124,0,1,11.451,7.942,0.039,11.737,0.025,1,7.751,0.956,0,7.751,0,1,9.075,1.978,0,9.075,0,1,17.016,8.829,0.058,17.442,0.025,1,0.72,0.132,0.002,0.738,0.025,1,0.734,0.132,0.002,0.752,0.025,1,0.51,0.132,0.002,0.523,0.025,1,0.652,0.132,0.002,0.668,0.025,1,0,0,0,0,1,0,0,0,0.025,1,13.646,0,13.646,0,86.385,7.95,0.294,88.545,0.025,1,0,0,0,0,0,0,0,0,1.387,0,5.529,3.509,10.896
TGO2021,TGO,TGO,Togo,2021,0.18,5.897,1.143,0,5.897,0,1,7.964,3.43,0,7.964,0,1,11.613,6.86,-3.887,9.117,0,0,3.845,0.52,0,3.845,0,1,4.988,1.166,0,4.988,0,1,11.848,6.31,0,13.981,0.18,1,0.619,0.114,0.102,0.851,0.18,1,0.599,0.114,0.151,0.885,0.18,1,0.439,0.114,-0.021,0.494,0.18,1,0.505,0.114,0.091,0.703,0.18,1,0,0,0.157,0,0.5,0,0,0.23,0.18,0.333,11.787,0,11.787,0,78.125,7.95,0,92.188,0.18,1,0,0,0,0,0,0,0,0,1.198,0,4.776,4.753,15.162
TGO2022,TGO,TGO,Togo,2022,0.18,11.72,1.235,0,11.72,0,1,9.783,3.704,0,9.783,0,1,17.893,7.408,-8.955,10.547,0,0,4.152,0.561,0,4.152,0,1,5.387,1.26,0,5.387,0,1,12.795,6.815,0.17,15.098,0.18,1,0.861,0.123,-0.005,1.01,0.18,1,0.986,0.123,-0.014,1.147,0.18,1,0.598,0.123,-0.134,0.548,0.18,1,0.612,0.123,0.159,0.91,0.18,1,0,0,0.14,0,0.5,0,0,0.205,0.18,0.333,12.729,0,12.729,0,97.9,7.95,1.304,115.522,0.18,1,0,0,0,0,0,0,0,0,1.294,0,5.158,10.485,31.326
TGO2023,TGO,TGO,Togo,2023,0.18,6.147,1.286,0,6.147,0,1,7.886,3.857,0,7.886,0,1,12.575,7.714,-3.114,11.164,0,0,4.324,0.584,0,4.324,0,1,5.609,1.312,0,5.609,0,1,13.323,7.096,0.266,15.722,0.18,1,0.76,0.129,0.218,1.154,0.18,1,0.811,0.129,0.306,1.319,0.18,1,0.535,0.129,0.086,0.732,0.18,1,0.579,0.129,0.329,1.072,0.18,1,0,0,0.189,0,0.5,0,0,0.211,0.18,0.333,13.254,0,13.254,0,83.248,7.95,1.659,98.233,0.18,1,0,0,0,0,0,0,0,0,1.348,0,5.37,4.861,11.622
TGO2024,TGO,TGO,Togo,2024,0.18,5.575,1.324,0,5.575,0,1,7.124,3.971,0,7.124,0,1,12.193,7.942,-2.9,10.966,0,0,11.492,1.553,0,11.492,0,1,12.815,2.997,0,12.815,0,1,20.757,11.055,0.509,24.493,0.18,1,0.724,0.132,0.252,1.152,0.18,1,0.75,0.132,0.324,1.267,0.18,1,0.513,0.132,0.08,0.7,0.18,1,0.591,0.132,0.317,1.072,0.18,1,0,0,0.152,0,0.5,0,0,0.211,0.18,0.333,13.646,0,13.646,0,82.588,7.95,2.025,97.454,0.18,1,0,0,0,0,0,0,0,0,1.387,0,5.529,4.251,10.168
TON2021,TON,TON,Tonga,2021,0.15,4.747,1.143,0,4.747,0,1,7.964,3.43,0,7.964,0,1,10.464,6.86,0,12.034,0.15,1,5.584,0.689,0,5.584,0,1,6.727,1.467,0,6.727,0,1,13.587,7.05,0,15.625,0.15,1,0.621,0.114,0,0.714,0.15,1,0.593,0.114,0,0.682,0.15,1,0.44,0.114,0,0.506,0.15,1,0.56,0.114,0,0.644,0.15,1,0,0,0,0,1,0,0,0,0.15,1,11.787,0,11.787,0,81.695,7.95,0,93.95,0.15,1,0,0,0,0,0,0,0,0,1.198,0,4.776,3.604,9.408
TON2022,TON,TON,Tonga,2022,0.15,8.788,1.235,0,8.788,0,1,9.783,3.704,0,9.783,0,1,14.962,7.408,0.166,17.206,0.15,1,6.03,0.744,0,6.03,0,1,7.265,1.584,0,7.265,0,1,14.673,7.614,0.163,16.874,0.15,1,0.847,0.123,0.009,0.974,0.15,1,0.947,0.123,0.011,1.089,0.15,1,0.589,0.123,0.007,0.677,0.15,1,0.689,0.123,0.008,0.792,0.15,1,0,0,0,0,1,0,0,0,0.15,1,12.729,0,12.729,0,102.477,7.95,1.138,117.848,0.15,1,0,0,0,0,0,0,0,0,1.294,0,5.158,7.554,16.097
TON2023,TON,TON,Tonga,2023,0.15,5.77,1.286,0,5.77,0,1,7.886,3.857,0,7.886,0,1,12.198,7.714,0.203,14.028,0.15,1,6.279,0.775,0,6.279,0,1,7.565,1.649,0,7.565,0,1,15.279,7.928,0.254,17.571,0.15,1,0.749,0.129,0.012,0.861,0.15,1,0.783,0.129,0.013,0.9,0.15,1,0.527,0.129,0.009,0.607,0.15,1,0.64,0.129,0.011,0.736,0.15,1,0,0,0,0,1,0,0,0,0.15,1,13.254,0,13.254,0,87.079,7.95,1.446,100.141,0.15,1,0,0,0,0,0,0,0,0,1.348,0,5.37,4.484,12.529
TON2024,TON,TON,Tonga,2024,0.15,4.833,1.324,0,4.833,0,1,7.124,3.971,0,7.124,0,1,11.451,7.942,0.234,13.168,0.15,1,6.465,0.798,0,6.465,0,1,7.788,1.698,0,7.788,0,1,15.73,8.162,0.321,18.09,0.15,1,0.72,0.132,0.015,0.828,0.15,1,0.734,0.132,0.015,0.844,0.15,1,0.51,0.132,0.01,0.587,0.15,1,0.652,0.132,0.013,0.75,0.15,1,0,0,0,0,1,0,0,0,0.15,1,13.646,0,13.646,0,86.385,7.95,1.765,99.343,0.15,1,0,0,0,0,0,0,0,0,1.387,0,5.529,3.509,10.896
TTO2021,TTO,TTO,Trinidad and Tobago,2021,0.125,5.897,1.143,0,5.897,0,1,7.964,3.43,0,7.964,0,1,11.613,6.86,0,13.065,0.125,1,7.417,0.814,0,7.417,0,1,7.988,1.553,0,7.988,0,1,11.418,5.386,0,12.845,0.125,1,0.649,0.114,-0.25,0.449,0,0,0.577,0.114,-0.133,0.499,0,1,0.458,0.114,-0.244,0.215,0,0,0.491,0.114,-0.137,0.354,0,0,0,-0.032,0.053,0,0,0,-0.032,0.052,0,0.167,11.787,0,11.787,0,78.125,7.95,-31.153,46.972,0,0,0,0,0,0,0,0,0,0,1.198,1,6.845,4.753,14.129
TTO2022,TTO,TTO,Trinidad and Tobago,2022,0.125,11.72,1.235,0,11.72,0,1,9.783,3.704,0,9.783,0,1,17.893,7.408,0.166,20.13,0.125,1,8.009,0.879,0,8.009,0,1,8.627,1.678,0,8.627,0,1,12.331,5.817,0.114,13.872,0.125,1,0.896,0.123,-0.281,0.693,0,0,0.89,0.123,-0.383,0.57,0,1,0.62,0.123,-0.263,0.357,0,0,0.608,0.123,-0.148,0.46,0,0,0,-0.032,0.053,0,0,0,-0.032,0.052,0,0.167,12.729,0,12.729,0,97.9,7.95,-33.643,64.257,0,0,0,0,0,0,0,0,0,0,1.294,1,7.392,10.485,28.059
TTO2023,TTO,TTO,Trinidad and Tobago,2023,0.125,6.147,1.286,0,6.147,0,1,7.886,3.857,0,7.886,0,1,12.575,7.714,0.174,14.147,0.125,1,8.34,0.915,0,8.34,0,1,8.983,1.747,0,8.983,0,1,12.84,6.057,0.178,14.445,0.125,1,0.791,0.129,-0.196,0.595,0,0,0.618,0.129,-0.042,0.576,0,1,0.554,0.129,-0.274,0.281,0,0,0.557,0.129,-0.154,0.403,0,0,0,-0.032,0.053,0,0,0,-0.032,0.052,0,0.167,13.254,0,13.254,0,83.248,7.95,-35.031,48.217,0,0,0,0,0,0,0,0,0,0,1.348,1,7.697,4.861,9.261
TTO2024,TTO,TTO,Trinidad and Tobago,2024,0.125,5.575,1.324,0,5.575,0,1,7.124,3.971,0,7.124,0,1,12.193,7.942,0.208,13.717,0.125,1,8.26,0.906,0,8.26,0,1,8.922,1.735,0,8.922,0,1,12.892,6.082,0.22,14.504,0.125,1,0.756,0.132,-0.195,0.561,0,0,0.655,0.132,-0.061,0.594,0,1,0.534,0.132,-0.282,0.252,0,0,0.568,0.132,-0.158,0.409,0,0,0,-0.033,0.053,0,0,0,-0.033,0.055,0,0.167,13.646,0,13.646,0,82.588,7.95,-36.065,46.523,0,0,0,0,0,0,0,0,0,0,1.387,1,7.598,4.251,7.598
TUN2021,TUN,TUN,Tunisia,2021,0.19,5.897,1.143,0,5.897,0,1,7.964,3.43,0,7.964,0,1,11.613,6.86,0,13.82,0.19,1,6.869,0.913,1.348,8.217,0,1,7.788,1.788,0.429,8.217,0,1,13.299,6.969,-9.521,4.496,0,0,0.621,0.114,-0.045,0.685,0.19,1,0.593,0.114,-0.103,0.583,0,1,0.44,0.114,-0.348,0.109,0,0,0.56,0.114,-0.317,0.29,0,0,0,0,0.097,0,0.667,0,0,0.022,0.19,0.333,11.787,0,11.787,0,81.695,7.95,-44.854,43.842,0,0,0,0,0,0,0,0,0,0,1.198,0.393,5.951,4.753,14.162
TUN2022,TUN,TUN,Tunisia,2022,0.19,11.72,1.235,0,11.72,0,1,9.783,3.704,0,9.783,0,1,17.893,7.408,0.252,21.293,0.19,1,7.425,0.987,0.741,8.167,0,1,8.424,1.934,-0.257,8.167,0,1,14.416,7.554,-10.788,4.318,0,0,0.847,0.123,-0.257,0.702,0.19,1,0.947,0.123,-0.443,0.599,0,1,0.589,0.123,-0.495,0.111,0,0,0.689,0.123,-0.457,0.276,0,0,0,0,0.094,0,0.667,0,0,0.02,0.19,0.333,12.729,0,12.729,0,102.477,7.95,-63.257,46.672,0,0,0,0,0,0,0,0,0,0,1.294,0.382,6.427,10.485,30.326
TUN2023,TUN,TUN,Tunisia,2023,0.19,6.147,1.286,0,6.147,0,1,7.886,3.857,0,7.886,0,1,12.575,7.714,0.265,14.964,0.19,1,7.747,1.03,0.797,8.544,0,1,8.802,2.021,-0.258,8.544,0,1,15.132,7.929,-11.666,4.124,0,0,0.749,0.129,-0.105,0.766,0.19,1,0.783,0.129,-0.228,0.66,0,1,0.527,0.129,-0.431,0.115,0,0,0.64,0.129,-0.383,0.306,0,0,0,0,0.094,0,0.667,0,0,0.02,0.19,0.333,13.254,0,13.254,0,87.079,7.95,-45.856,49.056,0,0,0,0,0,0,0,0,0,0,1.348,0.359,6.692,4.861,10.622
TUN2024,TUN,TUN,Tunisia,2024,0.19,5.575,1.324,0,5.575,0,1,7.124,3.971,0,7.124,0,1,12.193,7.942,0.316,14.509,0.19,1,7.975,1.06,0.82,8.796,0,1,9.062,2.081,-0.266,8.796,0,1,15.579,8.163,-11.333,4.246,0,0,0.72,0.132,-0.078,0.764,0.19,1,0.734,0.132,-0.178,0.661,0,1,0.51,0.132,-0.414,0.115,0,0,0.652,0.132,-0.338,0.314,0,0,0,0,0.099,0,0.667,0,0,0.018,0.19,0.333,13.646,0,13.646,0,86.385,7.95,-54.53,37.908,0,0,0,0,0,0,0,0,0,0,1.387,0.359,6.889,4.251,9.168
TUR2021,TUR,TUR,Turkiye,2021,0.18,0.786,0.172,-0.148,0.637,0,1,2.255,1.022,0,2.255,0,1,3.306,2.049,-0.755,3.01,0,1,16.094,2.175,-9.53,6.564,0,1,17.228,4.028,-10.665,6.564,0,1,21.765,10.682,-16.601,6.094,0,0,0.619,0.114,0.139,0.895,0.18,1,0.599,0.114,0.117,0.845,0.18,1,0.439,0.114,0.046,0.572,0.18,1,0.505,0.114,0.226,0.862,0.18,1,0,0.002,0.076,0,1,0,0.004,0.096,0.18,1,11.787,0,11.787,0,78.125,7.95,25.739,122.559,0.18,1,0,0,0,0.213,0,0.046,0.102,0,1.198,0,2.456,4.41,15.162
TUR2022,TUR,TUR,Turkiye,2022,0.18,0.713,0.111,-0.09,0.623,0,1,2.942,1.215,0,2.942,0,1,4.042,1.98,-0.547,4.124,0,1,32.56,4.4,-12.85,19.71,0,1,33.795,7.901,-14.085,19.71,0,1,38.734,18.497,-33.019,6.743,0,0,0.861,0.123,0.167,1.213,0.18,1,0.986,0.123,0.16,1.353,0.18,1,0.598,0.123,-0.049,0.648,0.18,1,0.612,0.123,0.477,1.285,0.18,1,0,0.001,0.161,0,1,0,0.003,0.095,0.18,1,12.729,0,12.729,0,97.9,7.95,43.515,166.87,0.18,1,0,0,0,0.231,0,0.049,0.116,0,1.294,0,2.652,5.842,31.326
TUR2023,TUR,TUR,Turkiye,2023,0.18,1.246,0.284,-0.032,1.214,0,1,3.116,1.546,0,3.116,0,1,3.762,2.359,-0.34,4.038,0,1,12.908,1.744,-0.051,12.857,0,1,14.194,3.318,-1.336,12.857,0,1,19.336,9.579,-14.166,6.101,0,0,0.76,0.129,0.239,1.179,0.18,1,0.811,0.129,0.218,1.215,0.18,1,0.535,0.129,-0.034,0.591,0.18,1,0.579,0.129,0.382,1.134,0.18,1,0,0.001,0.112,0,1,0,0.002,0.076,0.18,1,13.254,0,13.254,0,83.248,7.95,42.358,149.472,0.19,1,0,0,0,0.24,0,0.194,0.14,0,1.348,0,2.762,3.466,11.622
TUR2024,TUR,TUR,Turkiye,2024,0.18,1.025,0.26,-0.081,0.944,0,1,3.313,1.805,0.172,3.484,0,1,4.506,2.983,-0.877,4.282,0,1,9.197,1.161,0.262,9.46,0,1,9.197,2.015,0.262,9.46,0,1,9.548,4.857,-4.764,5.645,0,0,0.724,0.132,0.364,1.284,0.18,1,0.75,0.132,0.341,1.287,0.18,1,0.513,0.132,0.078,0.698,0.18,1,0.591,0.132,0.359,1.122,0.18,1,0,0.001,0.088,0,1,0,0.001,0.06,0.18,1,13.646,0,13.646,0,82.588,7.95,41.944,148.193,0.19,1,0,0,0,0.247,0,0.339,0.156,0,1.387,0,2.843,3.027,10.168
TKM2021,TKM,TKM,Turkmenistan,2021,0.15,5.553,1.143,0.028,5.581,0,1,7.964,3.43,0.04,8.005,0,1,11.27,6.86,0.028,12.992,0.15,1,7.656,0.84,-5.659,1.997,0,0,7.847,1.526,-5.659,2.188,0,0,6.92,3.264,-4.621,2.299,0,0,0.619,0.114,-0.285,0.384,0,0,0.599,0.114,-0.273,0.375,0,0,0.439,0.114,0,0.505,0.15,1,0.505,0.114,0,0.58,0.15,1,0,-0.073,0,0,1,0,-0.073,0,0.15,1,11.787,0,11.787,0,78.125,7.95,0,89.844,0.15,1,0,0,0,0,0,0,0,0,1.198,1,2.347,4.41,14.129
TKM2022,TKM,TKM,Turkmenistan,2022,0.15,7.077,1.235,0.043,7.12,0,1,9.783,3.704,0.058,9.84,0,1,13.25,7.408,0.191,15.288,0.15,1,8.268,0.907,-6.111,2.157,0,0,8.474,1.648,-6.111,2.363,0,0,7.473,3.525,-4.99,2.483,0,0,0.861,0.123,-0.47,0.45,0,0,0.986,0.123,-0.652,0.385,0,0,0.598,0.123,0.007,0.688,0.15,1,0.612,0.123,0.007,0.704,0.15,1,0,-0.073,0,0,1,0,-0.073,0,0.15,1,12.729,0,12.729,0,97.9,7.95,1.087,112.585,0.15,1,0,0,0,0,0,0,0,0,1.294,1,2.535,5.842,28.059
TKM2023,TKM,TKM,Turkmenistan,2023,0.15,4.752,1.286,0.027,4.778,0,1,7.886,3.857,0.04,7.926,0,1,11.18,7.714,0.213,12.888,0.15,1,8.609,0.945,-6.363,2.246,0,0,8.824,1.716,-6.363,2.461,0,0,7.782,3.671,-5.196,2.586,0,0,0.76,0.129,-0.292,0.468,0,0,0.811,0.129,-0.411,0.401,0,0,0.535,0.129,0.009,0.615,0.15,1,0.579,0.129,0.01,0.666,0.15,1,0,-0.073,0,0,1,0,-0.073,0,0.15,1,13.254,0,13.254,0,83.248,7.95,1.383,95.735,0.15,1,0,0,0,0,0,0,0,0,1.348,1,2.639,3.466,9.261
TKM2024,TKM,TKM,Turkmenistan,2024,0.15,4.351,1.324,0.021,4.371,0,1,7.124,3.971,0.028,7.151,0,1,10.969,7.942,0.245,12.638,0.15,1,8.864,0.973,-6.551,2.312,0,0,9.084,1.767,-6.551,2.533,0,0,8.012,3.779,-5.35,2.662,0,0,0.724,0.132,-0.242,0.482,0,0,0.75,0.132,-0.338,0.412,0,0,0.513,0.132,0.01,0.59,0.15,1,0.591,0.132,0.012,0.68,0.15,1,0,-0.075,0,0,1,0,-0.075,0,0.15,1,13.646,0,13.646,0,82.588,7.95,1.687,94.976,0.15,1,0,0,0,0,0,0,0,0,1.387,1,2.717,3.027,7.598
TCA2021,TCA,TCA,Turks and Caicos Islands,2021,0,5.897,1.143,0,5.897,0,1,7.964,3.43,0,7.964,0,1,11.613,6.86,0,11.613,0,1,17.127,2.304,0,17.127,0,1,18.27,4.278,0,18.27,0,1,25.13,13.503,0,25.13,0,1,0.649,0.114,0,0.649,0,1,0.577,0.114,0,0.577,0,1,0.458,0.114,0,0.458,0,1,0.491,0.114,0,0.491,0,1,0,0,0,0,1,0,0,0,0,1,11.787,0,11.787,0,78.125,7.95,0,78.125,0,1,0,0,0,0,0,0,0,0,1.198,0,4.776,4.753,15.983
TCA2022,TCA,TCA,Turks and Caicos Islands,2022,0,11.72,1.235,0,11.72,0,1,9.783,3.704,0,9.783,0,1,17.893,7.408,0,17.893,0,1,30.728,4.133,0,30.728,0,1,31.963,7.485,0,31.963,0,1,39.371,21.155,0,39.371,0,1,0.896,0.123,0,0.896,0,1,0.89,0.123,0,0.89,0,1,0.62,0.123,0,0.62,0,1,0.608,0.123,0,0.608,0,1,0,0,0,0,1,0,0,0,0,1,12.729,0,12.729,0,97.9,7.95,0,97.9,0,1,0,0,0,0,0,0,0,0,1.294,0,5.158,10.485,29.494
TCA2023,TCA,TCA,Turks and Caicos Islands,2023,0,6.147,1.286,0,6.147,0,1,7.886,3.857,0,7.886,0,1,12.575,7.714,0,12.575,0,1,12.478,1.678,0,12.478,0,1,13.763,3.223,0,13.763,0,1,21.477,11.54,0,21.477,0,1,0.791,0.129,0,0.791,0,1,0.618,0.129,0,0.618,0,1,0.554,0.129,0,0.554,0,1,0.557,0.129,0,0.557,0,1,0,0,0,0,1,0,0,0,0,1,13.254,0,13.254,0,83.248,7.95,0,83.248,0,1,0,0,0,0,0,0,0,0,1.348,0,5.37,4.861,11.192
TCA2024,TCA,TCA,Turks and Caicos Islands,2024,0,5.575,1.324,0,5.575,0,1,7.124,3.971,0,7.124,0,1,12.193,7.942,0,12.193,0,1,11.447,1.54,0,11.447,0,1,12.771,2.991,0,12.771,0,1,20.712,11.129,0,20.712,0,1,0.756,0.132,0,0.756,0,1,0.655,0.132,0,0.655,0,1,0.534,0.132,0,0.534,0,1,0.568,0.132,0,0.568,0,1,0,0,0,0,1,0,0,0,0,1,13.646,0,13.646,0,82.588,7.95,0,82.588,0,1,0,0,0,0,0,0,0,0,1.387,0,5.529,4.251,10.123
TUV2021,TUV,TUV,Tuvalu,2021,0,4.747,1.143,0,4.747,0,1,7.964,3.43,0,7.964,0,1,10.464,6.86,0,10.464,0,1,10.551,1.302,0,10.551,0,1,11.694,2.549,0,11.694,0,1,18.554,9.627,0,18.554,0,1,0.621,0.114,0,0.621,0,1,0.593,0.114,0,0.593,0,1,0.44,0.114,0,0.44,0,1,0.56,0.114,0,0.56,0,1,0,0,0,0,1,0,0,0,0,1,11.787,0,11.787,0,81.695,7.95,0,81.695,0,1,0,0,0,0,0,0,0,0,1.198,0,4.776,3.604,9.408
TUV2022,TUV,TUV,Tuvalu,2022,0,8.788,1.235,0,8.788,0,1,9.783,3.704,0,9.783,0,1,14.962,7.408,0,14.962,0,1,17.332,2.139,0,17.332,0,1,18.566,4.048,0,18.566,0,1,25.974,13.478,0,25.974,0,1,0.847,0.123,0,0.847,0,1,0.947,0.123,0,0.947,0,1,0.589,0.123,0,0.589,0,1,0.689,0.123,0,0.689,0,1,0,0,0,0,1,0,0,0,0,1,12.729,0,12.729,0,102.477,7.95,0,102.477,0,1,0,0,0,0,0,0,0,0,1.294,0,5.158,7.554,16.097
TUV2023,TUV,TUV,Tuvalu,2023,0,5.77,1.286,0,5.77,0,1,7.886,3.857,0,7.886,0,1,12.198,7.714,0,12.198,0,1,13.814,1.705,0,13.814,0,1,15.1,3.292,0,15.1,0,1,22.814,11.838,0,22.814,0,1,0.749,0.129,0,0.749,0,1,0.783,0.129,0,0.783,0,1,0.527,0.129,0,0.527,0,1,0.64,0.129,0,0.64,0,1,0,0,0,0,1,0,0,0,0,1,13.254,0,13.254,0,87.079,7.95,0,87.079,0,1,0,0,0,0,0,0,0,0,1.348,0,5.37,4.484,12.529
TUV2024,TUV,TUV,Tuvalu,2024,0,4.833,1.324,0,4.833,0,1,7.124,3.971,0,7.124,0,1,11.451,7.942,0,11.451,0,1,12.219,1.508,0,12.219,0,1,13.543,2.952,0,13.543,0,1,21.484,11.148,0,21.484,0,1,0.72,0.132,0,0.72,0,1,0.734,0.132,0,0.734,0,1,0.51,0.132,0,0.51,0,1,0.652,0.132,0,0.652,0,1,0,0,0,0,1,0,0,0,0,1,13.646,0,13.646,0,86.385,7.95,0,86.385,0,1,0,0,0,0,0,0,0,0,1.387,0,5.529,3.509,10.896
UGA2021,UGA,UGA,Uganda,2021,0.18,5.897,1.143,0,5.897,0,1,7.964,3.43,0,7.964,0,1,11.613,6.86,0,13.704,0.18,1,16.222,2.193,0,16.222,0,1,17.366,4.061,0,17.366,0,1,24.226,12.902,0,28.586,0.18,1,0.619,0.114,0.332,1.123,0.18,1,0.599,0.114,0.273,1.029,0.18,1,0.439,0.114,0,0.518,0.18,1,0.505,0.114,0.275,0.921,0.18,1,0,0,0.097,0,0.833,0,0,0.208,0.18,1,11.787,0,11.787,0,78.125,7.95,38.776,137.943,0.18,1,0,0,0,0,0,0,0,0,1.198,0,4.776,4.753,15.162
UGA2022,UGA,UGA,Uganda,2022,0.18,11.72,1.235,0,11.72,0,1,9.783,3.704,0,9.783,0,1,17.893,7.408,0.238,21.114,0.18,1,32.521,4.395,0,32.521,0,1,33.755,7.893,0,33.755,0,1,41.163,21.923,0.548,48.573,0.18,1,0.861,0.123,0.386,1.472,0.18,1,0.986,0.123,0.183,1.38,0.18,1,0.598,0.123,0.008,0.705,0.18,1,0.612,0.123,0.216,0.977,0.18,1,0,0,0.102,0,0.833,0,0,0.222,0.18,1,12.729,0,12.729,0,97.9,7.95,53.103,178.184,0.18,1,0,0,0,0,0,0,0,0,1.294,0,5.158,10.485,31.326
UGA2023,UGA,UGA,Uganda,2023,0.18,6.147,1.286,0,6.147,0,1,7.886,3.857,0,7.886,0,1,12.575,7.714,0.251,14.839,0.18,1,12.019,1.624,0,12.019,0,1,13.305,3.111,0,13.305,0,1,21.019,11.194,0.419,24.802,0.18,1,0.76,0.129,0.458,1.438,0.18,1,0.811,0.129,0.292,1.302,0.18,1,0.535,0.129,0.011,0.631,0.18,1,0.579,0.129,0.259,0.97,0.18,1,0,0,0.106,0,0.833,0,0,0.217,0.18,1,13.254,0,13.254,0,83.248,7.95,65.199,171.745,0.18,1,0,0,0,0,0,0,0,0,1.348,0,5.37,4.861,11.622
UGA2024,UGA,UGA,Uganda,2024,0.18,5.575,1.324,0,5.575,0,1,7.124,3.971,0,7.124,0,1,12.193,7.942,0.299,14.388,0.18,1,10.789,1.458,0,10.789,0,1,12.112,2.832,0,12.112,0,1,20.054,10.681,0.492,23.664,0.18,1,0.724,0.132,0.513,1.425,0.18,1,0.75,0.132,0.36,1.279,0.18,1,0.513,0.132,0.013,0.605,0.18,1,0.591,0.132,0.272,0.994,0.18,1,0,0,0.084,0,0.833,0,0,0.195,0.18,1,13.646,0,13.646,0,82.588,7.95,68.931,174.514,0.18,1,0,0,0,0,0,0,0,0,1.387,0,5.529,4.251,10.168
UKR2021,UKR,UKR,Ukraine,2021,0.2,4.082,0.921,0.027,4.109,0,1,6,2.763,0.028,6.028,0,1,8.687,5.526,-0.639,9.657,0.2,1,5.302,0.528,1.836,7.138,0,1,6.026,1.072,1.112,7.138,0,1,10.371,4.636,-2.885,8.984,0,0,0.619,0.114,0.274,1.072,0.2,1,0.599,0.114,0.26,1.031,0.2,1,0.439,0.114,0.063,0.602,0.2,1,0.505,0.114,0,0.606,0.2,1,0,0,0,0,1,0,-0.032,0.057,0,1,11.787,0,11.787,0,78.125,7.95,0.751,94.651,0.2,1,0,0,0,0.18,0,0,0,0.389,1.198,0.733,4.823,4.41,15.162
UKR2022,UKR,UKR,Ukraine,2022,0.2,3.588,0.818,0.083,3.671,0,1,5.3,2.453,0.084,5.384,0,1,7.677,4.906,-0.351,8.663,0.2,1,5.91,0.588,1.843,7.753,0,1,6.632,1.18,9.459,16.09,0,1,10.964,4.901,-3.614,8.82,0,0,0.861,0.123,0.275,1.364,0.2,1,0.986,0.123,0.232,1.462,0.2,1,0.598,0.123,0.124,0.866,0.2,1,0.612,0.123,0.009,0.735,0.2,1,0,-0.007,0,0,1,0,-0.035,0.049,0,1,12.729,0,12.729,0,97.9,7.95,2.647,118.897,0.2,1,0,0,0,0.195,0,0,0,0.675,1.294,0.83,5.209,5.842,31.326
UKR2023,UKR,UKR,Ukraine,2023,0.2,2.767,0.824,0.071,2.838,0,1,4.572,2.471,0.073,4.645,0,1,6.885,4.941,-0.196,7.852,0.2,1,5.899,0.587,2.113,8.012,0,1,6.679,1.189,1.127,7.807,0,1,11.364,5.08,-5.279,7.302,0,0,0.76,0.129,0.391,1.381,0.2,1,0.811,0.129,0.348,1.392,0.2,1,0.535,0.129,0.05,0.701,0.2,1,0.579,0.129,0.013,0.695,0.2,1,0,-0.007,0,0,1,0,-0.035,0.065,0,1,13.254,0,13.254,0,83.248,7.95,2.897,101.135,0.2,1,0,0,0,0.203,0,0,0,0.719,1.348,0.786,5.424,3.466,11.622
UKR2024,UKR,UKR,Ukraine,2024,0.2,2.696,0.848,0.069,2.765,0,1,4.427,2.544,0.07,4.497,0,1,6.936,5.087,-0.165,7.909,0.2,1,6.073,0.605,2.175,8.248,0,1,6.877,1.224,0.39,7.267,0,1,11.699,5.23,-5.694,7.206,0,0,0.724,0.132,0.465,1.427,0.2,1,0.75,0.132,0.4,1.38,0.2,1,0.513,0.132,0.12,0.76,0.2,1,0.591,0.132,0.016,0.71,0.2,1,0,-0.008,0,0,1,0,-0.051,0.089,0,1,13.646,0,13.646,0,82.588,7.95,3.29,100.32,0.2,1,0,0,0,0.209,0,0,0,0.719,1.387,0.786,5.584,3.027,10.168
ARE2021,ARE,ARE,United Arab Emirates,2021,0.05,5.897,1.143,0.238,6.134,0,1,7.964,3.43,0.227,8.191,0,1,11.613,6.86,0.238,12.444,0.05,1,6.345,0.718,-2.843,3.501,0,0,7.088,1.412,-4.125,2.963,0,0,11.55,5.538,-4.43,7.12,0,0,0.621,0.114,-0.029,0.621,0.05,1,0.593,0.114,0.018,0.642,0.05,1,0.44,0.114,0,0.462,0.05,1,0.56,0.114,0,0.588,0.05,1,0,-0.017,0.063,0,0.333,0,-0.017,0.063,0,0.167,11.787,0,11.787,0,81.695,7.95,0,85.78,0.05,1,0,0,0,0,0,0,0,0,1.198,0.699,3.639,4.753,14.162
ARE2022,ARE,ARE,United Arab Emirates,2022,0.05,11.72,1.235,0.566,12.286,0,1,9.783,3.704,0.328,10.111,0,1,17.893,7.408,0.634,19.382,0.05,1,6.025,0.682,-3.071,2.955,0,0,6.824,1.36,-4.455,2.37,0,0,11.618,5.571,-4.575,7.043,0,0,0.847,0.123,0.037,0.927,0.05,1,0.947,0.123,0.031,1.027,0.05,1,0.589,0.123,0.002,0.618,0.05,1,0.689,0.123,0.003,0.723,0.05,1,0,-0.017,0.063,0,0.333,0,-0.017,0.063,0,0.167,12.729,0,12.729,0,102.477,7.95,0.379,107.6,0.05,1,0,0,0,0,0,0,0,0,1.294,0.706,3.93,10.485,30.326
ARE2023,ARE,ARE,United Arab Emirates,2023,0.05,6.147,1.286,0.273,6.42,0,1,7.886,3.857,0.227,8.113,0,1,12.575,7.714,0.344,13.491,0.05,1,6.143,0.695,-2.785,3.358,0,0,6.975,1.39,-4.226,2.749,0,0,11.962,5.736,-5.097,6.865,0,0,0.749,0.129,0.022,0.809,0.05,1,0.783,0.129,0.031,0.854,0.05,1,0.527,0.129,0.003,0.554,0.05,1,0.64,0.129,0.004,0.672,0.05,1,0,-0.017,0.063,0,0.333,0,-0.017,0.063,0,0.167,13.254,0,13.254,0,87.079,7.95,0.482,91.433,0.05,1,0,0,0,0,0,0,0,0,1.348,0.707,4.093,4.861,10.622
ARE2024,ARE,ARE,United Arab Emirates,2024,0.05,5.575,1.324,0.213,5.787,0,1,7.124,3.971,0.158,7.281,0,1,12.193,7.942,0.297,13.026,0.05,1,5.975,0.676,-2.868,3.108,0,0,6.831,1.361,-4.291,2.54,0,0,11.966,5.738,-4.904,7.062,0,0,0.72,0.132,0.013,0.77,0.05,1,0.734,0.132,0.017,0.788,0.05,1,0.51,0.132,0.003,0.536,0.05,1,0.652,0.132,0.004,0.685,0.05,1,0,-0.018,0.071,0,0.333,0,-0.018,0.062,0,0.167,13.646,0,13.646,0,86.385,7.95,0.588,90.705,0.05,1,0,0,0,0,0,0,0,0,1.387,0.707,4.213,4.251,9.168
GBR2021,GBR,GBR,United Kingdom,2021,0.2,4.347,0.951,4.105,8.452,0,1,4.719,2.139,2.239,6.958,0,1,16.992,10.53,0.095,20.504,0.2,1,25.664,2.835,-10.255,15.409,0,1,20.76,4.085,-7.711,13.049,0,1,27.865,13.676,-12.644,18.265,0.2,1,0.619,0.114,0.892,1.813,0.2,1,0.599,0.114,0.944,1.852,0.2,1,0.439,0.114,0.319,0.909,0.2,1,0.505,0.114,0.078,0.699,0.2,1,0,0.045,0.188,0,1,0,0.048,0.291,0.05,1,11.787,0,11.787,0,78.125,7.95,39.721,141.415,0.2,1,0,0,0,0,0,0.914,1.816,0,1.198,0,5.221,7.447,14.931
GBR2022,GBR,GBR,United Kingdom,2022,0.2,7.85,1.219,11.883,19.733,0,1,9.981,4.121,9.68,19.661,0,1,20.41,9.996,0.108,24.622,0.2,1,35.24,3.697,-5.161,30.078,0,1,30.427,5.641,-6.571,23.856,0,1,38.08,18.185,-11.196,32.261,0.2,1,0.861,0.123,0.836,2.037,0.2,1,0.986,0.123,0.853,2.208,0.2,1,0.598,0.123,0.154,0.902,0.2,1,0.612,0.123,0.327,1.127,0.2,1,0,0.034,0.254,0,1,0,0.043,0.415,0.05,1,12.729,0,12.729,0,97.9,7.95,95.393,231.952,0.2,1,0,0,0,0,0,1.12,1.89,0,1.294,0,5.638,19.027,24.415
GBR2023,GBR,GBR,United Kingdom,2023,0.2,12.936,2.946,11.178,24.114,0,1,14.03,6.958,9.073,23.103,0,1,30.588,19.182,0.122,36.852,0.2,1,22.551,2.526,9.079,31.63,0,1,17.789,3.543,7.601,25.39,0,1,25.748,12.755,2.682,34.116,0.2,1,0.76,0.129,0.772,1.839,0.2,1,0.811,0.129,0.841,1.983,0.2,1,0.535,0.129,0.264,0.958,0.2,1,0.579,0.129,0.183,0.915,0.2,1,0,0.037,0.345,0,1,0,0.072,0.433,0.05,1,13.254,0,13.254,0,83.248,7.95,83.386,199.961,0.2,1,0,0,0,0,0,0.989,1.703,0,1.348,0,5.871,9.155,11.675
GBR2024,GBR,GBR,United Kingdom,2024,0.2,13.133,3.327,7.055,20.188,0,1,14.313,7.797,4.935,19.248,0,1,31.19,20.649,0.125,37.578,0.2,1,32.277,4.076,2.671,34.948,0,1,19.634,4.301,2.779,22.414,0,1,27.108,13.788,-5.664,25.733,0.2,1,0.724,0.132,0.785,1.811,0.2,1,0.75,0.132,0.839,1.908,0.2,1,0.513,0.132,0.413,1.111,0.2,1,0.591,0.132,0.114,0.846,0.2,1,0,0.044,0.338,0,1,0,0.053,0.384,0.05,1,13.646,0,13.646,0,82.588,7.95,61.413,172.801,0.2,1,0,0,0,0,0,0.985,1.796,0,1.387,0,6.044,7.164,10.029
USA2021,USA,USA,United States,2021,0.07,1.586,0.347,0.187,1.774,0,1,2.349,1.065,0.113,2.462,0,1,4.852,3.468,0.087,5.284,0.07,1,4.712,0.521,0.11,4.822,0,1,8.75,1.722,0.062,8.812,0,1,11.64,5.713,-1.191,11.181,0,1,0.684,0.114,0.146,0.888,0.07,1,0.577,0.114,0.216,0.848,0.07,1,0.48,0.114,0.002,0.516,0.07,1,0.559,0.114,0.218,0.831,0.07,1,0,0.003,0.116,0,1,0,-0.003,0.156,0.07,1,11.787,0,11.787,0,67.79,7.95,10.466,83.734,0.07,1,0,0,0,0.229,0,1.013,1.649,0,1.364,0,3.624,3.136,3.624
USA2022,USA,USA,United States,2022,0.07,1.892,0.294,0.217,2.109,0,1,2.833,1.17,0.2,3.033,0,1,5.296,3.756,0.183,5.833,0.07,1,6.835,0.717,0.127,6.962,0,1,12.431,2.304,0.109,12.54,0,1,15.546,7.424,-1.527,15,0,1,0.937,0.123,0.111,1.121,0.07,1,0.89,0.123,0.334,1.31,0.07,1,0.646,0.123,0.007,0.695,0.07,1,0.8,0.123,0.414,1.299,0.07,1,0,0.003,0.14,0,1,0,-0.004,0.173,0.07,1,12.729,0,12.729,0,84.79,7.95,27.65,120.311,0.07,1,0,0,0,0.248,0,1.151,1.902,0,1.473,0,6.122,6.323,6.122
USA2023,USA,USA,United States,2023,0.07,2.008,0.457,0.246,2.254,0,1,3.383,1.678,0.288,3.671,0,1,5.451,3.894,0.268,6.072,0.07,1,3.187,0.357,0.144,3.331,0,1,9.375,1.867,0.156,9.531,0,1,12.623,6.253,-1.265,12.153,0,1,0.814,0.129,0.13,1.01,0.07,1,0.618,0.129,0.422,1.113,0.07,1,0.569,0.129,0.009,0.614,0.07,1,0.697,0.129,0.321,1.089,0.07,1,0,0.003,0.144,0,1,0,-0.004,0.169,0.07,1,13.254,0,13.254,0,68.569,7.95,41.73,118.02,0.07,1,0,0,0,0.258,0,1.25,2.124,0,1.534,0,2.445,3.961,2.445
USA2024,USA,USA,United States,2024,0.07,1.746,0.442,0.253,1.999,0,1,2.845,1.55,0.297,3.141,0,1,5.618,4.009,0.286,6.258,0.07,1,2.492,0.315,0.148,2.64,0,1,8.52,1.866,0.161,8.681,0,1,11.864,6.034,-1.285,11.319,0,1,0.75,0.132,0.148,0.96,0.07,1,0.655,0.132,0.275,0.995,0.07,1,0.529,0.132,0.01,0.572,0.07,1,0.666,0.132,0.284,1.016,0.07,1,0,0.003,0.149,0,1,0,-0.004,0.187,0.07,1,13.646,0,13.646,0,66.652,7.95,35.22,109.003,0.07,1,0,0,0,0.266,0,1.28,2.256,0,1.579,0,2.211,4.658,2.211
URY2021,URY,URY,Uruguay,2021,0.22,5.897,1.143,0,5.897,0,1,7.964,3.43,0,7.964,0,1,11.613,6.86,0,14.168,0.22,1,5.919,0.796,17.006,22.925,0,1,7.062,1.654,15.862,22.925,0,1,13.922,7.481,15.412,35.788,0.22,1,0.649,0.114,0.836,1.485,0,1,0.577,0.114,0.277,1.041,0.22,1,0.458,0.114,0.057,0.629,0.22,1,0.491,0.114,0.495,0.986,0,1,0,0,0.127,0,1,0,0,0.174,0.22,1,11.787,0,11.787,0,78.125,7.95,-4.62,89.676,0.22,1,0,0,0,0,0,0,0,0,1.198,0,4.776,4.753,15.983
URY2022,URY,URY,Uruguay,2022,0.22,11.72,1.235,0,11.72,0,1,9.783,3.704,0,9.783,0,1,17.893,7.408,0.291,21.83,0.22,1,6.392,0.86,18.365,24.757,0,1,7.627,1.786,17.13,24.757,0,1,15.035,8.079,17.16,38.649,0.22,1,0.896,0.123,0.885,1.781,0,1,0.89,0.123,0.19,1.318,0.22,1,0.62,0.123,-0.021,0.731,0.22,1,0.608,0.123,0.575,1.183,0,1,0,0,0.14,0,1,0,0,0.191,0.22,1,12.729,0,12.729,0,97.9,7.95,-6.28,111.777,0.22,1,0,0,0,0,0,0,0,0,1.294,0,5.158,10.485,29.494
URY2023,URY,URY,Uruguay,2023,0.22,5.067,1.119,0,5.067,0,1,6.689,3.356,0,6.689,0,1,10.661,6.712,0.26,13.006,0.22,1,6.656,0.895,19.123,25.779,0,1,7.942,1.86,17.837,25.779,0,1,15.656,8.412,18.135,40.244,0.22,1,0.791,0.129,1.077,1.868,0,1,0.618,0.129,0.544,1.418,0.22,1,0.554,0.129,0.251,0.983,0.22,1,0.557,0.129,0.88,1.437,0,1,0,0,0.155,0,1,0,0,0.219,0.22,1,13.254,0,13.254,0,83.248,7.95,15.681,120.693,0.22,1,0,0,0,0,0,0,0,0.26,1.348,0,5.37,4.861,11.192
URY2024,URY,URY,Uruguay,2024,0.22,4.659,1.152,0,4.659,0,1,6.149,3.455,0,6.149,0,1,10.418,6.91,0.312,12.71,0.22,1,6.853,0.922,19.687,26.54,0,1,8.176,1.915,18.364,26.54,0,1,16.118,8.66,18.861,41.432,0.22,1,0.756,0.132,1.136,1.892,0,1,0.655,0.132,0.379,1.262,0.22,1,0.534,0.132,0.316,1.037,0.22,1,0.568,0.132,0.812,1.38,0,1,0,0,0.153,0,1,0,0,0.228,0.22,1,13.646,0,13.646,0,82.588,7.95,13.137,116.785,0.22,1,0,0,0,0,0,0,0,0.26,1.387,0,5.529,4.251,10.123
UZB2021,UZB,UZB,Uzbekistan,2021,0.2,3.136,0.778,0.01,3.146,0,1,4.737,2.334,0.015,4.752,0,1,7.026,4.668,0.01,8.444,0.2,1,13.661,1.513,-4.056,9.605,0,0,13.05,2.56,-4.056,8.994,0,0,9.384,4.455,-8.596,0.945,0,0,0.619,0.114,0.041,0.792,0.2,1,0.599,0.114,0.005,0.725,0.2,1,0.439,0.114,0,0.527,0.2,1,0.505,0.114,0,0.606,0.2,1,0,-0.037,0.042,0,0.333,0,-0.037,0.028,0,0.333,11.787,0,11.787,0,78.125,7.95,0,93.75,0.2,1,0,0,0,0,0,0,0,0.639,1.198,0.956,4.715,4.41,14.129
UZB2022,UZB,UZB,Uzbekistan,2022,0.2,3.709,0.832,0.015,3.724,0,1,5.456,2.497,0.02,5.476,0,1,7.87,4.993,0.132,9.462,0.2,1,14.752,1.634,-4.374,10.378,0,0,14.092,2.764,-4.374,9.718,0,0,10.135,4.811,-9.378,0.908,0,0,0.861,0.123,-0.062,0.959,0.2,1,0.986,0.123,-0.108,1.054,0.2,1,0.598,0.123,0.009,0.717,0.2,1,0.612,0.123,0.009,0.735,0.2,1,0,-0.037,0.041,0,0.333,0,-0.037,0.027,0,0.333,12.729,0,12.729,0,97.9,7.95,1.449,117.48,0.2,1,0,0,0,0,0,0,0,0.652,1.294,0.956,5.091,5.842,28.059
UZB2023,UZB,UZB,Uzbekistan,2023,0.2,2.871,0.848,0.009,2.88,0,1,4.746,2.544,0.013,4.759,0,1,7.11,5.087,0.166,8.543,0.2,1,15.342,1.699,-4.563,10.779,0,0,14.663,2.877,-4.563,10.1,0,0,10.563,5.014,-9.851,0.855,0,0,0.76,0.129,0.016,0.931,0.2,1,0.811,0.129,0.003,0.978,0.2,1,0.535,0.129,0.012,0.642,0.2,1,0.579,0.129,0.013,0.695,0.2,1,0,-0.037,0.038,0,0.333,0,-0.037,0.025,0,0.333,13.254,0,13.254,0,83.248,7.95,1.843,99.898,0.2,1,0,0,0,0,0,0,0,0.681,1.348,0.952,5.302,3.466,9.261
UZB2024,UZB,UZB,Uzbekistan,2024,0.2,2.783,0.873,0.007,2.79,0,1,4.569,2.619,0.009,4.578,0,1,7.147,5.237,0.202,8.585,0.2,1,15.773,1.747,-4.178,11.595,0,0,15.077,2.958,-4.178,10.899,0,0,10.867,5.159,-10.128,0.887,0,0,0.724,0.132,-0.054,0.804,0.2,1,0.75,0.132,0.032,0.939,0.2,1,0.513,0.132,0.014,0.616,0.2,1,0.591,0.132,0.016,0.71,0.2,1,0,-0.038,0.065,0,0.333,0,-0.038,0.034,0,0.333,13.646,0,13.646,0,82.588,7.95,2.25,99.106,0.2,1,0,0,0,0,0,0,0,0.681,1.387,0.952,5.458,3.027,7.598
VUT2021,VUT,VUT,Vanuatu,2021,0.15,4.747,1.143,0,4.747,0,1,7.964,3.43,0,7.964,0,1,10.464,6.86,0,12.034,0.15,1,10.551,1.302,0,10.551,0,1,11.694,2.549,0,11.694,0,1,18.554,9.627,0,21.337,0.15,1,0.621,0.114,0.404,1.179,0.15,1,0.593,0.114,0.456,1.206,0.15,1,0.44,0.114,0,0.506,0.15,1,0.56,0.114,0,0.644,0.15,1,0,0,0,0,1,0,0,0,0.15,1,11.787,0,11.787,0,81.695,7.95,0,93.95,0.15,1,0,0,0,0,0,0,0,0,1.198,0,4.776,3.604,9.408
VUT2022,VUT,VUT,Vanuatu,2022,0.15,8.788,1.235,0,8.788,0,1,9.783,3.704,0,9.783,0,1,14.962,7.408,0.166,17.206,0.15,1,17.332,2.139,0,17.332,0,1,18.566,4.048,0,18.566,0,1,25.974,13.478,0.288,29.871,0.15,1,0.847,0.123,0.457,1.5,0.15,1,0.947,0.123,0.433,1.586,0.15,1,0.589,0.123,0.007,0.677,0.15,1,0.689,0.123,0.008,0.792,0.15,1,0,0,0,0,1,0,0,0,0.15,1,12.729,0,12.729,0,102.477,7.95,1.138,117.848,0.15,1,0,0,0,0,0,0,0,0,1.294,0,5.158,7.554,16.097
VUT2023,VUT,VUT,Vanuatu,2023,0.15,5.77,1.286,0,5.77,0,1,7.886,3.857,0,7.886,0,1,12.198,7.714,0.203,14.028,0.15,1,13.814,1.705,0,13.814,0,1,15.1,3.292,0,15.1,0,1,22.814,11.838,0.379,26.236,0.15,1,0.749,0.129,0.675,1.637,0.15,1,0.783,0.129,0.714,1.721,0.15,1,0.527,0.129,0.009,0.607,0.15,1,0.64,0.129,0.011,0.736,0.15,1,0,0,0,0,1,0,0,0,0.15,1,13.254,0,13.254,0,87.079,7.95,1.446,100.141,0.15,1,0,0,0,0,0,0,0,0,1.348,0,5.37,4.484,12.529
VUT2024,VUT,VUT,Vanuatu,2024,0.15,4.833,1.324,0,4.833,0,1,7.124,3.971,0,7.124,0,1,11.451,7.942,0.234,13.168,0.15,1,12.219,1.508,0,12.219,0,1,13.543,2.952,0,13.543,0,1,21.484,11.148,0.439,24.707,0.15,1,0.72,0.132,0.616,1.536,0.15,1,0.734,0.132,0.595,1.528,0.15,1,0.51,0.132,0.01,0.587,0.15,1,0.652,0.132,0.013,0.75,0.15,1,0,0,0,0,1,0,0,0,0.15,1,13.646,0,13.646,0,86.385,7.95,1.765,99.343,0.15,1,0,0,0,0,0,0,0,0,1.387,0,5.529,3.509,10.896
VEN2021,VEN,VEN,Venezuela,2021,0.16,1.77,0.572,0,1.77,0,1,2.913,1.715,0,2.913,0,1,4.628,3.43,0,5.369,0.16,1,6.395,0.469,-1.675,4.72,0,0,6.966,0.944,-1.675,5.292,0,0,10.396,3.907,-0.011,10.385,0,1,0.649,0.114,-0.64,0.01,0,0,0.577,0.114,-0.567,0.01,0,0,0.458,0.114,-0.431,0.032,0,0,0.491,0.114,0.095,0.68,0.16,1,0,-0.081,0.119,0,1,0,-0.081,0.045,0,0.833,11.787,0,11.787,0,78.125,7.95,0,90.625,0.16,1,0,0,0,0,0,0,0,1,1.198,1,5.823,4.753,15.983
VEN2022,VEN,VEN,Venezuela,2022,0.16,1.911,0.617,0,1.911,0,1,3.146,1.852,0,3.146,0,1,4.998,3.704,0.059,5.798,0.16,1,6.906,0.506,-1.808,5.097,0,0,7.523,1.019,-1.808,5.715,0,0,11.227,4.22,-0.012,11.215,0,1,0.896,0.123,-0.876,0.023,0,0,0.89,0.123,-0.872,0.021,0,0,0.62,0.123,-0.569,0.06,0,0,0.608,0.123,0.101,0.812,0.16,1,0,-0.081,0.132,0,1,0,-0.081,0.046,0,0.833,12.729,0,12.729,0,97.9,7.95,1.159,113.564,0.16,1,0,0,0,0,0,0,0,1,1.294,1,6.288,10.485,29.494
VEN2023,VEN,VEN,Venezuela,2023,0.16,1.99,0.643,0,1.99,0,1,3.276,1.928,0,3.276,0,1,5.205,3.857,0.092,6.037,0.16,1,7.191,0.527,-1.883,5.308,0,0,7.834,1.061,-1.883,5.951,0,0,11.691,4.394,-0.013,11.678,0,1,0.791,0.129,-0.767,0.024,0,0,0.618,0.129,-0.609,0.01,0,0,0.554,0.129,-0.492,0.062,0,0,0.557,0.129,0.118,0.77,0.16,1,0,-0.081,0.237,0,1,0,-0.081,0.032,0,0.833,13.254,0,13.254,0,83.248,7.95,1.475,96.568,0.16,1,0,0,0,0,0,0,0,1,1.348,1,6.548,4.861,11.192
VEN2024,VEN,VEN,Venezuela,2024,0.16,2.049,0.662,0,2.049,0,1,3.373,1.985,0,3.373,0,1,5.358,3.971,0.117,6.215,0.16,1,7.403,0.543,-1.724,5.679,0,0,8.065,1.092,-1.724,6.341,0,0,12.036,4.523,-0.074,11.962,0,1,0.756,0.132,-0.731,0.025,0,0,0.655,0.132,-0.646,0.01,0,0,0.534,0.132,-0.469,0.064,0,0,0.568,0.132,0.125,0.787,0.16,1,0,-0.084,0.244,0,1,0,-0.084,0.033,0,0.833,13.646,0,13.646,0,82.588,7.95,1.8,95.802,0.16,1,0,0,0,0,0,0,0,1,1.387,1,6.741,4.251,10.123
VNM2021,VNM,VNM,Vietnam,2021,0.1,6.151,0.804,-0.127,6.024,0,1,7.086,2.412,-0.119,6.967,0,1,7.001,4.825,-1.127,6.462,0.1,1,3.937,0.26,-0.073,3.863,0,1,4.508,0.556,-0.073,4.435,0,1,7.938,2.815,-0.067,8.659,0.1,1,0.621,0.114,0.052,0.74,0.1,1,0.593,0.114,-0.057,0.59,0.1,1,0.44,0.114,0.226,0.732,0.1,1,0.56,0.114,-0.06,0.55,0.1,1,0,-0.016,0.081,0,0.833,0,-0.016,0.1,0,0.833,11.787,0,11.787,0,81.695,7.95,-0.963,88.806,0.1,1,0,0,0,0,0,0,0,0.593,1.198,1,3.365,3.604,9.408
VNM2022,VNM,VNM,Vietnam,2022,0.1,7.846,0.843,-5.687,2.16,0,1,7.858,2.528,-5.698,2.16,0,1,8.637,5.057,-6.753,2.057,0.1,1,4.251,0.281,-0.079,4.172,0,1,4.869,0.601,-0.079,4.79,0,1,8.573,3.04,-0.009,9.351,0.1,1,0.847,0.123,0.017,0.95,0.1,1,0.947,0.123,-0.119,0.91,0.1,1,0.589,0.123,0.197,0.857,0.1,1,0.689,0.123,0.111,0.88,0.1,1,0,-0.016,0.079,0,0.833,0,-0.016,0.098,0,0.833,12.729,0,12.729,0,102.477,7.95,-6.959,105.07,0.1,1,0,0,0,0,0,0,0,0.635,1.294,1,3.634,7.554,16.097
VNM2023,VNM,VNM,Vietnam,2023,0.1,6.983,0.886,1.163,8.146,0,1,7.4,2.657,1.159,8.559,0,1,7.846,5.314,0.125,8.672,0.1,1,4.427,0.293,-0.082,4.344,0,1,5.07,0.626,-0.082,4.987,0,1,8.927,3.166,0.023,9.737,0.1,1,0.749,0.129,0.015,0.84,0.1,1,0.783,0.129,-0.073,0.78,0.1,1,0.527,0.129,0.247,0.843,0.1,1,0.64,0.129,0.079,0.79,0.1,1,0,-0.016,0.082,0,0.833,0,-0.016,0.101,0,0.833,13.254,0,13.254,0,87.079,7.95,-5.573,89.657,0.1,1,0,0,0,0,0,0,0,0.622,1.348,1,3.784,4.484,12.529
VNM2024,VNM,VNM,Vietnam,2024,0.1,6.771,0.912,1.184,7.955,0,1,7.243,2.735,1.182,8.424,0,1,7.659,5.471,0.131,8.454,0.1,1,4.558,0.301,-0.075,4.482,0,1,5.219,0.644,-0.075,5.144,0,1,9.19,3.259,0.049,10.026,0.1,1,0.72,0.132,0.016,0.81,0.1,1,0.734,0.132,-0.052,0.75,0.1,1,0.51,0.132,0.272,0.849,0.1,1,0.652,0.132,0.03,0.75,0.1,1,0,-0.016,0.083,0,0.833,0,-0.016,0.103,0,0.833,13.646,0,13.646,0,86.385,7.95,-5.647,88.813,0.1,1,0,0,0,0,0,0,0,0.622,1.387,1,3.896,3.509,10.896
VIR2021,VIR,VIR,Virgin Islands (U.S.),2021,0.055,5.897,1.143,0,5.897,0,1,7.964,3.43,0,7.964,0,1,11.613,6.86,0,12.252,0.055,1,17.127,2.304,0,17.127,0,1,18.27,4.278,0,18.27,0,1,25.13,13.503,0,26.512,0.055,1,0.649,0.114,0,0.685,0.055,1,0.577,0.114,0,0.608,0.055,1,0.458,0.114,0,0.483,0.055,1,0.491,0.114,0,0.518,0.055,1,0,0,0,0,1,0,0,0,0.055,1,11.787,0,11.787,0,78.125,7.95,0,82.422,0.055,1,0,0,0,0,0,0,0,0,1.198,0,4.776,4.753,15.983
VIR2022,VIR,VIR,Virgin Islands (U.S.),2022,0.055,11.72,1.235,0,11.72,0,1,9.783,3.704,0,9.783,0,1,17.893,7.408,0.073,18.877,0.055,1,30.728,4.133,0,30.728,0,1,31.963,7.485,0,31.963,0,1,39.371,21.155,0.16,41.537,0.055,1,0.896,0.123,0.004,0.945,0.055,1,0.89,0.123,0.004,0.939,0.055,1,0.62,0.123,0.003,0.654,0.055,1,0.608,0.123,0.002,0.641,0.055,1,0,0,0,0,1,0,0,0,0.055,1,12.729,0,12.729,0,97.9,7.95,0.399,103.285,0.055,1,0,0,0,0,0,0,0,0,1.294,0,5.158,10.485,29.494
VIR2023,VIR,VIR,Virgin Islands (U.S.),2023,0.055,6.147,1.286,0,6.147,0,1,7.886,3.857,0,7.886,0,1,12.575,7.714,0.077,13.267,0.055,1,12.478,1.678,0,12.478,0,1,13.763,3.223,0,13.763,0,1,21.477,11.54,0.131,22.659,0.055,1,0.791,0.129,0.005,0.834,0.055,1,0.618,0.129,0.004,0.652,0.055,1,0.554,0.129,0.003,0.585,0.055,1,0.557,0.129,0.003,0.588,0.055,1,0,0,0,0,1,0,0,0,0.055,1,13.254,0,13.254,0,83.248,7.95,0.507,87.827,0.055,1,0,0,0,0,0,0,0,0,1.348,0,5.37,4.861,11.192
VIR2024,VIR,VIR,Virgin Islands (U.S.),2024,0.055,5.575,1.324,0,5.575,0,1,7.124,3.971,0,7.124,0,1,12.193,7.942,0.091,12.863,0.055,1,11.447,1.54,0,11.447,0,1,12.771,2.991,0,12.771,0,1,20.712,11.129,0.155,21.852,0.055,1,0.756,0.132,0.006,0.798,0.055,1,0.655,0.132,0.005,0.691,0.055,1,0.534,0.132,0.004,0.563,0.055,1,0.568,0.132,0.004,0.599,0.055,1,0,0,0,0,1,0,0,0,0.055,1,13.646,0,13.646,0,82.588,7.95,0.619,87.13,0.055,1,0,0,0,0,0,0,0,0,1.387,0,5.529,4.251,10.123
PSE2021,PSE,PSE,West Bank and Gaza,2021,0.16,5.897,1.143,0,5.897,0,1,7.964,3.43,0,7.964,0,1,11.613,6.86,0,13.471,0.16,1,15.299,2.496,0,15.299,0,1,16.442,4.506,0,16.442,0,1,23.302,13.551,0,27.03,0.16,1,0.621,0.114,0,0.72,0.16,1,0.593,0.114,0.798,1.614,0.16,1,0.44,0.114,0,0.51,0.16,1,0.56,0.114,0,0.65,0.16,1,0,0,0,0,1,0,0,0,0.16,1,11.787,0,11.787,0,81.695,7.95,0,94.767,0.16,1,0,0,0,0,0,0,0,0,1.198,0,4.776,4.753,14.162
PSE2022,PSE,PSE,West Bank and Gaza,2022,0.16,11.72,1.235,0,11.72,0,1,9.783,3.704,0,9.783,0,1,17.893,7.408,0.212,20.756,0.16,1,31.56,5.148,0,31.56,0,1,32.795,8.988,0,32.795,0,1,40.203,23.38,0.476,46.635,0.16,1,0.847,0.123,0.01,0.982,0.16,1,0.947,0.123,0.581,1.772,0.16,1,0.589,0.123,0.007,0.683,0.16,1,0.689,0.123,0.008,0.799,0.16,1,0,0,0,0,1,0,0,0,0.16,1,12.729,0,12.729,0,102.477,7.95,1.213,118.873,0.16,1,0,0,0,0,0,0,0,0,1.294,0,5.158,10.485,30.326
PSE2023,PSE,PSE,West Bank and Gaza,2023,0.16,6.147,1.286,0,6.147,0,1,7.886,3.857,0,7.886,0,1,12.575,7.714,0.223,14.587,0.16,1,11.897,1.941,0,11.897,0,1,13.183,3.613,0,13.183,0,1,20.897,12.153,0.37,24.24,0.16,1,0.749,0.129,0.013,0.869,0.16,1,0.783,0.129,0.665,1.68,0.16,1,0.527,0.129,0.009,0.612,0.16,1,0.64,0.129,0.011,0.742,0.16,1,0,0,0,0,1,0,0,0,0.16,1,13.254,0,13.254,0,87.079,7.95,1.543,101.012,0.16,1,0,0,0,0,0,0,0,0,1.348,0,5.37,4.861,10.622
PSE2024,PSE,PSE,West Bank and Gaza,2024,0.16,5.575,1.324,0,5.575,0,1,7.124,3.971,0,7.124,0,1,12.193,7.942,0.266,14.144,0.16,1,10.483,1.71,0,10.483,0,1,11.807,3.236,0,11.807,0,1,19.748,11.485,0.43,22.908,0.16,1,0.72,0.132,0.016,0.835,0.16,1,0.734,0.132,0.72,1.686,0.16,1,0.51,0.132,0.011,0.592,0.16,1,0.652,0.132,0.014,0.757,0.16,1,0,0,0,0,1,0,0,0,0.16,1,13.646,0,13.646,0,86.385,7.95,1.883,100.207,0.16,1,0,0,0,0,0,0,0,0,1.387,0,5.529,4.251,9.168
YEM2021,YEM,YEM,Yemen,2021,0.05,5.897,1.143,0,5.897,0,1,7.964,3.43,0,7.964,0,1,11.613,6.86,0,12.194,0.05,1,5.456,0.599,0,5.456,0,1,6.028,1.172,0,6.028,0,1,9.458,4.461,0,9.93,0.05,1,0.621,0.114,0.25,0.914,0.05,1,0.593,0.114,0.179,0.811,0.05,1,0.44,0.114,0,0.462,0.05,1,0.56,0.114,0,0.588,0.05,1,0,0,0,0,1,0,0,0,0.05,1,11.787,0,11.787,0,81.695,7.95,0,85.78,0.05,1,0,0,0,0,0,0,0,0,1.198,1,4.884,4.753,14.129
YEM2022,YEM,YEM,Yemen,2022,0.05,11.72,1.235,0,11.72,0,1,9.783,3.704,0,9.783,0,1,17.893,7.408,0.066,18.788,0.05,1,5.892,0.647,0,5.892,0,1,6.509,1.266,0,6.509,0,1,10.213,4.818,0.038,10.724,0.05,1,0.847,0.123,0.266,1.164,0.05,1,0.947,0.123,0.183,1.182,0.05,1,0.589,0.123,0.002,0.618,0.05,1,0.689,0.123,0.003,0.723,0.05,1,0,0,0,0,1,0,0,0,0.05,1,12.729,0,12.729,0,102.477,7.95,0.379,107.6,0.05,1,0,0,0,0,0,0,0,0,1.294,1,5.275,10.485,28.059
YEM2023,YEM,YEM,Yemen,2023,0.05,6.147,1.286,0,6.147,0,1,7.886,3.857,0,7.886,0,1,12.575,7.714,0.07,13.204,0.05,1,6.135,0.673,0,6.135,0,1,6.778,1.318,0,6.778,0,1,10.635,5.017,0.059,11.167,0.05,1,0.749,0.129,0.285,1.079,0.05,1,0.783,0.129,0.202,1.028,0.05,1,0.527,0.129,0.003,0.554,0.05,1,0.64,0.129,0.004,0.672,0.05,1,0,0,0,0,1,0,0,0,0.05,1,13.254,0,13.254,0,87.079,7.95,0.482,91.433,0.05,1,0,0,0,0,0,0,0,0,1.348,1,5.492,4.861,9.261
YEM2024,YEM,YEM,Yemen,2024,0.05,5.575,1.324,0,5.575,0,1,7.124,3.971,0,7.124,0,1,12.193,7.942,0.083,12.802,0.05,1,6.316,0.693,0,6.316,0,1,6.978,1.357,0,6.978,0,1,10.949,5.165,0.075,11.496,0.05,1,0.72,0.132,0.297,1.06,0.05,1,0.734,0.132,0.212,0.986,0.05,1,0.51,0.132,0.003,0.536,0.05,1,0.652,0.132,0.004,0.685,0.05,1,0,0,0,0,1,0,0,0,0.05,1,13.646,0,13.646,0,86.385,7.95,0.588,90.705,0.05,1,0,0,0,0,0,0,0,0,1.387,1,5.654,4.251,7.598
ZMB2021,ZMB,ZMB,Zambia,2021,0.16,2.093,0.616,0.169,2.261,0,1,3.308,1.849,0.166,3.474,0,1,5.174,3.698,0,6.002,0.16,1,16.166,2.185,0,16.166,0,1,17.31,4.047,0,17.31,0,1,24.169,12.872,0,28.036,0.16,1,0.619,0.114,0.276,0.895,0,1,0.599,0.114,0.198,0.798,0,1,0.439,0.114,0.075,0.596,0.16,1,0.505,0.114,0.264,0.769,0,1,0,0,0.093,0,0.833,0,0,0.055,0.16,1,11.787,0,11.787,0,78.125,7.95,27.252,122.238,0.16,1,0,0,0,0,0,0,0,0.922,1.198,0,4.776,4.753,15.162
ZMB2022,ZMB,ZMB,Zambia,2022,0.16,2.711,0.668,0.25,2.961,0,1,3.687,2.003,0.196,3.883,0,1,6.049,4.006,0.072,7.017,0.16,1,32.248,4.359,0,32.248,0,1,33.483,7.829,0,33.483,0,1,40.891,21.778,0.484,47.434,0.16,1,0.861,0.123,0.339,1.392,0.16,1,0.986,0.123,0.265,1.452,0.16,1,0.598,0.123,0.107,0.808,0.16,1,0.612,0.123,0.3,1.059,0.16,1,0,0,0.062,0,0.833,0,0,0.052,0.16,1,12.729,0,12.729,0,97.9,7.95,47.961,169.198,0.16,1,0,0,0,0,0,0,0,0.918,1.294,0,5.158,10.485,31.326
ZMB2023,ZMB,ZMB,Zambia,2023,0.16,2.428,0.71,0.204,2.631,0,1,3.761,2.131,0.19,3.951,0,1,5.98,4.263,0.106,6.936,0.16,1,9.937,1.343,0,9.937,0,1,11.222,2.624,0,11.222,0,1,18.936,10.085,0.335,21.966,0.16,1,0.76,0.129,0.412,1.36,0.16,1,0.811,0.129,0.325,1.318,0.16,1,0.535,0.129,0.101,0.725,0.16,1,0.579,0.129,0.301,1.022,0.16,1,0,0,0.069,0,0.833,0,0,0.054,0.16,1,13.254,0,13.254,0,83.248,7.95,56.954,162.634,0.16,1,0,0,0,0,0,0,0,0.895,1.348,0,5.37,4.861,11.622
ZMB2024,ZMB,ZMB,Zambia,2024,0.16,2.42,0.731,0.198,2.618,0,1,3.767,2.194,0.18,3.948,0,1,6.077,4.388,0.132,7.049,0.16,1,9.287,1.255,0,9.287,0,1,10.611,2.481,0,10.611,0,1,18.552,9.881,0.404,21.521,0.16,1,0.724,0.132,0.36,1.258,0.16,1,0.75,0.132,0.242,1.151,0.16,1,0.513,0.132,0.1,0.696,0.16,1,0.591,0.132,0.242,0.967,0.16,1,0,0,0.065,0,0.833,0,0,0.049,0.16,1,13.646,0,13.646,0,82.588,7.95,49.614,153.355,0.16,1,0,0,0,0,0,0,0,0.895,1.387,0,5.529,4.251,10.168
ZWE2021,ZWE,ZWE,Zimbabwe,2021,0.145,1.775,0.572,0,1.775,0,1,2.919,1.717,0,2.919,0,1,4.636,3.434,0,5.309,0.145,1,16.248,2.196,0,16.248,0,1,17.391,4.067,0,17.391,0,1,24.251,12.916,0,27.767,0.145,1,0.619,0.114,0.534,1.32,0,0,0.599,0.114,0.541,1.305,0,0,0.439,0.114,0,0.503,0.145,1,0.505,0.114,-0.495,0.01,0,0,0,0,0.113,0,0.667,0,0,0.119,0.145,0.667,11.787,0,11.787,0,78.125,7.95,0,89.453,0.145,1,0,0,0,0,0,0,0,0.999,1.198,0,4.776,4.753,15.162
ZWE2022,ZWE,ZWE,Zimbabwe,2022,0.145,1.918,0.618,0,1.918,0,1,3.151,1.853,0,3.151,0,1,5.007,3.707,0.054,5.733,0.145,1,32.431,4.383,0,32.431,0,1,33.666,7.872,0,33.666,0,1,41.074,21.876,0.441,47.03,0.145,1,0.861,0.123,0.475,1.529,0,0,0.986,0.123,0.463,1.66,0,0,0.598,0.123,0.006,0.685,0.145,1,0.612,0.123,-0.572,0.041,0,0,0,0,0.106,0,0.667,0,0,0.106,0.145,0.667,12.729,0,12.729,0,97.9,7.95,1.051,112.095,0.145,1,0,0,0,0,0,0,0,0.999,1.294,0,5.158,10.485,31.326
ZWE2023,ZWE,ZWE,Zimbabwe,2023,0.145,1.992,0.643,0,1.992,0,1,3.278,1.929,0,3.278,0,1,5.208,3.859,0.084,5.963,0.145,1,12.868,1.739,0,12.868,0,1,14.153,3.309,0,14.153,0,1,21.867,11.646,0.351,25.038,0.145,1,0.76,0.129,-0.383,0.432,0,0,0.811,0.129,-0.417,0.451,0,0,0.535,0.129,0.009,0.613,0.145,1,0.579,0.129,-0.569,0.01,0,0,0,0,0.106,0,0.667,0,0,0.106,0.145,0.667,13.254,0,13.254,0,83.248,7.95,1.336,95.319,0.145,1,0,0,0,0,0,0,0,1,1.348,0,5.37,4.861,11.622
ZWE2024,ZWE,ZWE,Zimbabwe,2024,0.145,2.051,0.662,0,2.051,0,1,3.374,1.986,0,3.374,0,1,5.361,3.973,0.106,6.139,0.145,1,11.458,1.549,0,11.458,0,1,12.782,2.989,0,12.782,0,1,20.724,11.037,0.409,23.728,0.145,1,0.724,0.132,-0.301,0.485,0,0,0.75,0.132,-0.318,0.495,0,0,0.513,0.132,0.01,0.587,0.145,1,0.591,0.132,-0.581,0.01,0,0,0,0,0.109,0,0.667,0,0,0.078,0.145,0.667,13.646,0,13.646,0,82.588,7.95,1.631,94.563,0.145,1,0,0,0,0,0,0,0,1,1.387,0,5.529,4.251,10.168
