Installed capacity per country,,,,,,,,,,,,,,,,,,,,,,,,,,,
Updated Jun-27-205!,,,,,,,,,,,,,,,,,,,,,,,,,,,
Code,ItemCode,CountryCode,Technology,2000,2001,2002,2003,2004,2005,2006,2007,2008,2009,2010,2011,2012,2013,2014,2015,2016,2017,2018,2019,2020,2021,2022,2023
ago.ic.coa,ic,AGO,coa,0,0,0,0,0,0,0,0,0,0,0,0,0,0,0,0,0,0,0,0,0,0,0,0
ago.ic.nga,ic,AGO,nga,0,0,0,0,0,0,0,0,0,0,0,0,0,169.16,169.16,239.67,336.84,495.52,931.47,931.12,720,720,720,720
ago.ic.oil,ic,AGO,oil,296,235,235,235,332.6,332.6,345.2,657,657,657,657,770,770,600.84,600.84,851.33,947.16,1571.48,1135.53,1135.88,1637.06,1637.06,1637.06,1637.06
ago.ic.nuc,ic,AGO,nuc,0,0,0,0,0,0,0,0,0,0,0,0,0,0,0,0,0,0,0,0,0,0,0,0
ago.ic.wnd,ic,AGO,wnd,0,0,0,0,0,0,0,0,0,0,0,0,0,0,0,0,0,0,0,0,0,0,0,0
ago.ic.sol,ic,AGO,sol,0,0,0,0,0,0,0,0,0,0,7,8,10,11,12,13,13,13,13,13,1.37,1.44,285.46,310.46
ago.ic.hyd,ic,AGO,hyd,290,400,430,430,498,498,498,789,805,805,805,805,876,937,953,953,1270,2420,3083,3435,3729.28,3729.28,3729.28,3729.28
ago.ic.ore,ic,AGO,ore,0,0,0,0,0,0,0,0,0,0,0,0,0,0,0,0,0,0,0,0,0,0,0,0
ago.ic.bio,ic,AGO,bio,0,0,0,0,0,0,0,0,0,0,0,0,0,0,51,51,51,51,51,51,51,51,51,51
alb.ic.coa,ic,ALB,coa,0,0,0,0,0,0,0,0,0,0,0,0,0,0,0,0,0,0,0,0,0,0,0,0
alb.ic.nga,ic,ALB,nga,0,0,0,0,0,0,0,0,0,0,0,0,0,0,0,0,0,0,0,0,0,0,0,0
alb.ic.oil,ic,ALB,oil,239,224,224,334,224,160,160,160,123,123,123,123,123,123,123,123,123,123,123,123,97,97,97,97
alb.ic.nuc,ic,ALB,nuc,0,0,0,0,0,0,0,0,0,0,0,0,0,0,0,0,0,0,0,0,0,0,0,0
alb.ic.wnd,ic,ALB,wnd,0,0,0,0,0,0,0,0,0,0,0,0,0,0,0,0,0,0,0,0,0,0,0,0
alb.ic.sol,ic,ALB,sol,0,0.1,0.2,0.2,0.2,0.2,0.2,0.2,0.2,0.2,0.4,1,1,1,1,1,1,1,1,14,21,23,100.14,240.14
alb.ic.hyd,ic,ALB,hyd,1445,1445,1445,1445,1445,1432,1432,1432,1450,1450,1461,1508,1628,1781,1725,1798,1913,2047,2105,2193,2387,2507,2493,2493
alb.ic.ore,ic,ALB,ore,0,0,0,0,0,0,0,0,0,0,0,0,0,0,0,0,0,0,0,0,0,0,0,0
alb.ic.bio,ic,ALB,bio,0,0,0,0,0,0,0,0,0,0,0,0,0,0,0,0,0,1.43,1.43,1.43,1.43,1.43,1.43,1.43
are.ic.coa,ic,ARE,coa,0,0,0,0,0,0,0,0,0,0,0,0,0,0,0,0,0,0,0,0,600,0,7.5,15
are.ic.nga,ic,ARE,nga,8612,8611.66,8611.66,11480.96,12780.73,14818.1,16915.67,17326.82,19396.25,20131.41,22709.88,25526.22,26597.16,27291.17,28246.63,28163.97,28179.95,29590.94,29886.87,29896.5,30846.4,31681,32392,33512
are.ic.oil,ic,ARE,oil,518,518.34,518.34,691.04,769.27,891.9,364.33,373.18,417.75,433.59,489.12,549.78,572.84,443.83,459.37,458.03,458.05,457.06,461.63,452,9.6,35,34,0
are.ic.nuc,ic,ARE,nuc,0,0,0,0,0,0,0,0,0,0,0,0,0,0,0,0,0,0,0,0,1390,1390,2780,4170
are.ic.wnd,ic,ARE,wnd,0,0,0,0,0,0,0,0,0,0,0,0,0,1,1.7,1.7,0.85,0.85,0.85,0.85,0,0.02,0.02,99.1
are.ic.sol,ic,ARE,sol,0,0,0,0,0,0,0,0,0,10,11,13,14,126,133,134,141,355,598,1918,2332.6,3002.38,3596.2,5907.44
are.ic.hyd,ic,ARE,hyd,0,0,0,0,0,0,0,0,0,0,0,0,0,0,0,0,0,0,0,0,0,0,0,0
are.ic.ore,ic,ARE,ore,0,0,0,0,0,0,0,0,0,0,0,0,0,0,0,0,0,0,0,0,0,0,0,0
are.ic.bio,ic,ARE,bio,0,0,0,0,0,0,0,0,0,0,0,0,0,1,1,1,1,1,1,1,1,1,16.9,28.7
arg.ic.coa,ic,ARG,coa,850,913.04,920.34,931.21,935,935,593.7,622.48,684.3,722.38,748.07,778.19,817.58,1139.93,994.04,1029.92,974.71,936.74,936.88,938.3,500,500,500,500
arg.ic.nga,ic,ARG,nga,13185,14165.37,14278.65,14447.3,14506.04,14506.04,14798.74,15516.08,17056.9,18006.22,18646.52,19397.24,20379.09,23742.38,20703.72,21451.21,21391.06,22689.49,24250.57,24209.24,20937.19,20994,20861.97,21400.7
arg.ic.oil,ic,ARG,oil,1679,1803.59,1818.01,1839.48,1846.96,1846.96,1895.55,1987.44,2184.8,2306.4,2388.41,2484.57,2610.33,3386.69,2953.25,3059.87,2948.23,2883.76,2934.55,2989.46,4540.16,4520.39,4529.07,4543.52
arg.ic.nuc,ic,ARG,nuc,935,935,935,935,935,935,935,935,935,935,935,935,935,935,1627,1632,1632,1633,1633,1641,1755,1755,1755,1755
arg.ic.wnd,ic,ARG,wnd,14,25,26,26,28,28,28,28,30,30,54,129,140.9,191,215.19,187.1,187.44,226.74,750.34,1609,2624,3292.22,3310.22,3706.32
arg.ic.sol,ic,ARG,sol,0,0,0,0,0,0,0,0,0,0,0,1,6,8,8,9,9,9,191,442,768.97,1080.23,1116.26,1408.43
arg.ic.hyd,ic,ARG,hyd,8628,8638,8788,8806,8924,8946,8946,8966,9038,9071,9072,9072,9079,9079,10204,10266,10269,10314,10314,10336,11349.76,11351.27,11364.49,11364.49
arg.ic.ore,ic,ARG,ore,0,0,0,0,0,0,0,0,0,0,0,0,0,0,0,0,0,0,0,0,0,0,0,0
arg.ic.bio,ic,ARG,bio,545,574,497,502,506,545,539,550,571,577,220.67,220.65,249.3,256.18,244.03,251.68,203.29,248.24,250.26,254,332.96,364.06,367.68,381.22
arm.ic.coa,ic,ARM,coa,0,0,0,0,0,0,0,0,0,0,0,0,0,0,0,0,0,0,0,0,0,0,0,0
arm.ic.nga,ic,ARM,nga,1633,1799,1756,1756,1731,1731,1731,1660,1660,1662,1906,1906,2394,2394,2390,1840,1840,1840,1826.6,1826.6,1831.6,2085.6,2085.6,1785.6
arm.ic.oil,ic,ARM,oil,0,0,0,0,0,0,0,0,0,0,0,0,0,0,0,0,0,0,0,0,0,0,0,0
arm.ic.nuc,ic,ARM,nuc,376,376,376,376,376,376,376,376,376,375,375,375,375,375,375,375,375,375,375,375,407.5,448.2,448.2,448.2
arm.ic.wnd,ic,ARM,wnd,0,0,0,0,0,0,2.64,2.64,2.64,2.64,2.64,2.6,3,3,3,3,3,3,3,3,2.93,2.93,2.93,2.9
arm.ic.sol,ic,ARM,sol,0,0,0,0,0,0,0,0,0,0,0,0,0,0,0,1,1,2,17,50,50.5,146.1,235.2,401.7
arm.ic.hyd,ic,ARM,hyd,1165,1165,1166,1170,1024,1027,1052,1068,1080,1102.4,1162,1191,1249,1289,1298,1287,1312,1327,1336.4,1333,1350,1345.2,1345.2,1357.8
arm.ic.ore,ic,ARM,ore,0,0,0,0,0,0,0,0,0,0,0,0,0,0,0,0,0,0,0,0,0,0,0,0
arm.ic.bio,ic,ARM,bio,0,0,0,0,0,0,0,0,1,1,1,1,1,0,0,0,0,0,0,0,0,0,0,0
aus.ic.coa,ic,AUS,coa,26685,27122.43,29039.6,29851.33,29849.87,29267.55,24504.89,25896.49,26367.02,27774.99,29557.7,29843.9,30045.21,28370.04,28672.4,28256.8,27303.54,25219.35,25273.09,25370.12,25588,25588,25189,23349
aus.ic.nga,ic,AUS,nga,5994,6092.48,6523.13,6705.47,6705.14,6574.33,13579.98,14351.17,14611.92,15392.19,16380.11,16538.72,16650.28,18264.79,18459.45,18191.88,17329.14,18381.55,18420.72,18491.44,24060,24330,25014,25074
aus.ic.oil,ic,AUS,oil,3844,3907.1,4183.27,4300.21,4300,4216.11,2328.14,2460.35,2505.05,2638.82,2808.19,2835.38,2854.51,2719.17,2748.15,2708.32,2480.32,1854.1,1887.19,1894.44,2307,2434,2397,2397
aus.ic.nuc,ic,AUS,nuc,0,0,0,0,0,0,0,0,0,0,0,0,0,0,0,0,0,0,0,0,0,0,0,0
aus.ic.wnd,ic,AUS,wnd,33,76,106,190,379,740,819,1249,1441,1700,1864,2127,2561,3221,3797,4234,4327,4816,5679,7133,10207,10555,11966,12911
aus.ic.sol,ic,AUS,sol,25,29,34,39,46,52,61,73,85,108,402,2473,3799,4568,5287,5946,6689,7354,8627,13252,19772,24396,28887,32612
aus.ic.hyd,ic,AUS,hyd,7711,7711,7770,7788,7781,5661,5661,5661,5661,5661,5661,5661,5661,5661,5661,5661,5661,5661,5913,5913,8523,8523,8523,9249.96
aus.ic.ore,ic,AUS,ore,0,0,0,0,0,0,0,1,1,1.1,1.1,1.1,1.1,1.1,1.1,1.1,1.1,1.1,1.1,1.1,0.1,0.1,0.1,0.1
aus.ic.bio,ic,AUS,bio,422,575,582,626,696,757,825,840,785,822,825,826,827,817,824,826,864,864,864,875,871,871,871,871.36
aut.ic.coa,ic,AUT,coa,1798,1890.42,1832.19,1721.13,1803.92,1494.63,920.95,818.43,1024.35,1005.83,990.84,1159.29,1257.84,1361.84,1332.86,1280.94,1016.92,985.34,874.28,558.93,5194.13,5280.33,4705.89,4726.89
aut.ic.nga,ic,AUT,nga,2948,3099.87,3004.4,2822.28,2958.04,2450.87,2819.37,2505.51,3135.93,3079.23,3033.34,3549.02,3850.73,3976.25,3891.65,3740.04,4017.12,3776.05,3850.9,3555.09,0,0,0,0
aut.ic.oil,ic,AUT,oil,596,626.71,607.41,570.59,598.03,495.5,436.68,388.07,485.71,476.93,469.82,549.69,596.43,536.91,525.49,505.02,526.96,510.6,518.83,478.97,0,0,0,0
aut.ic.nuc,ic,AUT,nuc,0,0,0,0,0,0,0,0,0,0,0,0,0,0,0,0,0,0,0,0,0,0,0,0
aut.ic.wnd,ic,AUT,wnd,50,67,109,322,581,778,935,968,988,994,981,1080,1337,1675,2110,2489,2730,2887,3133,3224,3225.98,3407.81,3579.24,3977.24
aut.ic.sol,ic,AUT,sol,5,7,9,23,27,30,36,40,49,71,154,317,337,626,785,937,1096,1269,1455,1702,2042.93,2782.6,3791.7,6831.7
aut.ic.hyd,ic,AUT,hyd,7676,7703,7567,7607,7613,7667,7684,7845,7848,7827,7913,7947,7970,8272,8321,8457,8493,8506,8591,8630,14634.51,14747.93,14923.13,14708.13
aut.ic.ore,ic,AUT,ore,0,0,2,2,2,2,2,2,1,1,1,1,1,1,1,1,1,0.9,0.9,0.9,0.92,0.25,0.25,0.25
aut.ic.bio,ic,AUT,bio,887,988,985,1361,1398,2015,2328,2568,2601,2716,2715,2801,2781,2295,2109,2139,2100,1997,1977,1957,1251.26,1171.1,1195.11,1195.11
aze.ic.coa,ic,AZE,coa,0,0,0,0,0,0,0,0,0,0,0,0,0,0,0,0,0,0,0,0,6326.1,6649.4,6652.3,6633
aze.ic.nga,ic,AZE,nga,1500,1589.47,1634.96,1768.05,1765.04,1574.06,2613.99,2673.1,2712.89,3069.83,3069.83,3041.98,3067.56,2890.58,2893.35,3087.17,3087.89,3089.56,3091.08,3091.08,0,0,0,0
aze.ic.oil,ic,AZE,oil,2490,2638.53,2714.04,2934.95,2929.96,2612.94,1985.01,2029.9,2060.11,2331.17,2331.17,2310.02,2329.44,3373.42,3376.65,3602.83,3678.11,3701.44,3506.12,3506.12,0,0,0,0
aze.ic.nuc,ic,AZE,nuc,0,0,0,0,0,0,0,0,0,0,0,0,0,0,0,0,0,0,0,0,0,0,0,0
aze.ic.wnd,ic,AZE,wnd,0,0,0,0,0,0,0,2.2,2.2,2.2,2,2,2,3,3,8,16,16,66,66,66,66,64,66.5
aze.ic.sol,ic,AZE,sol,0,0,0,0,0,0,0,0,0,0,0.3,1,1,1,2,5,25,28,34.9,37,35.1,47.9,51.2,281.8
aze.ic.hyd,ic,AZE,hyd,953,952.5,992,992,1020,1025,1025,1025,1025,987,995,998,1023,1083,1078,1103,1105,1106,1130.8,1120,1149.4,1157.2,1164.7,1301.8
aze.ic.ore,ic,AZE,ore,0,0,0,0,0,0,0,0,0,0,0,0,0,0,0,0,0,0,0,0,0,0,0,0
aze.ic.bio,ic,AZE,bio,0,0,0,0,0,0,0,0,0,0,0,1,40,40,40,40,40,43.05,45.05,45.05,45.05,44.7,44.7,37.7
bel.ic.coa,ic,BEL,coa,1892,1840.4,1833.06,1828.24,1824.34,1841.78,1128.85,1130.81,1154.52,1170.8,1161.82,1265.92,1156.21,1066.33,991.44,991.03,1109.28,1019.8,979.56,951.65,7166.05,7171.7,7398.25,7386.25
bel.ic.nga,ic,BEL,nga,3679,3579.17,3564.89,3555.51,3547.92,3581.85,5656.08,5665.93,5784.73,5866.27,5821.28,6342.89,5793.16,4861.78,4520.34,4518.45,4208.99,4313.27,4066.16,3950.3,0,0,0,0
bel.ic.oil,ic,BEL,oil,2671,2598.43,2588.06,2581.25,2575.74,2600.37,1261.07,1263.26,1289.75,1307.93,1297.9,1414.2,1291.63,1817.9,1690.23,1689.52,1843.73,1688.93,1622.28,1576.05,0,0,0,0
bel.ic.nuc,ic,BEL,nuc,5713,5738,5761,5761,5761,5802,5825,5825,5825,5902,5926,5927,5926,5927,5927,5913,5914,5918,5918,5930,5942,5851,4845,3837
bel.ic.wnd,ic,BEL,wnd,14,26,31,67,96,167,212,276,324,600,912,1069,1370,1780,1944,2176,2370,2788,3268,3863,4672.7,4948.4,5303.4,5503.55
bel.ic.sol,ic,BEL,sol,0,0,1,1,1,2,2,20,62,386,904,1979,2647,2902,3015,3132,3329,3621,3987,4637,5572.8,6012.4,6756.1,8549.1
bel.ic.hyd,ic,BEL,hyd,103,111,111,110,115,105,107,110,111,110,118,119,120,119,121,112,115,107,108,108,1412.8,1417.7,1430.3,1430.3
bel.ic.ore,ic,BEL,ore,0,0,0,0,0,0,0,0,1,0,0,0,0,4,4,4,4,3,3,3,0,0,0,0
bel.ic.bio,ic,BEL,bio,303,330,352,401,417,689,761,782,899,1127,1241,1263,1227,1164,1096,1124,1107,1099,1072,1096,921.75,816.9,869.85,870.85
ben.ic.coa,ic,BEN,coa,0,0,0,0,0,0,0,0,0,0,0,0,0,0,0,0,0,0,0,0,0,0,0,0
ben.ic.nga,ic,BEN,nga,19,20.36,20.36,20.36,20.36,20.71,6.96,6.96,20.06,20.06,20.06,20.41,20.41,58.47,68.93,88.14,88.14,88.14,88.14,182.87,127,127,127,127
ben.ic.oil,ic,BEN,oil,33,36.64,36.64,36.64,36.64,37.29,52.04,52.04,149.94,149.94,149.94,152.59,152.59,148.53,175.07,223.86,223.86,223.86,223.86,211.13,174,174,174,174
ben.ic.nuc,ic,BEN,nuc,0,0,0,0,0,0,0,0,0,0,0,0,0,0,0,0,0,0,0,0,0,0,0,0
ben.ic.wnd,ic,BEN,wnd,0,0,0,0,0,0,0,0,0,0,0,0,0,0,0,0,0,0,0,0,0,0,0,0
ben.ic.sol,ic,BEN,sol,0,0,0,0,0,0,0,0,0,0,0,1,1,1,1,1.2,2.9,2.9,2.9,2.9,4.85,6.02,33.38,33.38
ben.ic.hyd,ic,BEN,hyd,33,33,33,33,33,33,33,33,33,33,33,33,33,33,33,33,33,33,33,33,0.5,0.5,0.5,0.5
ben.ic.ore,ic,BEN,ore,0,0,0,0,0,0,0,0,0,0,0,0,0,0,0,0,0,0,0,0,0,0,0,0
ben.ic.bio,ic,BEN,bio,0,0,0,0,0,0,0,0,0,0,0,0,0,0,0,0,0,0,0,0,0,0,0,0
bgd.ic.coa,ic,BGD,coa,0,0,0,0,0,0,195.81,195.81,203.93,214.31,218.53,250.23,307.28,176.88,193.55,229.62,225.41,225.09,435.97,435.97,4568,4568,5492,8787
bgd.ic.nga,ic,BGD,nga,2316,2316.45,3058.81,3058.81,3079.43,3079.43,3776.72,3776.72,3933.36,4133.68,4215.01,4826.52,5926.77,5396.97,5905.67,7006.25,7368.2,7932.02,9049.72,9049.72,11252,11330,11522,11686
bgd.ic.oil,ic,BGD,oil,1054,1053.55,1391.19,1391.19,1400.57,1400.57,1042.47,1042.47,1085.71,1141.01,1163.46,1332.25,1635.95,2733.15,2990.77,3548.13,3901.39,3659.89,5441.31,5441.31,7280,7349,7619,6982
bgd.ic.nuc,ic,BGD,nuc,0,0,0,0,0,0,0,0,0,0,0,0,0,0,0,0,0,0,0,0,0,0,0,0
bgd.ic.wnd,ic,BGD,wnd,0,0,0,0,0,0.9,0.9,0.9,0.9,0.9,0.9,0.9,2,2,2,3,3,3,3,3,2.9,2.9,2.9,2.9
bgd.ic.sol,ic,BGD,sol,0,0,0,0.8,1.8,3,5,9,14,23,39,49,66,93.96,119.49,145,160.58,184.94,201,255,343.27,505.72,522.86,748.15
bgd.ic.hyd,ic,BGD,hyd,230,230,230,230,230,230,230,230,230,230,230,230,230,230,230,230,230,230,230,230,230,230,230,230
bgd.ic.ore,ic,BGD,ore,0,0,0,0,0,0,0,0,0,0,0,0,0,0,0,0,0,0,0,0,0,0,0,0
bgd.ic.bio,ic,BGD,bio,0,0,0,0,0,0,0,0,0,0.7,2,3,3,4,5,5,5.1,5.1,5.1,5.1,45.35,45.35,45.35,45.35
bgr.ic.coa,ic,BGR,coa,5559,5559.35,5559.35,5559.35,5740.39,5872.21,5565.54,4250.9,4029.77,3791.3,3969.94,3939.58,4259.57,3992.69,3796.49,3389.66,3368.63,3315.19,3252.08,3252.08,3758.4,3806.67,3974.58,3978.58
bgr.ic.nga,ic,BGR,nga,418,418.17,418.17,418.17,431.79,441.7,779.78,595.59,564.61,531.2,556.23,551.97,596.81,648.27,616.42,550.36,400.71,415.23,711.38,711.38,0,0,0,0
bgr.ic.oil,ic,BGR,oil,348,348.48,348.48,348.48,359.82,368.09,72.68,55.51,52.62,49.51,51.84,51.44,55.62,60.04,57.09,50.97,52.67,54.58,53.54,53.54,0,0,0,0
bgr.ic.nuc,ic,BGR,nuc,3760,3760,3760,2944,2944,2944,2944,1906,1906,1906,1906,1906,1906,1906,1926,1926,1926,1926,1966,2006,2006,2006,2006,2006
bgr.ic.wnd,ic,BGR,wnd,0,0,0,0,1,8,27,30,114,170,488,541,677,683,699,699,699,698.39,698.92,703,702.8,704.38,702.09,702.09
bgr.ic.sol,ic,BGR,sol,0,0,0,0,0,0,0,0,1,6,25,154,1013,1020,1026,1029,1028,1036,1032.68,1048,1100.21,1274.71,1737.18,2937.18
bgr.ic.hyd,ic,BGR,hyd,1881,1706,1948,1984,1984,1984,1984,2012,2120,2137,2184,2035,2095,2165,2190,2206,2206,2210,2359,2366,3376.46,3369.23,3389.92,3389.92
bgr.ic.ore,ic,BGR,ore,0,0,0,0,0,0,0,0,0,0,0,0,0,0,0,0,0,0,0,0,0,0,0,0
bgr.ic.bio,ic,BGR,bio,52,52,52,7,7,7,6,6,6,9,10,6,14,34,40,54,57,52,69,57,48.05,47.32,50.11,50.11
bhr.ic.coa,ic,BHR,coa,0,0,0,0,0,0,0,0,0,0,0,0,0,0,0,0,0,0,0,0,0,0,0,0
bhr.ic.nga,ic,BHR,nga,1349,1379,2506,2629,1849,2319,5200,5200,5477,5868,5868,5767,6932,6927,6975,6972,6971,6971,6971,6971,8613,9618,9735,9735
bhr.ic.oil,ic,BHR,oil,0,0,0,0,0,0,0,0,0,0,0,0,0,0,0,0,0,0,0,0,150,150,150,150
bhr.ic.nuc,ic,BHR,nuc,0,0,0,0,0,0,0,0,0,0,0,0,0,0,0,0,0,0,0,0,0,0,0,0
bhr.ic.wnd,ic,BHR,wnd,0,0,0,0,0,0,0,0,0.83,0.83,0.83,0.83,1,1,1,1,1,1,1,1,0.68,0.68,2.68,2.68
bhr.ic.sol,ic,BHR,sol,0,0,0,0,0,0,0,0,0,0,0,0,1,0.51,5,5,6.01,6.01,6.35,9,10.1,21.34,45.59,56.62
bhr.ic.hyd,ic,BHR,hyd,0,0,0,0,0,0,0,0,0,0,0,0,0,0,0,0,0,0,0,0,0,0,0,0
bhr.ic.ore,ic,BHR,ore,0,0,0,0,0,0,0,0,0,0,0,0,0,0,0,0,0,0,0,0,0,0,0,0
bhr.ic.bio,ic,BHR,bio,0,0,0,0,0,0,0,0,0,0,0,0,0,0,0,0,0,0,0,0,0,0,0,0
bih.ic.coa,ic,BIH,coa,1945,1945,1945,1945,1945,1918.17,1957,1957,1957,1957,1957,1957,1957,1959.08,1868.82,1959.08,1998.17,2065,1921.03,1921.03,2191.89,2193.51,2193.51,2193.51
bih.ic.nga,ic,BIH,nga,0,0,0,0,0,0,0,0,0,0,0,0,0,0,0,0,0,0,0,0,10.23,10.23,10.23,10.23
bih.ic.oil,ic,BIH,oil,12,12,12,12,12,11.83,230,230,230,230,230,230,230,227.92,217.41,227.92,201.83,230,213.97,213.97,21,21,21,21
bih.ic.nuc,ic,BIH,nuc,0,0,0,0,0,0,0,0,0,0,0,0,0,0,0,0,0,0,0,0,0,0,0,0
bih.ic.wnd,ic,BIH,wnd,0,0,0,0,0,0,0,0,0,0,0,0.3,0.3,0.3,0.3,0.3,0.3,0.3,51,87,87,135,135,135
bih.ic.sol,ic,BIH,sol,0,0,0,0,0,0,0,0,1,1,0.3,0.3,0.3,1,7,8.17,14,16,18.15,22,34.89,56.51,101.89,131.89
bih.ic.hyd,ic,BIH,hyd,1983,1993,2380,2380,2380,2380,2411,2411,2117,2117,2117,2117,2120,2120,2049,2055,2084,2084,2090,2090,2248.79,2256.78,2258.49,2258.49
bih.ic.ore,ic,BIH,ore,0,0,0,0,0,0,0,0,0,0,0,0,0,0,0,0,0,0,0,0,0,0,0,0
bih.ic.bio,ic,BIH,bio,0,0,0,0,0,0,0,0,0,0,0,0,0,0,0,0,0.91,0.91,0.91,3,2.11,10.21,10.81,10.81
blr.ic.coa,ic,BLR,coa,0,0,0,0,0,0,72.83,72.83,73.08,73.54,75.08,75.96,81.26,70.5,78.2,74.9,74.66,74.89,76.47,76.47,9800,9680,9719.8,9719.8
blr.ic.nga,ic,BLR,nga,6441,6441,6482.84,6517.3,6517.3,6517.3,6471.22,6471.22,6493.84,6534.23,6671.56,6749.91,7220.85,7687.38,8526.64,8166.48,8247.39,8300.66,8289.7,8289.7,0,0,0,0
blr.ic.oil,ic,BLR,oil,1410,1410,1419.16,1426.7,1426.7,1426.7,1466.95,1466.95,1472.08,1481.23,1512.36,1530.12,1636.88,1420.12,1575.16,1508.63,1503.95,1508.45,1540.33,1540.33,0,0,0,0
blr.ic.nuc,ic,BLR,nuc,0,0,0,0,0,0,0,0,0,0,0,0,0,0,0,0,0,0,0,0,0,1170,1170,1170
blr.ic.wnd,ic,BLR,wnd,0,0,0,0,1,1,1,1,1,2,2,2,2,3,3,43,68,83,101,109,112,111.7,120,122
blr.ic.sol,ic,BLR,sol,0,0,0,0,0,0,0,0,0,0,0,0,0,1,4,13,51,153,154,156.6,160.3,163.4,272.5,272.7
blr.ic.hyd,ic,BLR,hyd,7,8,10,10,12,12.4,12.4,13,13,15,15,15,30,32.1,34,36,74,95,95.36,97,96,96,96.2,96.5
blr.ic.ore,ic,BLR,ore,0,0,0,0,0,0,0,0,0,0,0,0,0,0,0,0,0,0,0,0,0,0,0,0
blr.ic.bio,ic,BLR,bio,1,1,1,1,1,5,4,6,16,16,14,18.8,18.8,35.2,35.2,35.2,39.6,40.7,48.4,53,122.5,120.4,139.2,140.7
bol.ic.coa,ic,BOL,coa,0,0,0,0,0,0,0,0,0,0,0,0,0,0,0,0,0,0,0,0,0,0,0,0
bol.ic.nga,ic,BOL,nga,915,824.08,870.26,841.53,924.73,884.82,893.78,987.25,987.25,1013.53,1126.47,1156.65,1350.4,1590.66,1684.06,1880.68,1886.69,1920.95,1950.26,1962.03,2176.95,2392.55,1615.31,2548.41
bol.ic.oil,ic,BOL,oil,34,30.72,32.44,31.37,34.47,32.98,24.22,26.75,26.75,27.47,30.53,31.35,36.6,27.34,28.94,32.32,32.31,32.05,32.74,20.97,161.15,159.78,137.16,130.79
bol.ic.nuc,ic,BOL,nuc,0,0,0,0,0,0,0,0,0,0,0,0,0,0,0,0,0,0,0,0,0,0,0,0
bol.ic.wnd,ic,BOL,wnd,0,0,0,0,0,0,0,0,0,0,0,0,0,0,3,3,27,27,27,27,27,127.8,127.8,135
bol.ic.sol,ic,BOL,sol,0,0,0,0,0,0,0,0,0,0,3,3,4,6,6,6,6,8,69.92,120,120.55,170.24,170.63,171.94
bol.ic.hyd,ic,BOL,hyd,376,372.5,483.2,439.69,460.99,460.99,485,485,440,478,476,476,474,476,465,483,483,603,603,735,735.64,735.64,735.64,735.64
bol.ic.ore,ic,BOL,ore,0,0,0,0,0,0,0,0,0,0,0,0,0,0,0,0,0,0,0,0,0,0,0,0
bol.ic.bio,ic,BOL,bio,16,16,16,16,51,51,51,85,85,85,80,85,85,85,126,134,141.5,141.5,160,169,143.5,142.63,192.33,256.24
bra.ic.coa,ic,BRA,coa,2536,2782.71,3593.19,3964.62,4681.83,4816.16,2962,2980.3,3203.63,3543.24,4074.46,4366.41,4582.05,7001.29,7250.27,7583.01,7637.43,7859.01,7315.54,7847.57,3748.8,3748.8,3631.8,3626.9
bra.ic.nga,ic,BRA,nga,1727,1894.84,2446.73,2699.64,3188.02,3279.49,11134.69,11203.51,12043.05,13319.7,15316.63,16414.13,17224.78,17364.21,17981.71,18806.95,19813.44,19957.93,20668.14,21033.11,15702.13,17095.48,18246.76,18567.62
bra.ic.oil,ic,BRA,oil,6422,7047.45,9100.08,10040.74,11857.15,12197.35,7097.31,7141.18,7676.31,8490.05,9762.91,10462.46,10979.17,12162.49,12595.01,13173.04,13835.13,14064.06,12577.32,12400.32,9398.06,9400.38,8707.8,8177.4
bra.ic.nuc,ic,BRA,nuc,1976,1976,1901,1901,1901,1901,1901,1795,1766,1884,1884,1884,1884,1884,1884,1884,1884,1884,1884,1884,1990,1990,1990,1990
bra.ic.wnd,ic,BRA,wnd,22,24,22,24,24,29,237,247,414,600,927,1426,1894,2202,4888,7633,10129,12304,14843,15438,17198.31,21161.35,24163.14,29135.12
bra.ic.sol,ic,BRA,sol,0,0,0,0,0,0,0,0,0,0,1,1,2,5.72,15.72,26.85,84.09,1104.21,2077.98,4615,8451.9,14499.44,25520.47,37449.21
bra.ic.hyd,ic,BRA,hyd,61063,62523,65311,67793,68998.65,71059,73679,76869,77545,78610,80703,82459,84294,86018,89193,91650,96930,100319,104139,109058,109345.07,109458.44,109801.7,109903.37
bra.ic.ore,ic,BRA,ore,0,0,0,0,0,0,0,0,0,0,0,0,0.1,0.1,0.1,0.1,0.1,0.1,0.1,0.1,0.05,0.05,0.05,0.05
bra.ic.bio,ic,BRA,bio,2657,2661,2670,2696,3124,3339,3701,4103,5054,5717,7913,9028,9922,11601,12343,13311,14187,14578,14819,15357,15689.56,16363.7,17223.89,17596.94
brn.ic.coa,ic,BRN,coa,0,0,0,0,0,0,0,0,0,0,0,0,0,0,0,0,0,0,0,0,220,220,220,220
brn.ic.nga,ic,BRN,nga,755,752.91,752.91,850.85,864.7,750.93,746.79,746.79,746.79,755.64,772.37,789.1,792.05,797.25,797.25,805.32,805.72,977.7,977.81,977.81,994,994,994,994
brn.ic.oil,ic,BRN,oil,8,8.09,8.09,9.15,9.3,8.07,12.21,12.21,12.21,12.36,12.63,12.9,12.95,12.75,12.75,12.88,12.88,14.3,14.19,14.19,12,12,12,12
brn.ic.nuc,ic,BRN,nuc,0,0,0,0,0,0,0,0,0,0,0,0,0,0,0,0,0,0,0,0,0,0,0,0
brn.ic.wnd,ic,BRN,wnd,0,0,0,0,0,0,0,0,0,0,0,0,0,0,0,0,0,0,0,0,0,0,0,0
brn.ic.sol,ic,BRN,sol,0,0,0,0,0,0,0,0,0,0,1,1,1,1,1,1,1,1,1,1,1.45,4.87,4.9,5.04
brn.ic.hyd,ic,BRN,hyd,0,0,0,0,0,0,0,0,0,0,0,0,0,0,0,0,0,0,0,0,0,0,0,0
brn.ic.ore,ic,BRN,ore,0,0,0,0,0,0,0,0,0,0,0,0,0,0,0,0,0,0,0,0,0,0,0,0
brn.ic.bio,ic,BRN,bio,0,0,0,0,0,0,0,0,0,0,0,0,0,0,0,0,0,0,0,0,0,0,0,0
bwa.ic.coa,ic,BWA,coa,132,132,132,132,132,132,90.38,90.38,90.38,90.38,104.07,104.07,104.07,597.15,492.33,492.33,492.33,597.15,631.3,603.51,757,757,757,757
bwa.ic.nga,ic,BWA,nga,0,0,0,0,0,0,0,0,0,0,0,0,0,27.79,22.91,22.91,22.91,27.79,29.38,28.09,0,0,0,0
bwa.ic.oil,ic,BWA,oil,0,0,0,0,0,0,41.62,41.62,41.62,41.62,47.93,47.93,47.93,127.05,104.75,104.75,104.75,127.05,134.32,128.41,160,160,160,160
bwa.ic.nuc,ic,BWA,nuc,0,0,0,0,0,0,0,0,0,0,0,0,0,0,0,0,0,0,0,0,0,0,0,0
bwa.ic.wnd,ic,BWA,wnd,0,0,0,0,0,0,0,0,0,0,0,0,0,0,0,0,0,0,0,0,0,0,0,0
bwa.ic.sol,ic,BWA,sol,0,0,0,0,0,0,0,0,0,0,0,0.1,1,2,2,2,3,3,4,6,5.92,6.3,6.29,6.29
bwa.ic.hyd,ic,BWA,hyd,0,0,0,0,0,0,0,0,0,0,0,0,0,0,0,0,0,0,0,0,0,0,0,0
bwa.ic.ore,ic,BWA,ore,0,0,0,0,0,0,0,0,0,0,0,0,0,0,0,0,0,0,0,0,0,0,0,0
bwa.ic.bio,ic,BWA,bio,0,0,0,0,0,0,0,0,0,0,0,0,0,0,0,0,0,0,0,0,0,0,0,0
can.ic.coa,ic,CAN,coa,17670,18330.54,18423.78,19344.5,19040.92,19676.38,16385.61,16500.42,16334.89,16442.32,16152.3,15498.94,14712.33,10803.6,10838.73,11393.92,10775.39,11060.11,10662.2,10515.45,9285,8034,6591,6591
can.ic.nga,ic,CAN,nga,6477,6718.79,6752.97,7090.44,6979.17,7212.09,12184.41,12269.78,12146.7,12226.58,12010.92,11525.08,10940.15,13030.35,13072.72,13742.34,15383.44,14779.87,14992.42,15221.67,19802,21262,22474,23418.9
can.ic.oil,ic,CAN,oil,7692,7979.66,8020.25,8421.06,8288.91,8565.53,6966.98,7015.79,6945.41,6991.09,6867.78,6589.98,6255.52,5686.06,5704.55,5996.75,5714.18,5908.02,5993.38,5910.89,6019,6019,5205,5205
can.ic.nuc,ic,CAN,nuc,9998,10018,10018,11302,12084,12584,12610,12610,12577,12569,12604,12604,13500,13500,13500,13524,13554,13554,13554,13554,12513,12513,11578,11578
can.ic.wnd,ic,CAN,wnd,92,131,161,327,444,677,1423,1840,2336,3282,3967,5265,6201,7801,9694,11214,11973,12250,12816,13413,13532,13722,15081,16989.42
can.ic.sol,ic,CAN,sol,7,9,10,12,14,17,21,26,33,95,221,497,766,1210,1843,2517,2661,2913,3095,3310,4379,5261,5438.5,5884.01
can.ic.hyd,ic,CAN,hyd,67230,66882,69029,70197,70680,71801,72661,73281,74230,74510,74901,75396,75363,75337,75300,79231,80130,80657,80830,81386,81383,82307,83312,83312
can.ic.ore,ic,CAN,ore,20,20,20,20,20,20,20,20,20,20,20,20,20,20,20,20,20,20,20,20,0.5,0.5,1.2,7.2
can.ic.bio,ic,CAN,bio,1345,1674,1770,2067,2010,1720,1699,1585,1666,1698,1724,1659,1655,1550,2043,2511,2578,3335,3375,3376,2691.46,2691.46,2699.86,2699.86
che.ic.coa,ic,CHE,coa,29,28.92,28.92,28.92,25.36,25.36,18.79,19.39,23.34,30.28,31.72,28.73,34.83,57.32,51.8,51.21,43.84,51.31,51.31,51.71,412,427,427,427
che.ic.nga,ic,CHE,nga,76,76.26,76.26,76.26,66.89,66.89,103.81,107.11,128.93,167.28,175.22,158.69,192.41,150.37,135.9,134.35,110.58,133.98,133.98,135.02,224,228,228,228
che.ic.oil,ic,CHE,oil,74,73.82,73.82,73.82,64.75,64.75,34.4,35.5,42.73,55.44,58.06,52.59,63.76,83.31,75.29,74.43,62.58,71.71,71.71,72.26,76,76,76,76
che.ic.nuc,ic,CHE,nuc,3170,3170,3170,3220,3220,3220,3220,3220,3220,3238,3238,3263,3278,3308,3333,3333,3333,3333,3333,2960,3333,2960,2960,2960
che.ic.wnd,ic,CHE,wnd,5,5,5,5,9,12,12,12,14,18,42,45.5,49,60,60,60,75,75,75,75,87,87,87,87
che.ic.sol,ic,CHE,sol,20,20,20,22,24,28,30,37,49,79,125,223,437,756,1061,1394,1664,1906,2203,2589,2973,3655,4339.92,5839.92
che.ic.hyd,ic,CHE,hyd,3653,3653,3653,3669,3650,3682,3694,3700,3709,3749,3810,3852,3882,3896,3948,3996,4060,4112,4193,4193,15594,15611,15627,15841
che.ic.ore,ic,CHE,ore,0,0,0,0,0,0,0,0,0,0,0,0,0,0,0,0,0,0,0,0,0,0,0,0
che.ic.bio,ic,CHE,bio,317,317,317,326,337,342,367,368,364,371,390,381,431,431,426,451,452,452,452,452,242,234,234,234
chl.ic.coa,ic,CHL,coa,2103,2335.11,2343.22,2513.27,2560.04,2830.57,1881.55,1921.92,2101.48,2499.24,2619.36,2828.14,2961.39,4699.39,5089.94,5221.93,5296.94,5217.43,5816.07,5799.3,4496.22,4659.69,4647.93,4228.25
chl.ic.nga,ic,CHL,nga,2561,2843.69,2853.57,3060.66,3117.61,3447.07,3351.44,3423.34,3743.18,4451.67,4665.63,5037.52,5274.86,3454.45,3741.54,3838.57,5340.68,5737.35,5563.71,5466.81,3821.14,3883.18,3883.9,3873.6
chl.ic.oil,ic,CHL,oil,777,863.2,866.2,929.06,946.35,1046.36,2364.02,2414.74,2640.34,3140.09,3291.02,3553.34,3720.75,3951.16,4279.52,4390.5,5057.38,5545.22,5497.22,5610.9,3790.77,4070.37,4137.33,4041.52
chl.ic.nuc,ic,CHL,nuc,0,0,0,0,0,0,0,0,0,0,0,0,0,0,0,0,0,0,0,0,0,0,0,0
chl.ic.wnd,ic,CHL,wnd,0,2,2,2,2,2,2,20,20,163,163,184,202,301,736,910,1039,1305,1524,1620,2340.4,3137.01,3829.68,4510.21
chl.ic.sol,ic,CHL,sol,0,0,0,0,0,0,0,0,0,0,0,0,2,15,221,576,1125,1809,2236,2654,3302.41,4624.21,6686.94,8898.33
chl.ic.hyd,ic,CHL,hyd,4430,4427,4455,4466,5222,5224,5230,5356,5433,5452,5467,5946,5992,6094,6445,6499,6634,6737,6754,6827,6934.3,6806.87,7288.83,7473.13
chl.ic.ore,ic,CHL,ore,0,0,0,0,0,0,0,0,0,0,0,0,0,0,0,0,0,24,39.7,39.7,39.7,39.7,51.4,83.37
chl.ic.bio,ic,CHL,bio,22,22,22,22,22,36,36,44,81,490,526,567,859,1267,926,466,463,466,467,502,470.32,490.97,489.62,521.62
chn.ic.coa,ic,CHN,coa,211080,224828.64,235967.35,257493,292781.43,347780.08,454120.6,520233.36,564120.9,610822.94,665790.25,720832.61,768998.2,821485.06,872034.21,934885.48,1001078.52,1046206.54,1083583.65,1129351.82,1127833,1171068,1205451,1252999
chn.ic.nga,ic,CHN,nga,7678,8177.76,8582.91,9365.87,10649.43,12649.91,20207.85,23149.79,25102.74,27180.93,29626.91,32076.23,34219.55,36007.11,38222.77,40977.65,45406.32,45351.32,45543,46632.5,94029,97408,100186,104097
chn.ic.oil,ic,CHN,oil,18782,20005.6,20996.74,22912.13,26052.14,30946.01,9721.54,11136.85,12076.37,13076.14,14252.84,15431.16,16462.26,12597.83,13373.02,14336.87,14515.16,14482.14,14543.35,14565.68,1823,1889,1943,2019
chn.ic.nuc,ic,CHN,nuc,2167,2167,5303,5977,6587,6587,7572,8438,8438,8438,10065,11816,12860,16038,19007,26774,31384,34514,42858,45518,49890,53260,55530,56910
chn.ic.wnd,ic,CHN,wnd,341,383,449,547,763,1060,2070,4200,8390,17600,29580,46335,61597,76731,96819,131048,148517,164374,184665,209582,281992.67,328973.43,365964.19,441894.95
chn.ic.sol,ic,CHN,sol,0,0,0,0,0,70,80,100,150,300,893,3108,6719,17759,28399,43549,77809,130822,175287,204996,253863.8,306972.8,393031.8,609920.8
chn.ic.hyd,ic,CHN,hyd,79352,83006,86075,94896,105241.6,111790,124090,139285,162400,182590,199450,214600,229140,258910,283030,296000,305420,315280,322270,326100,370160,390920,413500,421540
chn.ic.ore,ic,CHN,ore,26,26,26,26,26,27.8,27.8,27.8,24,24,24,24,31,31,31,31,31,31,31,31,30.5,30.5,30.5,30.5
chn.ic.bio,ic,CHN,bio,1100,1120,1650,1850,1900,2000,2500,3000,3300,4600,3450,3808,4617,6089,6653,7977,9269,11234,13235,16537,21855,27345,29390,31255
civ.ic.coa,ic,CIV,coa,0,0,0,0,0,0,0,0,0,0,0,0,0,0,0,0,0,0,0,0,0,0,0,0
civ.ic.nga,ic,CIV,nga,295,326.84,373.08,405.76,438.44,455.18,506.11,515.37,520.42,541.47,564.21,709.89,875.79,1055.45,1118.56,1193.56,1203.21,1213.35,1203.21,1205.53,809,809,990,990
civ.ic.oil,ic,CIV,oil,75,83.16,94.92,103.24,111.56,115.82,94.89,96.63,97.58,101.53,105.79,133.11,164.21,98.55,104.44,111.44,101.79,102.65,101.79,99.47,546.14,586.14,586.14,586.14
civ.ic.nuc,ic,CIV,nuc,0,0,0,0,0,0,0,0,0,0,0,0,0,0,0,0,0,0,0,0,0,0,0,0
civ.ic.wnd,ic,CIV,wnd,0,0,0,0,0,0,0,0,0,0,0,0,0,0,0,0,0,0,0,0,0,0,0,0
civ.ic.sol,ic,CIV,sol,0,0,0,0,0,0,0,0,0,0,2,2,2,3,4,5,5,8,13,13,6.4,7.75,9,46.5
civ.ic.hyd,ic,CIV,hyd,614,614,614,604,604,606,606,606,606,604,604,604,604,604,604,604,604,879,879,879,879,879,879,879
civ.ic.ore,ic,CIV,ore,0,0,0,0,0,0,0,0,0,0,0,0,0,0,0,0,0,0,0,0,0,0,0,0
civ.ic.bio,ic,CIV,bio,0,0,0,0,0,0,0,0,0,0,0,0,0,0,0,0,0,0,0,0,0,0,0,0
cmr.ic.coa,ic,CMR,coa,0,0,0,0,0,0,0,0,0,0,0,0,0,0,0,0,0,0,0,0,0,0,0,0
cmr.ic.nga,ic,CMR,nga,0,0,0,0,0,0,39.9,39.32,42.23,58.69,55.78,110.02,120.09,443.22,549.81,578.57,594.93,618.24,448.56,448.56,268.21,268.21,268.21,268.21
cmr.ic.oil,ic,CMR,oil,71,70,260,270,275,209,166.1,163.68,175.77,244.31,232.22,457.98,499.91,450.78,559.19,588.43,605.07,646.35,468.94,468.94,433.01,434.37,434.37,434.37
cmr.ic.nuc,ic,CMR,nuc,0,0,0,0,0,0,0,0,0,0,0,0,0,0,0,0,0,0,0,0,0,0,0,0
cmr.ic.wnd,ic,CMR,wnd,0,0,0,0,0,0,0,0,0,0,0,0,0,0,0,0,0,0,0,0,0,0,0,0
cmr.ic.sol,ic,CMR,sol,0,0,0,0.1,0.1,0.1,0.1,0.2,0.2,1,1,2,3,4,6,7,9,12,14,14,13.56,26.24,26.31,62.31
cmr.ic.hyd,ic,CMR,hyd,725,800,805,805,805,805,719,719,719,719,719,719,721,721,721,732,732,760,750,792,812.52,812.52,814,814
cmr.ic.ore,ic,CMR,ore,0,0,0,0,0,0,0,0,0,0,0,0,0,0,0,0,0,0,0,0,0,0,0,0
cmr.ic.bio,ic,CMR,bio,0,0,0,0,0,0,0,0,0,0,0,0,0,0,0,0,0,0,0,0,0,0,0,0
cod.ic.coa,ic,COD,coa,0,0,0,0,0,0,0,0,0,0,0,0,0,0,0,0,0,0,0,0,0,0,0,0
cod.ic.nga,ic,COD,nga,0,0,0,0,0,0,0,0,0,0,0,0,0,0,0,0,0,0,0,0,0,0,0,0
cod.ic.oil,ic,COD,oil,35,35,35,35,33,33,40,40,40,50,60,70,80,92,106,120,135,122,155,155,31.84,31.84,75.57,75.57
cod.ic.nuc,ic,COD,nuc,0,0,0,0,0,0,0,0,0,0,0,0,0,0,0,0,0,0,0,0,0,0,0,0
cod.ic.wnd,ic,COD,wnd,0,0,0,0,0,0,0,0,0,0,0,0,0,0,0,0,0,0,0,0,0,0,0,0
cod.ic.sol,ic,COD,sol,0,0,0,0,0,0,0,0,0,0,0,0,0.1,0.4,0.6,0.7,0.7,1,1,1,14.39,17.71,22.37,22.37
cod.ic.hyd,ic,COD,hyd,2440,2515,2535,2468.9,2410,2410,2410,2410,2442,2442,2472,2472,2472,2515,2515,2528,2548,2558.8,2739.8,2740,2607.7,2607.7,2932.45,3172.45
cod.ic.ore,ic,COD,ore,0,0,0,0,0,0,0,0,0,0,0,0,0,0,0,0,0,0,0,0,0,0,0,0
cod.ic.bio,ic,COD,bio,0,0,0,0,0,0,0,0,0,0,0.16,0.16,0.16,0.16,0.16,0.16,0.16,2.16,2.96,2.96,2.96,2.96,2.96,2.96
cog.ic.coa,ic,COG,coa,0,0,0,0,0,0,0,0,0,0,0,0,0,0,0,0,0,0,0,0,0,0,0,0
cog.ic.nga,ic,COG,nga,0,0,0,0,0,0,100.53,100.53,100.53,100.53,100.53,125.88,177.41,281.09,335.49,354.53,354.53,354.53,354.53,354.53,534,534,534,534
cog.ic.oil,ic,COG,oil,29,29,29,119,119,119,18.47,18.47,18.47,18.47,18.47,23.12,32.59,28.91,34.51,36.47,36.47,36.47,36.47,36.47,62.66,62.66,62.66,62.66
cog.ic.nuc,ic,COG,nuc,0,0,0,0,0,0,0,0,0,0,0,0,0,0,0,0,0,0,0,0,0,0,0,0
cog.ic.wnd,ic,COG,wnd,0,0,0,0,0,0,0,0,0,0,0,0,0,0,0,0,0,0,0,0,0,0,0,0
cog.ic.sol,ic,COG,sol,0,0,0,0,0,0,0,0,0,0,0,0.1,0.1,0.39,0.61,0.67,3.24,5.24,18.9,20,0.52,0.56,0.64,0.64
cog.ic.hyd,ic,COG,hyd,92,92,92,92,92,92,92,92,119,119,119,119,209,209,209,194,201,213.9,213.9,240,213.9,213.9,213.9,213.9
cog.ic.ore,ic,COG,ore,0,0,0,0,0,0,0,0,0,0,0,0,0,0,0,0,0,0,0,0,0,0,0,0
cog.ic.bio,ic,COG,bio,0,0,0,0,0,0,0,0,0,0,0,0,0,0,0,0,0,0,0,0,12.2,12.2,12.2,12.2
col.ic.coa,ic,COL,coa,796,811.9,806.15,744.49,763.32,788.49,732.15,730.56,777.21,780.39,853.06,818.47,807.36,1830.98,1804.7,1819.63,1790.13,1797.4,2015.14,1812.41,1664.3,1657.9,1663.9,1675.9
col.ic.nga,ic,COL,nga,3625,3696.38,3670.23,3389.48,3475.23,3589.8,3686.8,3678.81,3913.75,3929.73,4295.7,4121.5,4065.57,2185.79,2154.42,2172.24,2543.16,2240.65,2185.88,2367.01,2540.11,2884.11,3031.08,3104.09
col.ic.oil,ic,COL,oil,229,233.42,231.77,214.04,219.45,226.69,195.03,194.61,207.04,207.88,227.24,218.03,215.07,2114.23,2083.89,2101.13,1638.91,2045.55,1882.58,1359.58,1394.87,1374.68,1445.92,1482.12
col.ic.nuc,ic,COL,nuc,0,0,0,0,0,0,0,0,0,0,0,0,0,0,0,0,0,0,0,0,0,0,0,0
col.ic.wnd,ic,COL,wnd,0,0,0,0,10,10,18,18,19.5,19.5,19.5,19.5,19.5,18.42,18.42,18.42,18.42,18.42,18.42,18.42,18.42,18.42,18.42,18.42
col.ic.sol,ic,COL,sol,0,0,0,0,0,0,0,0,0,0,17,22,1,1,1,1,2,11,86.39,90,82.72,180.98,480.04,715.99
col.ic.hyd,ic,COL,hyd,8065,8720.9,9077.34,8833,8917,8942,8950,8991,8997,8997,9257,9718,9778,9876,10920,11500,11610,11731.32,11842.32,11917,11954.2,11949.07,12553.42,13210.81
col.ic.ore,ic,COL,ore,0,0,0,0,0,0,0,0,0,0,0,0,0,0,0,0,0,0,0,0,0,0,0,0
col.ic.bio,ic,COL,bio,80,80,80,80,80,80,90,94,94,114,200,180,182,186.56,214.56,236.56,255.31,310.25,320.25,320.25,328.71,351.23,352.93,352.93
cri.ic.coa,ic,CRI,coa,0,0,0,0,0,0,0,0,0,0,0,0,0,0,0,0,0,0,0,0,0,0,0,0
cri.ic.nga,ic,CRI,nga,0,0,0,0,0,0,0,0,0,0,0,0,0,0,0,0,0,0,0,0,0,0,0,0
cri.ic.oil,ic,CRI,oil,294,281.69,313.57,410.57,413.57,423,450,448,605,615,910.9,862,656,637.6,622,661,597,616.88,629.38,550.11,474.11,425.96,380.96,380.96
cri.ic.nuc,ic,CRI,nuc,0,0,0,0,0,0,0,0,0,0,0,0,0,0,0,0,0,0,0,0,0,0,0,0
cri.ic.wnd,ic,CRI,wnd,43,62,62,69,69,70,70,70,70,120,120,132,148,143.6,193.1,272.1,365.1,377.82,407.77,411,393.52,390.22,390.22,407.62
cri.ic.sol,ic,CRI,sol,0,0,0,0,0,0,0,0,0,0,6,7,10,13,17,22,24,28,28,48,56.79,73.87,73.87,73.87
cri.ic.hyd,ic,CRI,hyd,1225,1225.88,1270.98,1295.63,1303.63,1304.05,1411,1412,1518,1532,1644,1644,1700,1762.2,1781.6,1936,2328,2328,2387,2343,2331.76,2379.36,2331.02,2372.39
cri.ic.ore,ic,CRI,ore,136,145,145,163,166,166,166,166,166,166,166,211,218,218,218,217,207,207,207,262,261.86,258.84,262.66,262.66
cri.ic.bio,ic,CRI,bio,12,12,12,17,28,30,30,24,24,44,40,44,44,39.92,36.22,36.68,42.68,47.18,60,79,80.46,80.76,80.76,80.76
cub.ic.coa,ic,CUB,coa,0,0,0,0,0,0,0,0,0,0,0,0,0,0,0,0,0,0,0,0,90,90,90,90
cub.ic.nga,ic,CUB,nga,218,214.02,191.79,191.79,191.66,207.77,417.31,438.63,434.4,447.1,471.28,476.06,456.86,563.11,588.54,599.28,594.35,599.02,598.55,582.47,580,580,580,580
cub.ic.oil,ic,CUB,oil,4211,4139.48,3709.51,3709.51,3707.04,4018.53,4709.69,4950.37,4902.6,5045.9,5318.82,5372.84,5156.14,5278.89,5517.26,5617.92,5746.75,5725.78,5859.57,5702.13,5229.4,5311.9,4813.8,5226.4
cub.ic.nuc,ic,CUB,nuc,0,0,0,0,0,0,0,0,0,0,0,0,0,0,0,0,0,0,0,0,0,0,0,0
cub.ic.wnd,ic,CUB,wnd,1,1,1,1,1,0.5,0.5,2,7.2,7.2,11.7,11.7,11.7,11.7,12,12,12,12,12,12,16,16,16,16
cub.ic.sol,ic,CUB,sol,0,0,0,0,0,0,0,0,0,0,0,0,1,11,22,24,37,65,128.09,159,213.17,246.2,267.4,279.9
cub.ic.hyd,ic,CUB,hyd,57,57.4,57.4,58.5,48.2,48,48,41,60,58,62.5,64,64,63,62.8,62.8,66,66,66,66,66.5,66.5,66.6,66.6
cub.ic.ore,ic,CUB,ore,0,0,0,0,0,0,0,0,0,0,0,0,0,0,0,0,0,0,0,0,0,0,0,0
cub.ic.bio,ic,CUB,bio,0,0,0,0,0,677,446,547,547,547,549,544,519,470,500,530,495,532.36,554.36,842,476.36,481.81,439.65,439.65
cyp.ic.coa,ic,CYP,coa,0,0,0,0,0,0,0,0,0,0,0,0,0,0,0,0,0,0,0,0,1497.51,1497.5,1490.1,1490.1
cyp.ic.nga,ic,CYP,nga,0,0,0,0,0,0,0,0,0,0,0,0,0,0,0,0,0,0,0,0,0,0,0,0
cyp.ic.oil,ic,CYP,oil,988,988,988,994,994,1124,1134,1140,1203,1421,1471,1591,1561,1513.5,1509.5,1518.5,1514.5,1514.6,1517.4,1517.4,0,0,0,0
cyp.ic.nuc,ic,CYP,nuc,0,0,0,0,0,0,0,0,0,0,0,0,0,0,0,0,0,0,0,0,0,0,0,0
cyp.ic.wnd,ic,CYP,wnd,0,0,0,0,0,0,0,0,0,0,82,134,147,147,147,158,158,158,158,158,157.73,157.5,157.5,158
cyp.ic.sol,ic,CYP,sol,0,0,0,0,0,1,1,1,2,4,7,10,17,35,64,76,84,110,118.48,151,229.13,314.52,424.09,606
cyp.ic.hyd,ic,CYP,hyd,0,0,0,0,0,0,0,0,0,0,0,0,0,0,0,0,0,0,0,0,0,0,0,0
cyp.ic.ore,ic,CYP,ore,0,0,0,0,0,0,0,0,0,0,0,0,0,0,0,0,0,0,0,0,0,0,0,0
cyp.ic.bio,ic,CYP,bio,0,0,0,0,0,0,0,1,7,8,8,9,9,10,10,10,10,9.75,12.72,12.72,12.72,13.15,13.64,13.64
cze.ic.coa,ic,CZE,coa,10585,10651.79,10524.37,10408.96,10445.9,10446.82,10203.46,10140.53,10031.74,10159.41,9301.7,9210,9866.31,9452.45,10175.93,10436.58,11432.02,10886.34,10712.43,11500.01,11538.38,11021.33,10930.93,10952.63
cze.ic.nga,ic,CZE,nga,757,761.35,752.24,743.99,746.63,746.7,1024.38,1018.07,1007.14,1019.96,933.85,924.65,990.54,1424.44,1533.47,1572.75,1682.31,1829.32,1815.25,1600.53,0,0,0,0
cze.ic.oil,ic,CZE,oil,123,123.87,122.39,121.05,121.48,121.49,121.15,120.41,119.11,120.63,110.45,109.36,117.15,111.1,119.6,122.67,132.67,126.34,124.32,133.46,0,0,0,0
cze.ic.nuc,ic,CZE,nuc,2611,2578,3508,3490,3548,3373,3523,3619,3634,3678,3678,3766,3804,3884,3904,3930,3930,3930,3932,3932,4290,4290,4290,4290
cze.ic.wnd,ic,CZE,wnd,1,1,6,11,17,22,44,114,150,193,213,213,258,262,278,281,282,308,316,339,339.42,339.41,339.1,343.4
cze.ic.sol,ic,CZE,sol,0,0,0,0,0,1,1,4,40,465,1727,1913,2022,2064,2067,2075,2068,2070,2075,2086,2171.96,2246.09,2420.48,2499.28
cze.ic.hyd,ic,CZE,hyd,952,1000,1000,1004,1015,1020,1016,1024,1029,1037,1049,1050,1065,1080,1080,1088,1090,1093,1094,1096,2265.43,2284.86,2285.08,2286.18
cze.ic.ore,ic,CZE,ore,0,0,0,0,0,0,0,0,0,0,0,0,0,0,0,0,0,0,0,0,0,0,0,0
cze.ic.bio,ic,CZE,bio,3,3,3,97,132,141,179,230,288,354,433,527,676,713,768,796,803,832,812,848,845.72,853.02,860.69,865.09
deu.ic.coa,ic,DEU,coa,51593,50281.09,51326.04,50566.37,48908.33,47669.71,46261.37,47035.61,48055.19,48466.2,49457.74,51159.8,51085.24,52380.65,56381.12,55613.28,55173.15,51837.67,57982.58,56726,88573,90104.5,91626,91466
deu.ic.nga,ic,DEU,nga,20226,19711.69,20121.34,19823.53,19173.53,18687.95,20900.7,21250.5,21711.14,21896.84,22344.81,23113.79,23080.11,26875.21,28927.75,28533.79,27095.95,29054.57,30099.23,29630.75,0,0,0,0
deu.ic.oil,ic,DEU,oil,7031,6852.22,6994.62,6891.09,6665.14,6496.34,5434.93,5525.89,5645.67,5693.96,5810.45,6010.41,6001.65,2265.14,2438.13,2404.93,3139.9,2931.76,3219.19,3213.26,0,0,0,0
deu.ic.nuc,ic,DEU,nuc,21283,21283,21283,20643,20643,20339,20339,20430,20486,20480,20490,12068,12068,12068,12074,10799,10799,9515,9515,8113,8113,8113,4205,0
deu.ic.wnd,ic,DEU,wnd,6095,8754,12001,14593,16612,18248,20474,22116,22794,25732,26903,28712,30979,33477,38614,44580,49435,55580,58721,60721,62201,63711,66163,69459
deu.ic.sol,ic,DEU,sol,114,195,260,435,1105,2056,2899,4170,6120,10556,18007,25916,34077,36710,37900,39224,40679,42293,45158,49047,53671,60038,67479,81739
deu.ic.hyd,ic,DEU,hyd,4086,4101,4193,4088,4209,4134,4117,4083,4104,4283,4252,4469,4451,4433,4424,4433,4442,4449,4456,4456,10808,10844,10974,11164
deu.ic.ore,ic,DEU,ore,0,0,0,374,363,566,666,407,442,457,456,473,370,444,476,429,377,400,406,412,40,46,50,50
deu.ic.bio,ic,DEU,bio,1944,2540,2656,2340,2637,3548,4289,4708,6360,7510,8210,9137,9482,9847,10099,10344,10591,10940,11615,11615,10320,9791.5,9830,9950
dnk.ic.coa,ic,DNK,coa,5487,5485.61,5280.1,5241.06,5166.44,5131.42,4427.44,4537.95,4369.97,4323.31,4412.7,4409.27,4356.71,2493.61,2388.6,2393.37,2750.3,3195.47,2884.44,2948.73,5482.68,5313.03,5430.22,5430.22
dnk.ic.nga,ic,DNK,nga,2218,2217.65,2134.57,2118.79,2088.62,2074.46,3273.79,3355.51,3231.3,3196.79,3262.89,3260.35,3221.49,4197.31,4020.54,4028.58,3580.09,2978.39,3236.03,3308.16,0,0,0,0
dnk.ic.oil,ic,DNK,oil,1853,1852.74,1783.33,1770.15,1744.94,1733.12,1312.77,1345.54,1295.73,1281.9,1308.4,1307.38,1291.8,1145.08,1096.86,1099.05,1170.61,1112.15,1102.53,1127.1,0,0,0,0
dnk.ic.nuc,ic,DNK,nuc,0,0,0,0,0,0,0,0,0,0,0,0,0,0,0,0,0,0,0,0,0,0,0,0
dnk.ic.wnd,ic,DNK,wnd,2390,2497,2895,3120,3124,3127,3135,3124,3163,3482,3802,3952.1,4162,4819,4886,5077,5245,5489,6115,6103,6258.54,7003.95,7083.82,7481.82
dnk.ic.sol,ic,DNK,sol,1,1,2,2,2,3,3,3,3,5,7,17,402,571,607,782,851,906,998,1080,1304.29,1704.04,3069.9,3529
dnk.ic.hyd,ic,DNK,hyd,10,11,11,11,11,11,9,9,9,9,9,9,9,9,9,7,9,9,9,9,7.16,7.12,6.64,6.64
dnk.ic.ore,ic,DNK,ore,0,0,0,0,0,0,0,0,0,0,0,0,0,0,0,0,0,0,0,0,0,0,0,0
dnk.ic.bio,ic,DNK,bio,357,421,538,654,849,955,815,625,930,1095,1247,1293,1517,1343,1410,1409,1471,1973,1978,1985,2086.31,2151.56,2006.59,2006.59
dom.ic.coa,ic,DOM,coa,317,553.05,539.82,589.2,573.25,596.28,561.88,341.34,318.79,318.07,317.74,486.44,517.23,431.56,436.8,418.27,414.43,363.56,487.28,487.28,1094,1094,1095,1095
dom.ic.nga,ic,DOM,nga,501,875.03,854.1,932.22,906.99,943.44,1849.03,1123.3,1049.09,1046.71,1045.61,1600.77,1702.1,2210.77,2237.64,2142.72,2123.03,1862.45,1805.38,1805.38,1125.75,1275.75,1258,1450
dom.ic.oil,ic,DOM,oil,1863,3253.91,3176.08,3466.58,3372.76,3508.28,2638.09,1602.66,1496.78,1493.38,1491.82,2283.89,2428.47,2003.66,2028.01,1941.99,1844.07,2049.86,1977.94,1977.94,1845.31,1845.31,1753.06,1739.06
dom.ic.nuc,ic,DOM,nuc,0,0,0,0,0,0,0,0,0,0,0,0,0,0,0,0,0,0,0,0,0,0,0,0
dom.ic.wnd,ic,DOM,wnd,0,0,0,0,0,0,0,0,0.2,0.2,0.2,33.6,33.6,85,85,85,135,135,183,370,370.3,370.3,417.1,417.1
dom.ic.sol,ic,DOM,sol,0,0,0,0,0,0,0,0,0,0,0,0,2,8,15,25,73,106,205,305,385.5,583.8,735.17,1076.79
dom.ic.hyd,ic,DOM,hyd,401,400.5,464,464,468,470.61,469,469,472,494,523,523,543,583,588,602,612,612,551,741,624.99,624.99,623.96,623.96
dom.ic.ore,ic,DOM,ore,0,0,0,0,0,0,0,0,0,0,0,0,0,0,0,0,0,0,0,0,0,0,0,0
dom.ic.bio,ic,DOM,bio,0,0,0,0,0,10,10,10,10,10,14,14,14,16.12,16.39,16.9,47,47,47,47,81.05,81.05,83.39,83.39
dza.ic.coa,ic,DZA,coa,0,0,0,0,0,0,0,0,0,0,0,0,0,0,0,0,0,0,0,0,0,0,0,0
dza.ic.nga,ic,DZA,nga,5436,5432.45,5818.58,5827.46,6187.84,6406.21,7190.41,7412.25,7412.25,10431.15,10431.15,10520.83,12008.57,14124.88,14943.67,16087.87,17868.19,18209.02,19797.89,19812.26,23201.6,23657.6,24457.6,25657.6
dza.ic.oil,ic,DZA,oil,688,687.55,736.42,737.54,783.16,810.79,426.59,439.75,439.75,618.85,618.85,624.17,712.43,590.12,624.33,672.13,680.81,682.98,682.11,667.74,1561.9,1561.9,1561.9,1561.9
dza.ic.nuc,ic,DZA,nuc,0,0,0,0,0,0,0,0,0,0,0,0,0,0,0,0,0,0,0,0,0,0,0,0
dza.ic.wnd,ic,DZA,wnd,0,0,0,0,0,0,0,0,0,0,0.1,0.1,0.1,10,10,10,10,10,10,10,10,10,10,10
dza.ic.sol,ic,DZA,sol,0,0,0,0,0,2,2,2,2,2,2,27,27,25,26.1,74,244,425,448,448,366.1,366.1,450.8,450.8
dza.ic.hyd,ic,DZA,hyd,274,280,280,280,280,280,280,280,280,275,275,275,275,275,275,275,275,275,270,270,208.6,128.9,128.9,128.9
dza.ic.ore,ic,DZA,ore,0,0,0,0,0,0,0,0,0,0,0,0,0,0,0,0,0,0,0,0,0,0,0,0
dza.ic.bio,ic,DZA,bio,0,0,0,0,0,0,0,0,0,0,0,0,0,0,0,0,0,0,0,0,0,0,0,0
ecu.ic.coa,ic,ECU,coa,0,0,0,0,0,0,0,0,0,0,0,0,0,0,0,0,0,0,0,0,0,0,0,0
ecu.ic.nga,ic,ECU,nga,0,0,0,0,0,0,496.63,549.07,486.46,533.73,574.12,630.26,638.33,810.93,865.46,903.69,925.34,754.56,750.51,753.4,941.85,984.85,963.56,963.56
ecu.ic.oil,ic,ECU,oil,1751,1378.2,1566,1569,1598,1803,1700.37,1879.93,1665.54,1827.42,1965.67,2157.9,2185.52,2750.96,2935.94,3065.64,3179.26,2947.1,3013.28,3024.89,2471.36,2498.19,2468.03,2489.91
ecu.ic.nuc,ic,ECU,nuc,0,0,0,0,0,0,0,0,0,0,0,0,0,0,0,0,0,0,0,0,0,0,0,0
ecu.ic.wnd,ic,ECU,wnd,0,0,0,0,0,0,0,3,4,3,2.5,2.5,2.5,19,21.15,21.15,21.15,21.15,21.15,21.15,21.15,21.15,21.15,71.13
ecu.ic.sol,ic,ECU,sol,0,0,0,0,0,0,0,0,0,0,0,0,0.1,4,26,26,26,26,27,28,27.63,27.65,28.65,31.48
ecu.ic.hyd,ic,ECU,hyd,1748,1757.71,1701.63,1733.58,1732.69,1764.16,1801,2057,2033,2059,2242,2234,2264,2264,2248,2409.66,4446.66,4447,4727,5043,5097.75,5098.75,5191.3,5192.3
ecu.ic.ore,ic,ECU,ore,0,0,0,0,0,0,0,0,0,0,0,0,0,0,0,0,0,0,0,0,0,0,0,0
ecu.ic.bio,ic,ECU,bio,0,0,0,0,28,56,63,63,95,95,101.3,101.3,101.3,101.3,144.3,144.3,146.3,151.56,151.56,151.56,151.56,152.62,152.62,152.62
egy.ic.coa,ic,EGY,coa,0,0,0,0,0,0,0,0,0,0,0,0,0,0,0,0,0,0,0,0,0,0,10,10
egy.ic.nga,ic,EGY,nga,11889,11883.23,11744.1,13181.78,13693.58,15046.79,15439.91,15833.4,16495.26,17407.38,19080.51,20678.1,22035.65,24722.49,24722.49,27434.64,30877.25,37036.2,46507.56,46507.56,51872,52020.2,52020.2,52020.2
egy.ic.oil,ic,EGY,oil,2467,2465.77,2436.9,2735.22,2841.42,3122.21,4179.09,4285.6,4464.74,4711.62,5164.49,5596.9,5964.35,4492.51,4492.51,4985.36,4979.75,4971.8,4916.44,4916.44,1370.89,1339.6,1329.6,1329.6
egy.ic.nuc,ic,EGY,nuc,0,0,0,0,0,0,0,0,0,0,0,0,0,0,0,0,0,0,0,0,0,0,0,0
egy.ic.wnd,ic,EGY,wnd,69,69,69,69,140,140,200,300,400,430,550,550,550,550,550,750,750,750,1125,1375,1380,1640,1642.5,1890
egy.ic.sol,ic,EGY,sol,0,0.5,0.6,0.6,0.6,0.6,0.6,0.7,0.9,1,15,35,35,35,35,45,59,180,765,1662,1643,1662.5,1724,1856
egy.ic.hyd,ic,EGY,hyd,2810,2678,2745,2745,2745,2793,2783,2842,2800,2800,2800,2800,2800,2850,2850,2850,2850,2850,2850,2850,2832,2832,2832,2832
egy.ic.ore,ic,EGY,ore,0,0,0,0,0,0,0,0,0,0,0,0,0,0,0,0,0,0,0,0,0,0,0,0
egy.ic.bio,ic,EGY,bio,67,67,67,67,67,67,67,67,67,67,67,67,67,67,67,67,67,67,67,79,78.5,123,123,131
eri.ic.coa,ic,ERI,coa,0,0,0,0,0,0,0,0,0,0,0,0,0,0,0,0,0,0,0,0,0,0,0,0
eri.ic.nga,ic,ERI,nga,0,0,0,0,0,0,0,0,0,0,0,0,0,0,0,0,0,0,0,0,0,0,0,0
eri.ic.oil,ic,ERI,oil,164,164,164,166,166,166,166,166,138.95,138.95,138.95,139,139,139,139,159,159,205,205,205,206,206,206,206
eri.ic.nuc,ic,ERI,nuc,0,0,0,0,0,0,0,0,0,0,0,0,0,0,0,0,0,0,0,0,0,0,0,0
eri.ic.wnd,ic,ERI,wnd,0,0,0,0,0,0,0.8,0.8,0.8,0.8,0.8,0.8,1,1,1,1,1,1,1,1,0.83,0.83,0.83,0.83
eri.ic.sol,ic,ERI,sol,0,0,0,0,0,1,1,1,1,1,0,0,0,0.01,8,8,8,10,18,20,25.91,25.13,24.79,24.79
eri.ic.hyd,ic,ERI,hyd,0,0,0,0,0,0,0,0,0,0,0,0,0,0,0,0,0,0,0,0,0,0,0,0
eri.ic.ore,ic,ERI,ore,0,0,0,0,0,0,0,0,0,0,0,0,0,0,0,0,0,0,0,0,0,0,0,0
eri.ic.bio,ic,ERI,bio,0,0,0,0,0,0,0,0,0,0,0,0,0,0,0,0,0,0,0,0,0,0,0,0
esp.ic.coa,ic,ESP,coa,12448,12448.14,12448.14,15518.27,14691.32,16929.03,10096.8,10976.58,11084.32,11030.68,11640.41,11465.4,11433.41,11338.4,11333.03,10066.17,9213.81,8789.8,8769.07,8555.82,40560.97,38554.18,38245.76,38238.76
esp.ic.nga,ic,ESP,nga,7965,7964.97,7964.97,9929.4,9400.28,10832.07,28195.11,30651.89,30952.74,30802.97,32505.64,32016.91,31927.57,33040.86,33025.23,29333.49,29268.23,27921.32,27459.49,27700.24,0,0,0,0
esp.ic.oil,ic,ESP,oil,9076,9075.9,9075.9,11314.33,10711.4,12342.9,4630.09,5033.53,5082.94,5058.34,5337.95,5257.69,5243.02,4245.74,4243.73,3769.34,3760.96,3587.88,3570.44,3585.94,0,0,0,0
esp.ic.nuc,ic,ESP,nuc,7574,7574,7574,7593,7594,7591,7450,7450,7450,7450,7514,7567,7560,7121,7121,7121,7121,7121,7121,7121,7117.29,7117.29,7117.29,7117
esp.ic.wnd,ic,ESP,wnd,4891,4891,4891,5945,8317,9918,11722,14820,16555,19176,20693,21529,22789,22958,22925,22943,22990,23124,23405,25583,26819.19,27907.65,30113.76,31027.76
esp.ic.sol,ic,ESP,sol,20,20,20,27,37,60,180,750,3450,3770,4653,5432,6569,6994,7001,7008,7017,7027,7068,11277,12439.6,16019.21,25615.27,31016.27
esp.ic.hyd,ic,ESP,hyd,15550,15550,15550,15525,12820,12808,12907,12961,13040,13069,13275,13283,13293,14076,14081,14086,14053,14052,14053,14053,20116.59,20132.37,20137.09,20140.09
esp.ic.ore,ic,ESP,ore,0,0,0,0,0,0,0,0,0,0,0,0.3,0.3,0.3,0.3,0.3,5,5,5,5,4.8,4.8,4.8,4.8
esp.ic.bio,ic,ESP,bio,452,452,452,548,674,695,737,750,712,868,973,1046,1132,1161,1184,1185,1185,1194,1208,1291,1264.35,1278.12,1278.63,1278.63
est.ic.coa,ic,EST,coa,967,844.08,829.21,829.21,922.54,867.93,898.19,916.45,930.77,892.82,893.18,891.75,888.52,723.71,748.7,798.99,703.72,671.42,752,701.25,1909,1397,1403,1308
est.ic.nga,ic,EST,nga,954,832.66,817.99,817.99,910.06,856.18,881.62,899.54,913.6,876.35,876.7,875.3,872.13,920.84,952.63,1016.62,891.19,884.52,990.68,923.82,0,0,0,0
est.ic.oil,ic,EST,oil,877,765.27,751.79,751.79,836.4,786.89,729.19,744.01,755.64,724.83,725.12,723.96,721.34,643.46,665.67,710.39,631.09,627.06,702.32,654.93,0,0,0,0
est.ic.nuc,ic,EST,nuc,0,0,0,0,0,0,0,0,0,0,0,0,0,0,0,0,0,0,0,0,0,0,0,0
est.ic.wnd,ic,EST,wnd,0,0,1,3,7,31,31,50,77,104,108,180,266,248,275,300,310,312,310,316,317,315,316,408
est.ic.sol,ic,EST,sol,0,0,0,0,0,0,0,0,0,0.2,0.1,0.2,0.4,2,3,7,10,15,32,121,207.67,394.77,520,822
est.ic.hyd,ic,EST,hyd,1,3,3,4,4,5,5,5,5,7,6,5,8,8,5,6,6,7,7,7,8,6,8,8
est.ic.ore,ic,EST,ore,0,0,0,0,0,0,0,0,0,0,0,0,0,0,0,0,0,0,0,0,0,0,0,0
est.ic.bio,ic,EST,bio,0,0,0,11,11,12,12,12,12,60,142,149,167,261,278,281,281,281,259,273,296,296,296,294
eth.ic.coa,ic,ETH,coa,0,0,0,0,0,0,0,0,0,0,0,0,0,0,0,0,0,0,0,0,0,0,0,0
eth.ic.nga,ic,ETH,nga,0,0,0,0,0,0,0,0,0,0,0,0,0,0,0,0,0,0,0,0,0,0,0,0
eth.ic.oil,ic,ETH,oil,161,209.66,195.29,136.99,196.38,196.46,197.01,153.75,202.66,188.29,129,189,189,190,190,143,99.2,104,104,104,104,104,104,99.14
eth.ic.nuc,ic,ETH,nuc,0,0,0,0,0,0,0,0,0,0,0,0,0,0,0,0,0,0,0,0,0,0,0,0
eth.ic.wnd,ic,ETH,wnd,0,0,0,0,0,0,0,0,0,0,0,30,51,171,171,324,324,324,324,324,324.01,324.01,404.01,324.01
eth.ic.sol,ic,ETH,sol,0,0,0,0,0,0,0,0,0,0,0.3,0.5,1,3,9,10,14,12,12,12,20.18,21.18,21.18,21.18
eth.ic.hyd,ic,ETH,hyd,451,451,635,635,668.75,668.75,669,669,784,1413,1870,1970,1970,1970,1970,2160,2160,3817,3817,3820,4071.28,4071.28,4821.28,4882.58
eth.ic.ore,ic,ETH,ore,7,7.3,7.3,7.3,7.3,7.3,7.3,7.3,7.3,7.3,7.3,7.3,7.3,7.3,7.3,7.3,7.3,7.3,7.3,7.3,7.3,7.3,7.3,7.3
eth.ic.bio,ic,ETH,bio,21,21,21,21,21,21,21,21,21,21,19.8,19.8,19.8,71,71,119,145,205,290,290,290,335,335,310
fin.ic.coa,ic,FIN,coa,4375,4423.03,4418.27,4359.28,4334.07,4260.34,4775.7,4802.21,4146.4,4039.84,4149.05,4137.39,4155.94,4193.8,3828.97,3832.93,3378.12,3443.44,3396.92,3396.92,5923,5823,5381,5213
fin.ic.nga,ic,FIN,nga,2215,2238.89,2236.48,2206.62,2193.86,2156.54,2282.71,2295.38,1981.91,1930.98,1983.18,1977.6,1986.47,2175.19,1985.97,1988.02,1925.26,1962.49,1935.98,1935.98,0,0,0,0
fin.ic.oil,ic,FIN,oil,2608,2636.08,2633.25,2598.09,2583.07,2539.12,1949.59,1960.41,1692.69,1649.19,1693.77,1689.01,1696.58,2103.01,1920.06,1922.05,1522.62,1552.07,1531.1,1531.1,0,0,0,0
fin.ic.nuc,ic,FIN,nuc,2640,2640,2671,2671,2671,2671,2671,2671,2671,2671,2700,2736,2752,2752,2752,2752,2764,2769,2874,2874,2794,2794,2794,4394
fin.ic.wnd,ic,FIN,wnd,38,39,43,52,82,82,86,110,143,147,197,199,257,447,627,1005,1565,2044,2041,2284,2586,3257,5677,6957
fin.ic.sol,ic,FIN,sol,2,3,3,3,4,4,5,5,6,7,8,8,8,9,11,17,39,82,140,222,318,425,664,900
fin.ic.hyd,ic,FIN,hyd,2882,2926,2964,2966,2999,3035,3062,3102,3122,3145,3155,3196,3196,3224,3248,3249,3249,3272,3287,3287,3164,3171,3171,3177
fin.ic.ore,ic,FIN,ore,0,0,0,0,0,0,0,0,0,0,0,0,0,0,0,0,0,0,0,0,0,0,0,0
fin.ic.bio,ic,FIN,bio,1500,1600,1600,1700,1700,1720,1730,1757,1801,1701,1783,1760,1728,1751,1751,1751,1747,1966,1966,2227,2706,2711,3197,3059
fra.ic.coa,ic,FRA,coa,2625,2743.23,2809.28,2709.6,2718.36,2565.02,7142.26,7123.71,7087.48,7071.54,7831.27,7820.55,8124.61,3492.79,3258.51,3248.28,3158.51,3133.41,2828.23,2979.91,34.2,34.2,34.2,39.2
fra.ic.nga,ic,FRA,nga,6292,6575.4,6733.72,6494.8,6515.79,6148.24,8060.45,8039.52,7998.62,7980.63,8838.04,8825.93,9169.09,12710.89,11858.31,11821.07,12297.86,12471.13,11462.21,12121.48,0,0,0,0
fra.ic.oil,ic,FRA,oil,17154,17927.37,18359,17707.6,17764.85,16762.74,9437.28,9412.77,9364.9,9343.83,10347.69,10333.52,10735.29,9737.31,9084.18,9055.65,7521.62,4343.7,3300.64,3381.61,0,0,0,0
fra.ic.nuc,ic,FRA,nuc,63080,63080,62970,63260,63260,63260,63260,63260,63260,63260,63130,63130,63130,63130,63130,63130,63130,63130,63130,63130,0,0,0,0
fra.ic.wnd,ic,FRA,wnd,38,66,138,218,358,690,1412,2223,3403,4582,5912,6758,7607,8156,9201,10298,11567,13499,14900,16427,0,0,0,0
fra.ic.sol,ic,FRA,sol,7,7,8,9,11,13,15,26,80,263,1044,3004,4359,5277,6034,7138,7702,8610,9691,10804,0.04,0.04,0.06,0.06
fra.ic.hyd,ic,FRA,hyd,17646,17674,17775,17927,17812,17808,17820,17832,17922,18009,18156,18373,18388,18379,18392,18415,18486,18561,18857,18880,0,0,0,0
fra.ic.ore,ic,FRA,ore,213,215,218,219,218,216,215,215,219.5,217.5,217.5,231,231,234,236,234,236,234.9,233.9,229.9,0,0,0,0
fra.ic.bio,ic,FRA,bio,648,694,801,844,936,971,1032,1096,1197,1228,1394,1429,1514,1667,1717,1742,1917,1959,2192,2192,0,0,0,0
gab.ic.coa,ic,GAB,coa,0,0,0,0,0,0,0,0,0,0,0,0,0,0,0,0,0,0,0,0,0,0,0,0
gab.ic.nga,ic,GAB,nga,93,92.58,94.55,96.12,96.12,96.52,87.94,87.94,70.35,97.81,97.81,97.81,104.99,193.69,190.86,192.28,187.71,175.58,197.1,197.1,192.33,192.33,192.33,192.33
gab.ic.oil,ic,GAB,oil,142,142.42,145.45,147.88,147.88,148.48,157.06,157.06,125.65,174.69,174.69,174.69,187.51,148.81,146.64,147.72,164.29,183.81,221.14,221.14,87.14,87.14,87.14,87.14
gab.ic.nuc,ic,GAB,nuc,0,0,0,0,0,0,0,0,0,0,0,0,0,0,0,0,0,0,0,0,0,0,0,0
gab.ic.wnd,ic,GAB,wnd,0,0,0,0,0,0,0,0,0,0,0,0,0,0,0,0,0,0,0,0,0,0,0,0
gab.ic.sol,ic,GAB,sol,0,0,0,0,0,0,0,0,0,0,1,1,1,1,1,1,1,1,1,1,0.09,0.49,0.51,0.51
gab.ic.hyd,ic,GAB,hyd,168,171,171,170,170,170,170,170,170,170,170,170,170,330,330,330,330,330,330,330,330.58,330.58,330.58,330.58
gab.ic.ore,ic,GAB,ore,0,0,0,0,0,0,0,0,0,0,0,0,0,0,0,0,0,0,0,0,0,0,0,0
gab.ic.bio,ic,GAB,bio,0,0,0,0,0,0,0,0,0,0,0,0,0,0,0,1.2,1.2,1.2,1.2,1.2,1.2,1.2,1.2,1.2
gbr.ic.coa,ic,GBR,coa,32144,32143.94,32143.94,32980.41,34085.86,34475.12,27479.39,27494.24,27657.17,27946.54,29930.96,28718.76,28639.41,22502.06,21776.85,19576.14,15535.62,16994.96,14918.04,10900.37,7225.69,7292.17,7239.56,7266.11
gbr.ic.nga,ic,GBR,nga,21602,21601.82,21601.82,22163.95,22906.85,23168.45,31603.38,31620.46,31807.84,32140.64,34422.87,33028.74,32937.49,36091.25,34928.08,31398.34,31584.58,36961.84,34205.28,31075.81,34701.82,34567.68,34945.98,34945.98
gbr.ic.oil,ic,GBR,oil,5049,5049.24,5049.24,5180.64,5354.29,5415.43,5682.22,5685.3,5718.99,5778.82,6189.16,5938.5,5922.09,2377.7,2301.07,2068.53,2557.8,2768.25,2601.96,2339.83,1274.7,1347.24,1367.04,1367.04
gbr.ic.nuc,ic,GBR,nuc,12244,12244,12244,12044,11852,11852,10965,10222,10097,10137,10137,9920,9231,9243,9373,8918,8918,8918,8923,8923,9261,7833,7833,5883
gbr.ic.wnd,ic,GBR,wnd,534,534,534,742,933,1565,1955,2477,3447,4420,5421,6596,9030,11282,13074,14306,16126,19585,21767,24095,24457.97,25748.29,28762.17,30102.27
gbr.ic.sol,ic,GBR,sol,4,4,4,6,8,11,14,18,23,27,96,1000,1753,2937,5528,9601,11914,12760,13073,13346,13551,13915,14651,15919.4
gbr.ic.hyd,ic,GBR,hyd,1590,1590,1590,1486,1499,1501,1515,1522,1626,1638,1637,1673,1693,1709,1730,1777,1836,1873,1878,1878,4785.26,4790.43,4790.43,4791.18
gbr.ic.ore,ic,GBR,ore,1,0.5,0.5,0.5,0.5,0.5,0.5,0.5,0.5,1,4,4,9,8,9,9,13,18,20,20,22.4,22.4,22.4,23.8
gbr.ic.bio,ic,GBR,bio,987,987,987,1278,1431,1714,1688,1754,1762,1906,2366,3455,3373,4063,4594,5273,5759,6042,7553,7826,7305.14,7390.68,7460.42,7483.11
geo.ic.coa,ic,GEO,coa,512,512.18,512.18,526.53,526.53,526.53,673.22,673.22,673.22,673.22,673.22,673.22,673.22,202.58,183.22,183.22,249.38,249.81,257.76,271.88,0,0,0,0
geo.ic.nga,ic,GEO,nga,942,941.51,941.51,967.89,967.89,967.89,940.53,940.53,940.53,940.53,940.53,940.53,940.53,477.42,431.78,431.78,599.62,599.19,618.24,652.12,1189,1189,1189,1189
geo.ic.oil,ic,GEO,oil,188,188.3,188.3,193.58,193.58,193.58,74.25,74.25,74.25,74.25,74.25,74.25,74.25,0,0,0,0,0,0,0,0,0,0,0
geo.ic.nuc,ic,GEO,nuc,0,0,0,0,0,0,0,0,0,0,0,0,0,0,0,0,0,0,0,0,0,0,0,0
geo.ic.wnd,ic,GEO,wnd,0,0,0,0,0,0,0,0,0,0,0,0,0,0,0,0,21,21,21,21,21,21,21,21
geo.ic.sol,ic,GEO,sol,0,0,0,0,0,0,0,0,0,0,0,0,0,0,0,0,0.25,0.25,0.26,1,4.72,18.37,23.37,57.66
geo.ic.hyd,ic,GEO,hyd,2662,2662,2662,2700,2700,2720,2635,2635,2662,2662,2662,2662,2710,2730,2870,2880,2920,3160,3270,3220,3323,3354,3376,3446
geo.ic.ore,ic,GEO,ore,0,0,0,0,0,0,0,0,0,0,0,0,0,0,0,0,0,0,0,0,0,0,0,0
geo.ic.bio,ic,GEO,bio,0,0,0,0,0,0,0,0,0,0,0,0,0,0,0,0,0,0,0,0,0,0,0,0
gha.ic.coa,ic,GHA,coa,0,0,0,0,0,0,0,0,0,0,0,0,0,0,0,0,0,0,0,0,0,0,0,0
gha.ic.nga,ic,GHA,nga,27,65.48,113.49,168.78,160.05,160.05,263.93,362.3,497.15,599.84,681.42,777.39,830.18,723.44,723.44,1122.87,1323,1421.16,1497.11,1384.59,3224.5,3434.5,3543.5,3543.5
gha.ic.oil,ic,GHA,oil,65,159.52,276.51,411.22,389.95,389.95,286.07,392.7,538.85,650.16,738.58,842.61,899.82,734.56,734.56,1140.13,1079,1584.84,1978.89,2091.41,414,414,370,370
gha.ic.nuc,ic,GHA,nuc,0,0,0,0,0,0,0,0,0,0,0,0,0,0,0,0,0,0,0,0,0,0,0,0
gha.ic.wnd,ic,GHA,wnd,0,0,0,0,0,0,0,0,0,0,0,0,0,0,0,0.03,0.03,0.03,0.03,0.03,0.02,0.02,0.02,0.02
gha.ic.sol,ic,GHA,sol,0,0,0,0,0,0,0,0,0,0,1,3,5,3,5,30,34,39,62.88,62.88,107.85,165.42,168.95,168.95
gha.ic.hyd,ic,GHA,hyd,1072,1072,1182,1180,1198,1198,1180,1180,1180,1180,1180,1180,1203,1580,1580,1584,1584,1584,1584,1584,1584.09,1584.09,1584.09,1584.09
gha.ic.ore,ic,GHA,ore,0,0,0,0,0,0,0,0,0,0,0,0,0,0,0,0.4,0.4,0.4,0.4,0.4,0,0,0,0
gha.ic.bio,ic,GHA,bio,6,6,6,6,6,6,4,4,7,7,7,7,7,6.77,8.27,8.37,8.37,8.37,8.37,8.37,8.37,8.37,8.37,8.37
gib.ic.coa,ic,GIB,coa,17,16.89,16.89,16.89,18.19,18.19,18.12,18.12,20.66,20.66,20.66,20.66,20.66,21.67,21.67,21.67,22.1,22.19,22.13,22.21,22.21,22.21,22.21,
gib.ic.nga,ic,GIB,nga,12,11.9,11.9,11.9,12.82,12.82,15.3,15.3,17.45,17.45,17.45,17.45,17.45,17.06,17.06,17.06,16.7,16.72,16.9,16.86,16.86,16.86,16.86,
gib.ic.oil,ic,GIB,oil,6,6.21,6.21,6.21,6.69,6.69,4.28,4.28,4.88,4.88,4.88,4.88,4.88,4.26,4.26,4.26,4.2,4.09,3.97,3.93,3.93,3.93,3.93,
gib.ic.nuc,ic,GIB,nuc,0,0,0,0,0,0,0,0,0,0,0,0,0,0,0,0,0,0,0,0,0,0,0,
gib.ic.wnd,ic,GIB,wnd,0,0,0,0,0,0,0,0,0,0,0,0,0,0,0,0,0,0,0,0,0,0,0,
gib.ic.sol,ic,GIB,sol,0,0,0,0,0,0,0,0,0,0,0,0,0,0,0,0,0,0,0,0,0,0,0,
gib.ic.hyd,ic,GIB,hyd,0,0,0,0,0,0,0,0,0,0,0,0,0,0,0,0,0,0,0,0,0,0,0,
gib.ic.ore,ic,GIB,ore,0,0,0,0,0,0,0,0,0,0,0,0,0,0,0,0,0,0,0,0,0,0,0,
gib.ic.bio,ic,GIB,bio,0,0,0,0,0,0,0,0,0,0,0,0,0,0,0,0,0,0,0,0,0,0,0,
grc.ic.coa,ic,GRC,coa,4492,4509.21,4844.48,5093.11,5229.59,5732.2,4383.21,4363.67,4524.96,4600.37,4776.19,4979.27,5060.14,4446.9,4162.29,4109.19,4067.54,4068.73,3645.32,3645.32,3607.44,3027.39,3027.39,
grc.ic.nga,ic,GRC,nga,1112,1116.26,1199.26,1260.81,1294.59,1419.01,2973.96,2960.71,3070.13,3121.3,3240.59,3378.38,3433.25,4105.79,3843,3793.98,3757.74,3758.84,3920.66,3920.66,3879.92,3256.06,3256.06,
grc.ic.oil,ic,GRC,oil,1966,1973.53,2120.27,2229.09,2288.82,2508.79,2290.83,2280.62,2364.91,2404.33,2496.21,2602.35,2644.62,2587.31,2421.71,2390.82,2405.72,2406.42,2510.02,2510.02,2483.94,2084.54,2084.54,
grc.ic.nuc,ic,GRC,nuc,0,0,0,0,0,0,0,0,0,0,0,0,0,0,0,0,0,0,0,0,0,0,0,
grc.ic.wnd,ic,GRC,wnd,226,270,287,371,470,491,749,846,1022,1171,1298,1640,1753,1809,1978,2091,2370,2624,2877,3589,4119.3,4649.1,4879.1,
grc.ic.sol,ic,GRC,sol,0,1,1,1,1,1,5,9,12,46,202,612,1536,2579,2596,2604,2604,2606,2652,2834,3287.7,4277.4,5557.4,
grc.ic.hyd,ic,GRC,hyd,2373,2377,2379,2380,2400,2407,2435,2451,2477,2502,2516,2525,2537,2539,2690,2693,2693,2693,2710,2710,2697,2722,2724,
grc.ic.ore,ic,GRC,ore,0,0,0,0,0,0,0,0,0,0,0,0,0,0,0,0,0,0,0,0,0,0,0,
grc.ic.bio,ic,GRC,bio,36,46,46,46,48,48,34,76,83,83,84,88,88,89,90,94,101,107,125,131,97.4,108.5,108.5,
gtm.ic.coa,ic,GTM,coa,155,155.09,133.85,185.86,174.78,184.74,159.53,192.72,210.28,184.48,184.14,186.22,167.17,580.32,613.17,719.46,806.15,817.41,770.07,770.07,1015.01,1015.01,1015.03,
gtm.ic.nga,ic,GTM,nga,0,0,0,0,0,0,0,0,0,0,0,0,0,0,0,0,0,0,0,0,0,0,0,
gtm.ic.oil,ic,GTM,oil,971,973.81,840.45,1166.94,1097.42,1159.96,1185.17,1431.78,1562.22,1370.52,1368.06,1383.48,1241.95,956.18,1010.33,1185.44,1135.7,1027.09,999.47,999.47,1317.39,1317.39,1317.4,
gtm.ic.nuc,ic,GTM,nuc,0,0,0,0,0,0,0,0,0,0,0,0,0,0,0,0,0,0,0,0,0,0,0,
gtm.ic.wnd,ic,GTM,wnd,0,0,0,0,0,0,0,0,0,0,0,0,0,0,0,75.9,75.9,75.9,107.4,107.4,107.4,107.4,107.4,
gtm.ic.sol,ic,GTM,sol,0,0,0,0,0,0,0,0,0,0,1,1,2,3,10,93,93,99.31,100.81,100.81,100.8,101.3,104.8,
gtm.ic.hyd,ic,GTM,hyd,540,539.5,511.9,627.3,681.9,716.9,739,775,777,778,800,838,945,996.6,1000.67,1050,1317,1437.68,1499,1560,1577.2,1578.7,1580.5,
gtm.ic.ore,ic,GTM,ore,0,0,0,0,0,29,29,40,40,49,49,49,49,49,49,49,49,49,49,52,49.2,49.2,49.2,
gtm.ic.bio,ic,GTM,bio,164,200,183,183,183,238,307,307,351,373,372,384,473,598,715,870,1060,1090.81,1103.28,1036,1035.7,1035.7,1035.7,
hkg.ic.coa,ic,HKG,coa,7795,7795.06,7820.67,7872.56,7872.56,7954.09,7750.44,7915.72,7903.2,7903.2,7903.2,7903.2,7903.82,7903.82,7903.82,7903.82,7919.47,7802.23,7635.28,7599.85,8161.83,8230.84,8230.84,
hkg.ic.nga,ic,HKG,nga,3071,3071,3081.08,3101.52,3101.52,3133.65,4280.6,4371.88,4364.96,4364.96,4364.96,4364.96,4365.31,4365.31,4365.31,4365.31,4373.95,4338.48,4302.94,4282.97,4599.68,4638.57,4638.57,
hkg.ic.oil,ic,HKG,oil,702,701.94,704.25,708.92,708.92,716.26,348.96,356.4,355.84,355.84,355.84,355.84,355.87,355.87,355.87,355.87,356.57,351.29,343.78,342.18,367.49,370.59,370.59,
hkg.ic.nuc,ic,HKG,nuc,0,0,0,0,0,0,0,0,0,0,0,0,0,0,0,0,0,0,0,0,0,0,0,
hkg.ic.wnd,ic,HKG,wnd,0,0,0,0,0,0,0.8,0.8,0.8,0.8,0.8,0.8,0,0,0,0,0,0,0,0,0.8,0.8,0.8,
hkg.ic.sol,ic,HKG,sol,0,0,0,0,0,0,0,0,0,0,0,0,0,0,0,0,0,0,0,0,91,95.3,95.3,
hkg.ic.hyd,ic,HKG,hyd,0,0,0,0,0,0,0,0,0,0,0,0,0,0,0,0,0,0,0,0,0,0,0,
hkg.ic.ore,ic,HKG,ore,0,0,0,0,0,0,0,0,0,0,0,0,0,0,0,0,0,0,0,0,0,0,0,
hkg.ic.bio,ic,HKG,bio,0,0,0,0,0,0,0,0,0,0,0,0,0,0,0,0,0,0,0,0,52.3,52.3,52.3,
hnd.ic.coa,ic,HND,coa,0,0,0,0,0,0,8.16,8.43,8.37,8.47,8.47,8.34,8.93,41.53,42.99,41.34,43.7,42.32,42.35,78.53,47.69,47.69,47.69,
hnd.ic.nga,ic,HND,nga,98,107.4,131.64,131.41,131.41,220.91,73.97,76.38,75.81,76.73,76.75,75.58,80.9,75.65,78.31,75.3,79.6,77.09,77.14,143.04,86.88,86.88,86.88,
hnd.ic.oil,ic,HND,oil,366,401.6,492.26,491.39,491.39,826.09,962.87,994.2,986.83,998.8,999.08,983.88,1053.07,965.72,999.61,961.26,1061.31,1065.19,1051.01,1948.93,1183.65,1183.65,1183.65,
hnd.ic.nuc,ic,HND,nuc,0,0,0,0,0,0,0,0,0,0,0,0,0,0,0,0,0,0,0,0,0,0,0,
hnd.ic.wnd,ic,HND,wnd,0,0,0,0,0,0,0,0,0,0,0,70,102,152,152,152,175,225,225,241,238.9,238.9,238.9,
hnd.ic.sol,ic,HND,sol,0,0,0,0,0,0,0,0,0,0,4,5,5,5,5,393.16,414,453.79,485,514,524.9,528.5,528.7,
hnd.ic.hyd,ic,HND,hyd,434,435.2,465.7,467,475,479,503,520,522,526,526,529,535.78,555.85,622.46,632,670,670,706,729,837,849.1,849.1,
hnd.ic.ore,ic,HND,ore,0,0,0,0,0,0,0,0,0,0,0,0,0,0,0,0,0,35,35,35,39,39,39,
hnd.ic.bio,ic,HND,bio,0,3,18,26,30,59.8,60,67.8,81.8,91.4,90.9,88,88,88,129,129,121,121,121,126,221.4,221.4,221.4,
hrv.ic.coa,ic,HRV,coa,303,302.9,337.26,333.29,333.29,325.51,289.72,291.65,291.97,301.61,286.34,287.31,304.99,268.47,280.67,308.4,303.43,311.92,310.98,310.98,223.96,223.96,223.96,
hrv.ic.nga,ic,HRV,nga,710,710.45,791.04,781.71,781.71,763.47,913.81,919.89,920.91,951.33,903.16,906.2,961.98,976.59,1020.96,1121.84,1097.63,1129.28,1131.39,1131.39,814.79,814.79,814.79,
hrv.ic.oil,ic,HRV,oil,662,661.64,736.69,728,728,711.02,598.48,602.46,603.13,623.05,591.5,593.49,630.03,603.94,631.38,693.77,680.54,699.9,699.63,699.63,503.85,503.85,503.85,
hrv.ic.nuc,ic,HRV,nuc,0,0,0,0,0,0,0,0,0,0,0,0,0,0,0,0,0,0,0,0,0,0,0,
hrv.ic.wnd,ic,HRV,wnd,0,0,0,0,6,6,17,17,17,27,89,131,180,254,340,418,483,576,586.3,646,801.3,986.9,1042.9,
hrv.ic.sol,ic,HRV,sol,0,0,0,0,0,0,0,0,0,0,0,3,4,19,33,48,56,60,67.7,85,108.5,138.3,182.3,
hrv.ic.hyd,ic,HRV,hyd,1785,1785,1775,1783,1790,1804,1804,1782,1782,1799,1848,1848,1848,1897,1900,1915,1912,1912,1913,1913,2199.5,2200.5,2201,
hrv.ic.ore,ic,HRV,ore,0,0,0,0,0,0,0,0,0,0,0,0,0,0,0,0,0,0,10,10,10,10,10,
hrv.ic.bio,ic,HRV,bio,3,3,3,3,3,5,5,5,7,8,9,14,20,20,24,52.5,62.5,86.6,115.4,127,135.3,154.4,157.4,
hti.ic.coa,ic,HTI,coa,0,0,0,0,0,0,0,0,0,0,0,0,0,0,0,0,0,0,0,0,0,0,0,
hti.ic.nga,ic,HTI,nga,0,0,0,0,0,0,0,0,0,0,0,0,0,0,0,0,0,0,0,0,0,0,0,
hti.ic.oil,ic,HTI,oil,201,181,181,181,181,181,181,181,181,178,206.5,206.5,206.5,262.3,259,271,274.13,282,290.1,290.1,390.4,390.4,390.37,
hti.ic.nuc,ic,HTI,nuc,0,0,0,0,0,0,0,0,0,0,0,0,0,0,0,0,0,0,0,0,0,0,0,
hti.ic.wnd,ic,HTI,wnd,0,0,0,0,0,0,0,0,0,0,0,0,0,0,0,0,0,0,0.02,0.02,0,0,0,
hti.ic.sol,ic,HTI,sol,0,0,0,0,0,0,0,0,0,0,0,0,0.4,1,1.51,2,2,2,3,3,2.6,2.6,2.6,
hti.ic.hyd,ic,HTI,hyd,62,63,63,63,63,63,63,63,63,62,60,60,60,60,60,60,60,60,77.89,60,77.9,78,78,
hti.ic.ore,ic,HTI,ore,0,0,0,0,0,0,0,0,0,0,0,0,0,0,0,0,0,0,0,0,0,0,0,
hti.ic.bio,ic,HTI,bio,0,0,0,0,0,0,0,0,0,0,0,0,0,0,0,0,0,0,0,0,0,0,0,
hun.ic.coa,ic,HUN,coa,1916,1944.6,1968.73,1905.7,1959.38,1895.44,1300.5,1287.91,1270.36,1267.26,1260.87,1390.5,1372.54,1195.11,1274.68,1242.64,1171.36,1133.26,1133.26,1124.72,1193.06,1195,1195,
hun.ic.nga,ic,HUN,nga,3859,3917.49,3966.09,3839.12,3947.26,3818.46,4593.52,4549.05,4487.07,4476.13,4453.53,4911.43,4847.99,4005.76,4272.47,4165.08,4248.84,4251.66,4251.66,4219.61,4476.01,4483.29,4483.29,
hun.ic.oil,ic,HUN,oil,577,585.91,593.18,574.18,590.36,571.1,405.98,402.05,396.57,395.6,393.6,434.07,428.47,431.13,459.84,448.28,457.8,452.08,452.08,448.67,475.93,476.7,476.7,
hun.ic.nuc,ic,HUN,nuc,1729,1755,1755,1755,1755,1755,1755,1829,1859,1889,1889,1889,1889,1889,1889,1889,1889,1889,1902,1902,1902,1916,1916,
hun.ic.wnd,ic,HUN,wnd,0,1,1,3,3,17,33,61,134,203,293,331,325,329,329,329,329,329,329,323,323,324,324,
hun.ic.sol,ic,HUN,sol,0,0,0,0,0,0,0,0,1,1,2,4,12,35,89,172,235,344,728,1400,2131,2968,2988,
hun.ic.hyd,ic,HUN,hyd,48,48,48,54,49,49,49,49,51,53,53,55,56,57,57,57,57,57,57,57,58,58,58,
hun.ic.ore,ic,HUN,ore,0,0,0,0,0,0,0,0,0,0,0,0,0,10,13,14,37,40,40,40,3,3,3,
hun.ic.bio,ic,HUN,bio,31,30,71,69,218,369,372,368,418,531,537,528,358,355,577,553,474,503,525,520,509,550.5,550.5,
idn.ic.coa,ic,IDN,coa,6456,6525.66,6527.14,7760.38,7835.02,8376.44,11341.83,11551.82,11171.15,12093.33,12982,15511.29,17752.4,24806.86,25890.83,27231,29886.07,30219.72,32726.74,35071.97,33800.66,33800.66,33800.66,
idn.ic.nga,ic,IDN,nga,7056,7132.12,7133.74,8481.59,8563.17,9154.91,9049.7,9217.25,8913.51,9649.33,10358.4,12376.53,14164.73,12737.94,13294.54,13982.7,15093.73,15650.66,17946.61,17895.82,17247.12,17247.12,17247.12,
idn.ic.oil,ic,IDN,oil,3873,3915.22,3916.11,4656.03,4700.81,5025.65,4993.48,5085.93,4918.34,5324.34,5715.6,6829.17,7815.87,6898.2,7199.63,7572.3,7601.2,7596.62,6460.66,6409.07,6176.75,6176.75,6176.75,
idn.ic.nuc,ic,IDN,nuc,0,0,0,0,0,0,0,0,0,0,0,0,0,0,0,0,0,0,0,0,0,0,0,
idn.ic.wnd,ic,IDN,wnd,0,0,0,0,0,0,0.01,0.1,0.3,1,1,1,1,1,1,1,1,1,76,144,154.3,154.3,154.3,
idn.ic.sol,ic,IDN,sol,0,0,0,0,0,0,0,0,0,0,15,17,26,38.38,41.65,79,88,98,69,155,185.3,225,290.6,
idn.ic.hyd,ic,IDN,hyd,4393,4383,4383,4535,4566,4588,4897,4869,5059,5063,5078,3945,4146,5166,5229,5307,5651,5688,4828,5031,6140.6,6601.8,6688.7,
idn.ic.ore,ic,IDN,ore,525,785,785,805,820,820,820,932.5,1002.5,1189,1197,1209,1344,1345,1404,1439,1644,1809,1946,2131,2130.7,2286.1,2342.6,
idn.ic.bio,ic,IDN,bio,748,753,753,753,753,1080,1110,1110,1110,1790,1910,1950,1970,1701,1729,1734,1775,1849,1875,1884,1895.7,2270.2,3004.9,
ind.ic.coa,ic,IND,coa,67721,75056.19,77955.12,79199.39,81602.58,85144.17,88600.51,96791.8,100155.74,108762.8,120494.69,139734.23,156993.54,180280.6,200101.21,221938.44,232950.76,240406.43,246903.58,251037.7,269105.52,273304.78,274320.4,
ind.ic.nga,ic,IND,nga,9732,10786.21,11202.81,11381.63,11726.99,12235.94,15705.97,17158.01,17754.33,19280.08,21359.76,24770.3,27829.81,24907.83,27646.28,30663.34,30697.19,30967.18,30944.05,31318.35,33572.41,34096.29,34223,
ind.ic.oil,ic,IND,oil,5057,5604.6,5821.07,5913.98,6093.43,6357.89,3522.53,3848.19,3981.93,4324.13,4790.55,5555.47,6241.65,4001.57,4441.51,4926.22,4713.05,4688.39,4502.37,4415.96,4733.78,4807.65,4825.52,
ind.ic.nuc,ic,IND,nuc,2508,2508,2503,2547,2547,2993,3577,3782,3782,3987,4189,4391,4391,5308,5308,5308,6240,6255,6255,6255,6780,6780,6290,
ind.ic.wnd,ic,IND,wnd,1267,1456,1702,2125,3000,5300,6200,7800,10000,11000,13065,16084,18421,20150,22465,24760,28279,32879,35300,37505,38558.6,40067.3,41929.8,
ind.ic.sol,ic,IND,sol,0,0,2,3,4,4,4.8,4.3,10,12,60,566,982,1499.33,3672.51,5593.48,9879.02,18151.76,27353,35089,39385.2,49684,63146.1,
ind.ic.hyd,ic,IND,hyd,25140,26260,26910,29569,29413,30917,32995,34000,32204,32133,32839,34253,34773,35810,36548,38058,42771,44595,45130,45285,45978.5,46778.9,47216.9,
ind.ic.ore,ic,IND,ore,0,0,0,0,0,0,0,0,0,0,0,0,0,0,0,0,0,0,0,0,0,0,0,
ind.ic.bio,ic,IND,bio,347,415,483,613,750,1000,1300,1600,2100,2600,3200,3677,3929,4180.35,5030.08,5478.22,8895.17,9417.18,10137,10225,10532.5,10591.5,10669.9,
irl.ic.coa,ic,IRL,coa,1256,1256.41,1472.38,1515.52,1524.2,1586.26,969.71,1106.95,1063.02,1056.62,1200.83,1203.28,1174.44,1161.09,1133.6,1179.84,1179.9,1187.05,1187.24,1123.57,1172.33,1139.53,1139.53,
irl.ic.nga,ic,IRL,nga,1948,1948.29,2283.19,2350.08,2363.55,2459.79,3250.72,3710.77,3563.53,3542.04,4025.48,4033.69,3937.01,4200.62,4101.2,4268.47,4265.37,4298.7,4299.37,4068.81,4245.39,4126.62,4126.62,
irl.ic.oil,ic,IRL,oil,844,844.29,989.42,1018.41,1024.25,1065.95,923.57,1054.28,1012.45,1006.34,1143.69,1146.03,1118.56,891.29,870.19,905.69,905.73,909.25,909.39,860.62,897.98,872.85,872.85,
irl.ic.nuc,ic,IRL,nuc,0,0,0,0,0,0,0,0,0,0,0,0,0,0,0,0,0,0,0,0,0,0,0,
irl.ic.wnd,ic,IRL,wnd,119,126,138,214,342,517,749,980,1030,1266,1374,1631,1704,2008,2283,2451,2786,3318,3676,4160,4306.7,4339,4619,
irl.ic.sol,ic,IRL,sol,0,0,0,0,0,0,0,0,0,1,1,1,1,1,2,2,6,16,24,31,89.9,135.3,135.3,
irl.ic.hyd,ic,IRL,hyd,236,238,240,240,240,234,234,234,234,234,237,237,237,237,237,237,237,237,237,237,237,237,237,
irl.ic.ore,ic,IRL,ore,0,0,0,0,0,0,0,0,0,0,0,0,0,0,0,0,0,0,0,0,0,0,0,
irl.ic.bio,ic,IRL,bio,15,15,15,15,17,20,27,29,34,35,36,44,64,73,80,80,83,140,140,144,107.3,107.6,107.6,
irn.ic.coa,ic,IRN,coa,0,0,0,0,0,0,0,0,0,0,0,0,0,0,0,0,0,0,0,0,0,0,0,
irn.ic.nga,ic,IRN,nga,22222,23493.8,24352.68,25651.93,27020.45,25483.58,29396.8,31856.05,36369.81,40222.35,43987.81,42054.47,44078.22,45149.44,46945.98,47297.46,47013.82,48557.69,50733.44,51054.08,52227.11,52227.11,52227.11,
irn.ic.oil,ic,IRN,oil,8256,8729.2,9048.32,9531.07,10039.55,9468.52,9294.5,10072.05,11499.19,12717.25,13907.79,13296.53,13936.38,13683.16,14227.62,14334.14,14248.18,14587.31,14507.56,14186.92,14512.89,14512.89,14512.89,
irn.ic.nuc,ic,IRN,nuc,0,0,0,0,0,0,0,0,0,0,0,915,915,915,915,915,915,915,915,915,915,915,915,
irn.ic.wnd,ic,IRN,wnd,11,11,11,17,25,48,59,67,82,91,100,100,100,100,150,150,190,259,282,302,308.1,310.2,342,
irn.ic.sol,ic,IRN,sol,0,0,0,0,0,0,0,0,0,17,4,0.4,0.4,1,9,9,43,184.48,286,367,429.8,455.9,539.4,
irn.ic.hyd,ic,IRN,hyd,2637,2803,3028,4430,4833,5065,6269,7074,7673,7705,8488,8746,9810,9956,9856,10156,10770,10900,10986,11130,11152.7,11152.7,11152.7,
irn.ic.ore,ic,IRN,ore,0,0,0,0,0,0,0,0,0,0,0,0,0,0,0,0,0,0,0,0,0,0,0,
irn.ic.bio,ic,IRN,bio,0,0,0,0,0,0,0,0,0,2,7,7,7,6.66,11.56,11.56,11.56,11.56,11.56,11.56,10.6,10.6,10.6,
irq.ic.coa,ic,IRQ,coa,0,0,0,0,0,0,0,0,0,0,0,0,0,0,0,0,0,0,0,0,0,0,0,
irq.ic.nga,ic,IRQ,nga,960,960,960,960,1183.11,1478.89,2932.71,2932.71,4288.66,4818.38,4731.92,5860.96,5860.96,15641.38,14674.17,18185.64,18322.93,15072.34,16036.97,16119.11,20664.19,21040.83,18720.78,
irq.ic.oil,ic,IRQ,oil,3730,3730,3730,3730,4596.89,5746.11,4292.29,4292.29,6276.84,7052.12,6925.58,8578.04,8578.04,8955.62,8401.83,10412.36,11341.07,9227.66,9363.03,9280.89,11897.81,12114.67,10778.85,
irq.ic.nuc,ic,IRQ,nuc,0,0,0,0,0,0,0,0,0,0,0,0,0,0,0,0,0,0,0,0,0,0,0,
irq.ic.wnd,ic,IRQ,wnd,0,0,0,0,0,0,0,0,0,0,0,0,0,0,0,0,0,0,0,0,0,0,0,
irq.ic.sol,ic,IRQ,sol,0,0,0,0,0,0,0,0,0,0,0,0,0,30,37,37,37,37,216,216,37.08,37.08,41.58,
irq.ic.hyd,ic,IRQ,hyd,910,910,600,700,1810,1862,2225,2273,2513,2513,2513,2513,2513,2513,2513,2513,2513,2513,2513,2513,1557.34,1557.34,1557.34,
irq.ic.ore,ic,IRQ,ore,0,0,0,0,0,0,0,0,0,0,0,0,0,0,0,0,0,0,0,0,0,0,0,
irq.ic.bio,ic,IRQ,bio,0,0,0,0,0,0,0,0,0,0,0,0,0,0,0,0,0,0,0,0,0,0,0,
isl.ic.coa,ic,ISL,coa,0,0,0,0,0,0,0,0,0,0,0,0,0,0,0,0,0,0,0,0,0,0,0,
isl.ic.nga,ic,ISL,nga,0,0,0,0,0,0,0,0,0,0,0,0,0,0,0,0,0,0,0,0,0,0,0,
isl.ic.oil,ic,ISL,oil,147,149,149,150,142,142,139,119,119,120,121,120,114,114,114,117,117,116,116,116,116.3,126,126,
isl.ic.nuc,ic,ISL,nuc,0,0,0,0,0,0,0,0,0,0,0,0,0,0,0,0,0,0,0,0,0,0,0,0
isl.ic.wnd,ic,ISL,wnd,0,0,0,0,0,0,0,0,0,0,0,0,0,2,3,3,3,2,2,2,1.8,1.8,1.8,0
isl.ic.sol,ic,ISL,sol,0,0,0,0,0,0,0,0,0,0,0,0,1,1,1,3,4,4,5,7,7,7,7,
isl.ic.hyd,ic,ISL,hyd,1064,1109,1155,1155,1163,1163,1163,1758,1879,1875,1883,1884,1877,1984,1984,1987,1987,1995,2099,2099,2114.4,2114.4,2114.4,0
isl.ic.ore,ic,ISL,ore,172,202,202,202,202,232,422,485,575,575,575,665,665,665,665,665,665,710,755.6,755.6,756.2,756.7,756.7,0
isl.ic.bio,ic,ISL,bio,0,0,0,0,1,1,1,1,1,1,0,0,0,0,0,0,0,0,0,0,0,0,0,
isr.ic.coa,ic,ISR,coa,4291,4549.4,4643.39,4707.3,4820.08,4977.98,4131.36,4309.27,4476.36,4537.52,4822.47,5091.75,5278.61,4334.45,4508.95,4781.63,4838.8,4832.54,4526.41,4532.75,4654.42,4779.15,4779.15,
isr.ic.nga,ic,ISR,nga,335,355.26,362.6,367.59,376.39,388.72,4866.3,5075.85,5272.67,5344.71,5680.35,5997.54,6217.64,8087.69,8413.3,8922.09,9028.77,9017.09,8445.86,8457.71,8684.72,8917.47,8917.47,
isr.ic.oil,ic,ISR,oil,4505,4776.34,4875.02,4942.12,5060.52,5226.3,2079.34,2168.88,2252.98,2283.76,2427.18,2562.71,2656.75,2058.86,2141.75,2271.28,2298.43,2355.37,2991.73,3547.54,3642.76,3740.38,3740.38,
isr.ic.nuc,ic,ISR,nuc,0,0,0,0,0,0,0,0,0,0,0,0,0,0,0,0,0,0,0,0,0,0,0,0
isr.ic.wnd,ic,ISR,wnd,0,0,6,6,6,6,6,6,6,6,6,6,6,6,6,6,27,27,27,27,27.3,27.3,27.3,0
isr.ic.sol,ic,ISR,sol,0,0,0,0,0,1,1,2,3,25,70,196,243,426,676,772,872,975,1076,1438,2652,3591,4411,
isr.ic.hyd,ic,ISR,hyd,7,7,5,5,5,5,5,5,5,7,7,7,7,7,7,7,7,8,9,9,6,6,6,0
isr.ic.ore,ic,ISR,ore,0,0,0,0,0,0,0,0,0,0,0,0,0,0,0,0,0,0,0,0,0,0,0,0
isr.ic.bio,ic,ISR,bio,0,0,0,0,0,0,0,2,2,2,10,10,10,14,17,28,28,28,28,28,26,26,26,
ita.ic.coa,ic,ITA,coa,9283,9321.59,9316.37,9531.27,10026.14,10577.9,7993.16,8384.29,8818.18,8842.41,9005.73,9113.73,9100.31,10369.4,9853.34,9033.15,9024.58,8274.27,8273.54,8083.51,8671.81,8583.86,8583.86,
ita.ic.nga,ic,ITA,nga,28009,28125.57,28109.82,28758.22,30251.36,31916.18,47391.17,49710.18,52282.68,52426.37,53394.65,54035.01,53955.43,56769.15,53943.9,49453.57,46534.41,46422.15,46489.75,45421.98,48727.69,48233.49,48233.49,
ita.ic.oil,ic,ITA,oil,16057,16123.83,16114.8,16486.52,17342.5,18296.91,8927.67,9364.53,9849.15,9876.22,10058.62,10179.26,10164.26,3811.44,3621.76,3320.28,2661.01,2705.92,2581.81,2522.51,2706.1,2678.65,2678.65,
ita.ic.nuc,ic,ITA,nuc,0,0,0,0,0,0,0,0,0,0,0,0,0,0,0,0,0,0,0,0,0,0,0,
ita.ic.wnd,ic,ITA,wnd,363,664,780,874,1127,1635,1902,2702,3525,4879,5794,6918,8102,8542,8683,9137,9384,9737,10230,10679,10870.6,11253.7,11779.7,
ita.ic.sol,ic,ITA,sol,19,20,22,26,31,34,45,110,483,1264,3592,13136,16785,18185,18594,18901,19289,19688,20114,20871,21656.1,22600.3,25082.6,
ita.ic.hyd,ic,ITA,hyd,13389,13456,13557,13703,13789,13890,13528,13573,13732,13827,13976,14193,14325,14454,14506,14628,14991,15109,15182,15583,15352,15433,15559,
ita.ic.ore,ic,ITA,ore,748,665,758,892,842,904,976,985,986,1014,1046,1038,1039,1046,1100,1089,1101,1107.2,1107.2,1107.2,771.8,771.8,771.8,
ita.ic.bio,ic,ITA,bio,685,739,892,1085,1170,1141,1179,1249,1457,1896,2199,2649,3573,3783,3789,3810,3876,3887,3931,3877,3439.2,3420.4,3416.4,
jam.ic.coa,ic,JAM,coa,0,0,0,0,0,0,0,0,0,0,0,0,0,0,0,0,0,0,0,0,0,0,0,
jam.ic.nga,ic,JAM,nga,140,131.3,136.05,106.76,110.72,110.72,232.6,232.6,160.04,160.45,161.28,161.28,176.27,165.73,165.73,165.16,163.37,163.07,163.63,163.63,181.23,181.23,181.23,
jam.ic.oil,ic,JAM,oil,1273,1195.7,1238.95,972.24,1008.28,1008.28,886.4,886.4,609.86,611.45,614.62,614.62,671.73,708.27,708.27,705.84,707.63,707.93,710.37,710.37,786.77,786.77,786.77,
jam.ic.nuc,ic,JAM,nuc,0,0,0,0,0,0,0,0,0,0,0,0,0,0,0,0,0,0,0,0,0,0,0,
jam.ic.wnd,ic,JAM,wnd,0,0,0,0,21,21,21,21,21,21,39,39,39,39,39,39,99,99,99,99,99,99,99,
jam.ic.sol,ic,JAM,sol,0,0,0,0,0,0,0,0,1,1,1,2,2,2,4,7,28,56,56,93,92.5,92.5,92.6,
jam.ic.hyd,ic,JAM,hyd,24,24.1,23.22,23.6,23.6,21.59,22,22,22,23,23,23,22.8,30,30,30,30,30,30,30,30,30,30,
jam.ic.ore,ic,JAM,ore,0,0,0,0,0,0,0,0,0,0,0,0,0,0,0,0,0,0,0,0,0,0,0,
jam.ic.bio,ic,JAM,bio,30,30,30,30,30,30,30,30,30,30,30,30,30,32.13,32.13,32.13,32.13,32.13,32.13,32.13,32.1,32.1,32.1,
jor.ic.coa,ic,JOR,coa,0,0,0,0,0,0,0,0,0,0,0,0,0,0,0,0,0,0,0,0,0,0,0,
jor.ic.nga,ic,JOR,nga,555,554.66,597.02,597.02,636.35,636.01,1477.9,1545.98,1785.68,1843.12,2242.38,2480.66,2480.66,2835.12,3519.52,3632.18,3516.59,3516.77,3552.9,3552.9,3552.9,4032,4032,
jor.ic.oil,ic,JOR,oil,1095,1095.34,1178.98,1178.98,1256.65,1255.99,606.1,634.02,732.32,755.88,919.62,1017.34,1017.34,536.88,666.48,687.82,452.41,373.23,192.1,192.1,192.1,218,218,
jor.ic.nuc,ic,JOR,nuc,0,0,0,0,0,0,0,0,0,0,0,0,0,0,0,0,0,0,0,0,0,0,0,
jor.ic.wnd,ic,JOR,wnd,1,1,1,1,1,1.4,1.4,1.4,1.4,1.4,1.4,1.4,1.4,1.4,1.4,118,198,198,280,370,518,621.5,614,
jor.ic.sol,ic,JOR,sol,0,0,0.1,0.2,0.3,0.4,0.5,0.6,0.7,0.8,1,1,0.1,0.1,0.2,29,296,406,809,1101,1448.4,1520.6,1914.4,
jor.ic.hyd,ic,JOR,hyd,10,10,12,12,12,12,12,12,12,12,12,12,12,12,12,16.2,16.2,16.2,16.2,16,16.2,13.8,13.8,
jor.ic.ore,ic,JOR,ore,0,0,0,0,0,0,0,0,0,0,0,0,0,0,0,0,0,0,0,0,0,0,0,
jor.ic.bio,ic,JOR,bio,1,1,1,1,1,1,4,4,4,4,4,4,4,4,4,13,13,13,13,13,13,13,13,
jpn.ic.coa,ic,JPN,coa,61902,62674.53,64220.14,64900.65,65922.51,65289.19,57726.55,57908.24,58704.06,59493.66,59922.18,60895.75,62069.02,73902.91,74787.82,73922.3,97498.33,97138.06,96733.48,94831.55,97137.31,95765.41,95765.41,
jpn.ic.nga,ic,JPN,nga,42886,43420.96,44491.76,44963.22,45671.17,45232.4,72357.44,72585.18,73582.7,74572.43,75109.55,76329.89,77800.52,71525.87,72382.32,71544.64,57714.79,58227.24,59121.67,59125.67,60563.27,59707.92,59707.92,
jpn.ic.oil,ic,JPN,oil,61861,62632.51,64177.09,64857.14,65878.32,65245.42,46254,46399.58,47037.24,47669.92,48013.27,48793.36,49733.45,48908.22,49493.85,48921.06,43085.88,41726.69,40800.84,39591.78,40554.43,39981.67,39981.67,
jpn.ic.nuc,ic,JPN,nuc,43245,44041,44041,43893,45222,47593,47587,47474,47278,46821,46821,44215,44215,42388,0,1163,1763,2039,8706,8706,7860,9486,9486,
jpn.ic.wnd,ic,JPN,wnd,84,175,277,508,769,1227,1805,1527,1756,1997,2294,2419,2562,2645,2753,2808,3247,3483,3667,3786,4367,4467,4577,
jpn.ic.sol,ic,JPN,sol,330,453,637,860,1132,1422,1708,1919,2144,2627,3618,4890,6430,12107,19334,28615,38438,44226,55500,61526,69764,74191,78833,
jpn.ic.hyd,ic,JPN,hyd,22019,21621,21697,22006,22048,22133,22199,21824,21852,21784,22362,22144,22190,22188,22248,22486,22568,22495,22518,22489,28147,28125,28211,
jpn.ic.ore,ic,JPN,ore,533,533,533,535,535,535,532,532,532,535,537,537,512,512,508,516,526,476.4,473.1,525,481,481,431,
jpn.ic.bio,ic,JPN,bio,1190,1250,1365,1820,1974,2080,2400,2545,2510,2690,2832,3043,2417,2391,2532,2826,3158,3568,4016,4506,4099,4591.5,5476,
kaz.ic.coa,ic,KAZ,coa,9457,9527.91,9590.9,9646.83,9713.35,9723.36,9841.45,9841.45,9841.45,9841.45,10129.24,10725.08,11320.91,11412.32,12838.85,12838.85,12502,12752.27,12523.89,12579.93,11809.01,11481.24,11481.24,
kaz.ic.nga,ic,KAZ,nga,5626,5668.45,5705.93,5739.2,5778.77,5784.73,5690.4,5690.4,5690.4,5690.4,5856.8,6201.32,6545.84,6693.72,7530.44,7530.44,7332.86,7479.65,7345.7,7378.57,6926.4,6734.15,6734.15,
kaz.ic.oil,ic,KAZ,oil,981,988.63,995.17,1000.97,1007.88,1008.91,985.15,985.15,985.15,985.15,1013.96,1073.6,1133.25,1893.96,2130.71,2130.71,2665.14,2268.09,2032.41,2041.5,1916.4,1863.21,1863.21,
kaz.ic.nuc,ic,KAZ,nuc,0,0,0,0,0,0,0,0,0,0,0,0,0,0,0,0,0,0,0,0,0,0,0,
kaz.ic.wnd,ic,KAZ,wnd,0,0,0,0,0,0,0.5,0.5,0.5,0.5,0.5,2,2,6,53,72,98,112,121,284,486.3,684,1107.8,
kaz.ic.sol,ic,KAZ,sol,0,0,0,0,0,0,0,0,0,0,2.59,3.58,6.02,15.76,76,144,157,175,490,1150,1718.6,1922.9,2031.5,
kaz.ic.hyd,ic,KAZ,hyd,2032,2260,2260,2263,2263,2340,2340,2340,2350,2360,2360,2510,2574,2588,2675.4,2677.55,2695.58,2726.48,2755.93,2756,2784.7,2807,2807,
kaz.ic.ore,ic,KAZ,ore,0,0,0,0,0,0,0,0,0,0,0,0,0,0,0,0,0,0,0,0,0,0,0,
kaz.ic.bio,ic,KAZ,bio,0,0,0,0,0,0,0,0,0,0,0,0,0,0.3,0.4,0.4,0.4,0.8,1.3,2,7.8,7.8,7.8,
ken.ic.coa,ic,KEN,coa,0,0,0,0,0,0,76.18,55.03,55.03,55.03,64.27,79,82.62,51.84,53.25,59.38,60.28,58.44,58.38,71.16,89.58,89.58,89.58,
ken.ic.nga,ic,KEN,nga,0,0,0,0,0,0,0,0,0,0,0,0,0,0,0,0,0,0,0,0,0,0,0,
ken.ic.oil,ic,KEN,oil,329,409,417,430,517,575,510.82,368.97,368.97,368.97,430.93,529.7,553.98,662.86,680.85,759.22,726.12,707.36,707.42,792.34,997.52,997.52,997.52,
ken.ic.nuc,ic,KEN,nuc,0,0,0,0,0,0,0,0,0,0,0,0,0,0,0,0,0,0,0,0,0,0,0,
ken.ic.wnd,ic,KEN,wnd,0,0,0,0,0,0.35,0.35,0.35,0.35,0.35,5,5,5,6,6,26,26,26,336,336,336.1,436.1,436.1,
ken.ic.sol,ic,KEN,sol,0,0,0,0,0,0,9,9,9,9,11,1,3,7,17,31,32,39,105,106,146.9,217.7,307.2,
ken.ic.hyd,ic,KEN,hyd,675,675,677,677,677.2,677,680,680,747,747,761,807,812,821.6,822.45,828.45,828.81,834.13,836.65,828,857.8,859.8,868,
ken.ic.ore,ic,KEN,ore,45,157,57,100,125,128,128,128,128,158,189,190.6,209.5,241.8,573.4,627,638,648,664,824,863.1,863.1,949.1,
ken.ic.bio,ic,KEN,bio,30,30,30,30,30,30,30,30,30,30,67,67,67,67,67,88,88,88.08,88.08,88.08,98.7,98.7,98.7,
kgz.ic.coa,ic,KGZ,coa,328,328,328,364.95,364.95,361.34,346.01,349.98,351.31,351.31,350.87,350.87,350.87,351.75,353.07,353.51,318.65,323.94,323.94,173.89,323.94,323.94,323.94,
kgz.ic.nga,ic,KGZ,nga,400,400,400,445.05,445.05,440.66,437.99,443.02,444.69,444.69,444.13,444.13,444.13,445.25,446.93,447.49,403.35,410.06,410.06,220.11,410.06,410.06,410.06,
kgz.ic.oil,ic,KGZ,oil,0,0,0,0,0,0,0,0,0,0,0,0,0,0,0,0,0,0,0,0,0,0,0,
kgz.ic.nuc,ic,KGZ,nuc,0,0,0,0,0,0,0,0,0,0,0,0,0,0,0,0,0,0,0,0,0,0,0,
kgz.ic.wnd,ic,KGZ,wnd,0,0,0,0,0,0,0,0,0,0,0,0,0,0,0,0,0,0,0,0,0,0,0,
kgz.ic.sol,ic,KGZ,sol,0,0,0,0,0,0,0,0,0,0,0,0,0,0,0,0,0,0,0,0,0,0,0,
kgz.ic.hyd,ic,KGZ,hyd,2949,2969,2969,2910,2910,2941,2944,2946,2945,2945,2971,2971,3065,3065,3065,3090,3090,3090,3090,3090,3673.6,3673.6,3673.6,
kgz.ic.ore,ic,KGZ,ore,0,0,0,0,0,0,0,0,0,0,0,0,0,0,0,0,0,0,0,0,0,0,0,
kgz.ic.bio,ic,KGZ,bio,0,0,0,0,0,0,0,0,0,0,0,0,0,0,0,0,0,0,0,0,0,0,0,
khm.ic.coa,ic,KHM,coa,0,0,0,0,0,0,12.47,14.03,13.95,13.46,13.19,13.8,13.59,268.81,331.4,414.32,439.41,526.52,523.32,523.32,842.82,842.82,842.84,
khm.ic.nga,ic,KHM,nga,0,0,0,0,0,0,0,0,0,0,0,0,0,0,0,0,0,0,0,0,0,0,0,
khm.ic.oil,ic,KHM,oil,120,140,155,174,176,219,314.53,353.97,352.05,339.54,332.81,348.18,342.91,203.19,250.5,313.18,311.59,361.39,323.98,323.98,521.78,521.78,521.79,
khm.ic.nuc,ic,KHM,nuc,0,0,0,0,0,0,0,0,0,0,0,0,0,0,0,0,0,0,0,0,0,0,0,
khm.ic.wnd,ic,KHM,wnd,0,0,0,0,0,0,1,1,1,1,0.3,0.3,0.3,0.25,0.25,0.25,0.25,0.25,0.25,0.25,0.3,0.3,0.3,
khm.ic.sol,ic,KHM,sol,0,0.2,0.3,0.3,0.4,0.5,1,2,2,2,2,4,5,6,9.19,12,18,29.38,28.78,99,315,375.6,455.5,
khm.ic.hyd,ic,KHM,hyd,10,10,12,12,13,13,13,13,13,13,13,207.06,225.43,683,930,930,930,979.7,1329.7,1330,1329.7,1329.7,1331.7,
khm.ic.ore,ic,KHM,ore,0,0,0,0,0,0,0,0,0,0,0,0,0,0,0,0,0,0,0,0,0,0,0,
khm.ic.bio,ic,KHM,bio,0,0,0,0,0,0.1,4.51,4.6,5.09,5.78,5.78,7,33.5,25.57,33.64,32.45,30.07,50.07,50.77,50.77,45.1,43.1,52.1,
kor.ic.coa,ic,KOR,coa,16529,17559.2,17650.93,18427.96,19700.08,20360.19,24852.96,26575.67,29827.18,30095.87,32150.83,31011.98,31425.96,29963.72,33292.59,33673.72,34857.12,37001.2,38095.2,39122.12,43679.71,43949.77,43949.77,
kor.ic.nga,ic,KOR,nga,14974,15907.37,15990.47,16694.4,17846.85,18444.87,17705.75,18933.04,21249.49,21440.91,22904.9,22093.56,22388.49,28668.84,31853.85,32218.51,35498,38155.32,39003.01,37989.71,42415.38,42677.62,42677.62,
kor.ic.oil,ic,KOR,oil,5255,5582.44,5611.6,5858.64,6263.07,6472.94,3967.3,4242.29,4761.33,4804.23,5132.26,4950.46,5016.55,2926.44,3251.55,3288.78,3209.88,2973.48,3039.78,3099.18,3460.22,3481.61,3481.61,
kor.ic.nuc,ic,KOR,nuc,12990,13940,14936,15891,15850,16810,17454,17451,17647,17705,18698,18751,20739,20721,20717,21733,23077,22494,22444,23094,23150,24431,24489,
kor.ic.wnd,ic,KOR,wnd,7,11,13,19,29,99,178,196,304,351,382,425,464,576,612,847,1067,1215,1420,1512,1635.8,1708,1892.5,
kor.ic.sol,ic,KOR,sol,4,5,5,6,9,14,36,81,357,524,650,730,1024,1555,2481,3615,4502,5835,7130,10505,14574.8,18160.6,20974.7,
kor.ic.hyd,ic,KOR,hyd,1549,1614,1576,1577,1579,1583,1585,1592,1605,1615,1625,1718,1747,1752,1767,1771,1785,1789,1790,1790,1805.8,1841.1,1812.4,
kor.ic.ore,ic,KOR,ore,0,0,0,0,0,1,1,1,1,22,37,56,87,382,416,431,470,502,600,600,0,0,0,
kor.ic.bio,ic,KOR,bio,59,68,88,80,89,87,140,137,139,141,201,247,255,236,724,927,1994,2594,2651,2459,2139.5,2400,2306.2,
kwt.ic.coa,ic,KWT,coa,0,0,0,0,0,0,0,0,0,0,0,0,0,0,0,0,0,0,0,0,0,0,0,
kwt.ic.nga,ic,KWT,nga,957,959.74,948.4,1007.16,1007.16,1109.55,4164.55,4197.53,4464.86,4824.63,5133,5639.28,5887.05,8616.65,8616.65,10009,10620,10504.2,10810.6,10952.68,11146.03,11696.66,11696.63,
kwt.ic.oil,ic,KWT,oil,8408,8432.26,8332.6,8848.84,8848.84,9748.45,6693.45,6746.47,7176.14,7754.37,8250,9063.72,9461.95,7102.35,7102.35,8250,8250,8258.8,7982.4,7910.32,8049.97,8447.64,8447.62,
kwt.ic.nuc,ic,KWT,nuc,0,0,0,0,0,0,0,0,0,0,0,0,0,0,0,0,0,0,0,0,0,0,0,
kwt.ic.wnd,ic,KWT,wnd,0,0,0,0,0,0,0,0,0,0,0,0,0,2.4,2.4,2.4,2.4,12.4,12.4,12.4,12.4,12.4,12.4,
kwt.ic.sol,ic,KWT,sol,0,0,0,0,0,0,0,0,0,0,0,0,0,0.1,2,3,31,32.01,43.07,93,93.3,93.3,93.3,
kwt.ic.hyd,ic,KWT,hyd,0,0,0,0,0,0,0,0,0,0,0,0,0,0,0,0,0,0,0,0,0,0,0,
kwt.ic.ore,ic,KWT,ore,0,0,0,0,0,0,0,0,0,0,0,0,0,0,0,0,0,0,0,0,0,0,0,
kwt.ic.bio,ic,KWT,bio,0,0,0,0,0,0,0,0,0,0,0,0,0,0,0,0,0,0,0,0,0,0,0,
lao.ic.coa,ic,LAO,coa,0,0,0,0,0,0,0,0,0,0,0,0,0,34.95,34.95,1688.44,1834.66,1820.6,1826.05,1826.05,2487.42,2487.42,2487.42,
lao.ic.nga,ic,LAO,nga,0,0,0,0,0,0,0,0,0,0,0,0,0,0,0,0,0,0,0,0,0,0,0,
lao.ic.oil,ic,LAO,oil,50,50,50,50,50,50,50,50,50,50,50,50,50,4.75,4.75,229.26,83.04,82.4,82.65,82.65,112.58,112.58,112.58,
lao.ic.nuc,ic,LAO,nuc,0,0,0,0,0,0,0,0,0,0,0,0,0,0,0,0,0,0,0,0,0,0,0,
lao.ic.wnd,ic,LAO,wnd,0,0,0,0,0,0,0,0,0,0,0,0,0,0,0,0,0,0,0,0,0,0,0,
lao.ic.sol,ic,LAO,sol,0,0,0,0,0,0,0,0,0,0,0,0,0.3,0.48,2.91,3.26,3.63,21.63,21.63,21.63,34,34.1,34.1,
lao.ic.hyd,ic,LAO,hyd,624,624,624,673,672.6,681,681,681,681,1805,2520,2570,2973,2980,3253.8,4355.25,4813.39,5005.59,5255.59,5300,8025.4,8793,9483,
lao.ic.ore,ic,LAO,ore,0,0,0,0,0,0,0,0,0,0,0,0,0,0,0,0,0,0,0,0,0,0,0,
lao.ic.bio,ic,LAO,bio,0,0,0,0,0,0,0,0,0,0,0,0,0,40,40,40,40,40,40,40,105.3,105.3,105.3,
lbn.ic.coa,ic,LBN,coa,0,0,0,0,0,0,0,0,0,0,0,0,0,0,0,0,0,0,0,0,0,0,0,
lbn.ic.nga,ic,LBN,nga,507,506.53,565.96,597.55,597.55,511.54,789.99,789.99,789.99,789.99,1141.1,1160.52,1160.52,1265.77,1265.77,1304.61,1259.63,1278.38,1278.38,1278.38,1278.38,1278.38,1278.38,
lbn.ic.oil,ic,LBN,oil,1513,1513.47,1691.04,1785.45,1785.45,1528.46,1244.01,1244.01,1244.01,1244.01,1796.9,1827.48,1827.48,1993.23,1993.23,2054.39,2099.38,2130.63,2130.63,2130.63,2130.63,2130.63,2130.63,
lbn.ic.nuc,ic,LBN,nuc,0,0,0,0,0,0,0,0,0,0,0,0,0,0,0,0,0,0,0,0,0,0,0,
lbn.ic.wnd,ic,LBN,wnd,0,0,0,0,0,0,0,0,0,0,0,0,1,2,3,3,3,3,3,3,3,3,3,
lbn.ic.sol,ic,LBN,sol,0,0,0,0,0,0,0,0,0,0,0.3,1,1,2,5,11,24,37.9,56.37,65,89.8,189.8,439.8,
lbn.ic.hyd,ic,LBN,hyd,273,274,274,280,280,280,280,280,280,280,280,275,221,282,282,282,282,253,253,253,282,282,282,
lbn.ic.ore,ic,LBN,ore,0,0,0,0,0,0,0,0,0,0,0,0,0,0,0,0,0,0,0,0,0,0,0,
lbn.ic.bio,ic,LBN,bio,0,0,0,0,0,0,0,0,0,0,0,0,2,2,2,2,9,9,9,9,7,7,7,
lby.ic.coa,ic,LBY,coa,0,0,0,0,0,0,0,0,0,0,0,0,0,0,0,0,0,0,0,0,0,0,0,
lby.ic.nga,ic,LBY,nga,1060,1060.38,1085.04,1085.04,1069.83,1181.15,2898.32,2953.21,3524.03,3606.11,3766,4747.21,4747.21,6155,6155,6155,6937.54,6933.48,7118.37,7318.23,7318.23,7318.23,7318.23,
lby.ic.oil,ic,LBY,oil,3540,3540.62,3622.96,3622.96,3572.17,3943.85,2539.68,2587.79,3087.97,3159.89,3300,4159.79,4159.79,3300,3300,3300,3306.46,3304.52,3392.63,3192.77,3192.77,3192.77,3192.77,
lby.ic.nuc,ic,LBY,nuc,0,0,0,0,0,0,0,0,0,0,0,0,0,0,0,0,0,0,0,0,0,0,0,
lby.ic.wnd,ic,LBY,wnd,0,0,0,0,0,0,0,0,0,0,0,0,0,0,0,0,0,0,0,0,0,0,0,
lby.ic.sol,ic,LBY,sol,0,0,0,0,0,0,2,2,3,3,4,4,5,5,5,5,5,5,5,5,5.1,6.3,6.3,
lby.ic.hyd,ic,LBY,hyd,0,0,0,0,0,0,0,0,0,0,0,0,0,0,0,0,0,0,0,0,0,0,0,
lby.ic.ore,ic,LBY,ore,0,0,0,0,0,0,0,0,0,0,0,0,0,0,0,0,0,0,0,0,0,0,0,
lby.ic.bio,ic,LBY,bio,0,0,0,0,0,0,0,0,0,0,0,0,0,0,0,0,0,0,0,0,0,0,0,
lka.ic.coa,ic,LKA,coa,0,0,0,0,0,0,0,0,0,0,0,0,0,710.62,997.37,941.58,888.51,879.89,878.26,878.26,926.32,926.32,926.32,
lka.ic.nga,ic,LKA,nga,0,0,0,0,0,0,0,0,0,0,0,0,0,0,0,0,0,0,0,0,0,0,0,
lka.ic.oil,ic,LKA,oil,1127,1126.5,1126.5,1303.5,1391.5,1127,1127,1127,1307,1327,1412,1712,1700,880.38,1235.63,1166.52,1199.49,1264.11,1190.54,1190.54,1255.68,1255.68,1255.68,
lka.ic.nuc,ic,LKA,nuc,0,0,0,0,0,0,0,0,0,0,0,0,0,0,0,0,0,0,0,0,0,0,0,
lka.ic.wnd,ic,LKA,wnd,3,3,3,3,3,3,3,3,3,3,14,33,80,78.45,118.45,128.45,128.45,128.45,128.45,128.45,179,252,252,
lka.ic.sol,ic,LKA,sol,3,2.9,2.9,4.5,6.6,8.6,10,11,11.8,12.6,20,10,10,13,19.64,31.15,62.54,130.82,184.77,215,431.3,624.3,714.3,
lka.ic.hyd,ic,LKA,hyd,1172,1172,1172,1247,1281,1293,1326,1316,1357,1391,1391,1401,1584,1584,1620,1665,1670,1720,1720,1720,1799.1,1799.1,1846.1,
lka.ic.ore,ic,LKA,ore,0,0,0,0,0,0,0,0,0,0,0,0,0,0,0,0,0,0,0,0,0,0,0,
lka.ic.bio,ic,LKA,bio,0,0,0,0,1,2,2,2,10,10,10,10,10,13,26,26.1,30.1,40.1,51.09,54,45.1,45.1,45.1,
ltu.ic.coa,ic,LTU,coa,0,0,0,0,0,0,0,0,0,0,0,0,0,0,0,0,0,0,0,0,0,0,0,
ltu.ic.nga,ic,LTU,nga,1484,1483.57,1483.57,1485.37,1485.97,1485.97,1632.41,1640.34,1663.46,1672.71,1656.2,1687.91,1854.38,1836.06,1641.43,1252.81,1028.57,866.8,871.19,871.19,1038.05,1035.85,1035.85,
ltu.ic.oil,ic,LTU,oil,982,982.43,982.43,983.63,984.03,984.03,838.59,842.66,854.54,859.29,850.8,867.09,952.62,993.94,888.57,678.19,902.43,710.2,710.81,710.81,846.95,845.15,845.15,
ltu.ic.nuc,ic,LTU,nuc,2370,2370,2370,2370,1185,1185,1185,1185,1185,0,0,0,0,0,0,0,0,0,0,0,0,0,0,
ltu.ic.wnd,ic,LTU,wnd,0,0,0,0,1,1,31,47,54,98,154,179,275,279,288,436,509,518,533,533,540,671,814,
ltu.ic.sol,ic,LTU,sol,0,0,0,0,0,0,0,0,0,0,0.1,0.3,7,68,69,69,70,74,82,103,164,255,568,
ltu.ic.hyd,ic,LTU,hyd,112,113,103,109,110,117,117,115,115,116,116,116,116,116,117,117,117,117,117,117,117,117,117,
ltu.ic.ore,ic,LTU,ore,25,25,25,25,25,25,25,25,25,25,25,25,25,25,25,25,25,25,25,25,0,0,0,
ltu.ic.bio,ic,LTU,bio,0,2,4,4,5,5,15,24,24,29,30,30,50,71,78,79,83,90,96,96,116,115.5,118,
lux.ic.coa,ic,LUX,coa,0,0,0,0,0,0,0,0,0,0,0,0,0,0,0,0,0,0,0,0,0,0,0,
lux.ic.nga,ic,LUX,nga,65,80,466,473,476,476,476,477,480,484,477,463,463,467,465,452,61,75,79,99,138.1,134,134,
lux.ic.oil,ic,LUX,oil,0,0,0,0,0,0,0,0,0,0,0,0,0,0,0,0,0,0,0,0,0,0,0,
lux.ic.nuc,ic,LUX,nuc,0,0,0,0,0,0,0,0,0,0,0,0,0,0,0,0,0,0,0,0,0,0,0,
lux.ic.wnd,ic,LUX,wnd,14,14,14,21,35,35,35,35,43,43,44,45,58,58,58,64,120,120,123,136,152.7,136.4,165.4,
lux.ic.sol,ic,LUX,sol,0,0,2,14,24,24,24,24,25,26,29,41,75,95,110,116,122,128,131,160,186.6,277.2,319.2,
lux.ic.hyd,ic,LUX,hyd,39,34,34,34,34,34,34,34,34,34,34,34,34,34,34,34,34,35,34,34,34.5,34.5,31.5,
lux.ic.ore,ic,LUX,ore,0,0,0,0,0,0,0,0,0,0,0,0,0,0,0,0,0,0,0,0,0,0,0,
lux.ic.bio,ic,LUX,bio,8,10,11,12,13,13,14,14,16,17,17,29,29,33,31,33,33,44,45,45,56.1,56.2,56.2,
lva.ic.coa,ic,LVA,coa,11,10.63,10.87,10.92,10.96,11.13,1.57,1.52,1.58,2.51,2.55,2.58,2.74,3.14,3.19,3.22,1.63,0.78,0.76,0.76,0.79,0.78,0.78,
lva.ic.nga,ic,LVA,nga,543,541.99,554.23,557.05,558.93,567.4,585.1,566.2,588.09,932.38,946.32,960.25,1017.96,1200.6,1219.53,1229.49,1248.49,1265.89,1212.27,1214.23,1246.71,1240.64,1240.64,
lva.ic.oil,ic,LVA,oil,23,23.38,23.91,24.03,24.11,24.48,1.32,1.28,1.33,2.11,2.14,2.17,2.3,1.26,1.28,1.29,0.87,1.33,25.97,26.01,26.71,26.58,26.58,
lva.ic.nuc,ic,LVA,nuc,0,0,0,0,0,0,0,0,0,0,0,0,0,0,0,0,0,0,0,0,0,0,0,
lva.ic.wnd,ic,LVA,wnd,2,2,22,26,26,26,26,26,28,29,30,36,59,66,69,68,70,77,78,78,78.1,77.1,136.1,
lva.ic.sol,ic,LVA,sol,0,0,0,0,0,0,0,0,0,0,0,0.2,0.2,0.2,0.2,0.2,1,1,2,3,5.1,7.2,56.2,
lva.ic.hyd,ic,LVA,hyd,1523,1565,1565,1537,1536,1536,1536,1536,1536,1536,1576,1576,1576,1587,1588,1588,1564,1564,1565,1565,1586.3,1587.2,1608.2,
lva.ic.ore,ic,LVA,ore,0,0,0,0,0,0,0,0,0,0,0,0,0,0,0,0,0,0,0,0,0,0,0,
lva.ic.bio,ic,LVA,bio,0,1,6,7,9,10,10,10,10,10,16,30,66,108,121,126,143,154,134,158,156.3,151.8,164.8,
mar.ic.coa,ic,MAR,coa,1315,1618.5,1618.5,1618.5,1618.5,1718.17,1534.04,1525.84,1525.84,1843.64,1922.37,3137.79,3266.96,3925.51,4089.53,4089.53,4106.23,4516.42,5413.21,5413.21,5942.65,5942.65,5942.65,
mar.ic.nga,ic,MAR,nga,0,0,0,0,0,0,842.22,837.72,837.72,1012.19,1055.42,1722.71,1793.63,2003.63,2087.35,2087.35,2063.6,1995.34,1617.26,1617.26,1775.44,1775.44,1775.44,
mar.ic.oil,ic,MAR,oil,1549,1905.5,1905.5,1905.5,1905.5,2022.83,1364.74,1357.44,1357.44,1640.17,1710.21,2791.49,2906.41,2447.85,2550.13,2550.13,2562.16,2616.25,2120.52,2120.52,2327.92,2327.92,2327.92,
mar.ic.nuc,ic,MAR,nuc,0,0,0,0,0,0,0,0,0,0,0,0,0,0,0,0,0,0,0,0,0,0,0,
mar.ic.wnd,ic,MAR,wnd,54,54,54,54,54,54,54,113.9,125,250,286,291,291,495,800,800,900,1023,1225,1225,1435,1471,1556,
mar.ic.sol,ic,MAR,sol,7,7,7.7,8,9,10,11,12,13,13,34,34,35,35,40,200,202,203.9,733.9,733.9,774,854,858.2,
mar.ic.hyd,ic,MAR,hyd,1205,1300,1273,1273,1498,1500,1265,1265,1265,1285,1306,1306,1306,1306,1306,1306,1306,1306,1306,1306,1305.53,1305.53,1305.53,
mar.ic.ore,ic,MAR,ore,0,0,0,0,0,0,0,0,0,0,0,0,0,0,0,0,0,0,0,0,0,0,0,
mar.ic.bio,ic,MAR,bio,0,0,0,0,0,0,0,0,0,0,0,0,1,1,1,2,2.2,2.45,2.45,2.45,7.4,7.4,7.4,
mda.ic.coa,ic,MDA,coa,33,32.79,32.79,16.25,16.21,16.33,6.63,6.67,6.66,6.66,6.64,6.66,6.43,0.4,0.4,0.4,1.51,0,0,0,0,0,0,
mda.ic.nga,ic,MDA,nga,918,918.13,918.13,454.98,453.84,457.26,471.3,473.73,473.05,473.34,472.18,473.15,457.23,469.2,464.21,472.19,440.73,449.62,424.64,424.64,427.83,427.83,427.83,
mda.ic.oil,ic,MDA,oil,15,15.08,15.08,7.47,7.46,7.51,7.57,7.6,7.59,7.6,7.58,7.59,7.34,0.4,0.4,0.4,0.76,0.38,0.36,0.36,0.37,0.37,0.37,
mda.ic.nuc,ic,MDA,nuc,0,0,0,0,0,0,0,0,0,0,0,0,0,0,0,0,0,0,0,0,0,0,0,
mda.ic.wnd,ic,MDA,wnd,0,0,0,0,0,0,0,0,0,0,0,0,0,1,1,1,1.78,9.19,33,34.3,41,73.4,101.6,
mda.ic.sol,ic,MDA,sol,0,0,0,0,0,0,0,0,0,0,0,0,0,0,1,1,2,2,3,5,4.3,14.5,18.9,
mda.ic.hyd,ic,MDA,hyd,64,60,60,60,59,59,56,56,64,64,64,64,64,64,64,64,64,64,64,64,64.3,64.3,64.3,
mda.ic.ore,ic,MDA,ore,0,0,0,0,0,0,0,0,0,0,0,0,0,0,0,0,0,0,0,0,0,0,0,
mda.ic.bio,ic,MDA,bio,0,0,0,0,0,0,0,0,0,0,0,0,0,0.4,3,3,2.81,5.71,5.71,5.71,6.6,6.3,12.4,
mex.ic.coa,ic,MEX,coa,4350,4671.47,5137.65,5708.13,5896.42,5892.22,4539.86,4700.25,4709.33,4777.42,4876.4,4876.4,4793.43,7108.25,7132.39,7212.44,6764.52,7228.81,9129.74,9005.11,10066.58,11264.98,11264.98,
mex.ic.nga,ic,MEX,nga,7815,8393.1,9230.68,10255.64,10593.95,10586.4,21184.47,21932.9,21975.27,22293,22754.89,22754.89,22367.72,20700.11,20770.42,21003.52,22021.35,21988.02,28701.69,31441.14,35147.26,39331.45,39331.45,
mex.ic.oil,ic,MEX,oil,12691,13630.44,14990.67,16655.23,17204.63,17192.38,10279.67,10642.85,10663.4,10817.58,11041.71,11041.71,10853.84,11352.64,11391.19,11519.04,11494.13,12399.17,16131.57,16376.75,18307.15,20486.57,20486.57,
mex.ic.nuc,ic,MEX,nuc,1290,1290,1360,1360,1360,1360,1360,1360,1300,1300,1300,1300,1330,1330,1330,1440,1552,1552,1552,1552,1552,1552,1552,
mex.ic.wnd,ic,MEX,wnd,17,17,18,18,18,18,101,101,101,475,569,601,1815,2122,2569,3271,4051,4180,4853,6591,6504,7154.1,7312.1,
mex.ic.sol,ic,MEX,sol,14,15,16,16,16,16,16,19,19,25,29,39,60,82,116,173,389,674,2555,4440,6709.1,8171,9026.5,
mex.ic.hyd,ic,MEX,hyd,9634,9636,9635,9650,10565,10598,10800,11577,11471,11543,11626,11646,11626,11633,12464,12223,12580,12628,12628,12671,13301,13303,13303,
mex.ic.ore,ic,MEX,ore,855,838,843,960,960,960,960,960,965,965,965,887,824,823,813,906,926,926,951,936,1034,1059,1059,
mex.ic.bio,ic,MEX,bio,329,470,470,476,482,483,483,484,404,332,421,413,528,570,648,752,879,1067,1105,1067,973.9,981.7,982.2,
mkd.ic.coa,ic,MKD,coa,823,816.58,816.58,799.21,799.21,799.21,745.49,748.43,750.64,770.53,802.21,800,815.47,821.52,799.26,797.03,796.39,794.96,755.78,755.78,761.26,905.02,905.02,
mkd.ic.nga,ic,MKD,nga,0,0,0,0,0,0,0,0,0,0,0,0,0,225.92,219.8,219.18,219.01,218.61,246.33,246.33,248.11,294.97,294.97,
mkd.ic.oil,ic,MKD,oil,219,217.42,217.42,212.79,212.79,212.79,266.51,267.57,268.36,275.47,286.79,286,291.53,59.56,57.95,57.78,88.6,90.43,101.89,101.89,102.63,122.01,122.01,
mkd.ic.nuc,ic,MKD,nuc,0,0,0,0,0,0,0,0,0,0,0,0,0,0,0,0,0,0,0,0,0,0,0,
mkd.ic.wnd,ic,MKD,wnd,0,0,0,0,0,0,0,0,0,0,0,0,0,0,37,37,37,37,37,37,37,37,37,
mkd.ic.sol,ic,MKD,sol,0,0,0,0,0,0,0,0,0,0,0,2,4,7,15,17,17,17,21,26,94.2,94.2,94.2,
mkd.ic.hyd,ic,MKD,hyd,434,436,436,448,516,540,545,546,552,553,555,556,595,603,617,632,660,674,674,674,687.4,689.2,689.2,
mkd.ic.ore,ic,MKD,ore,0,0,0,0,0,0,0,0,0,0,0,0,0,0,0,0,0,0,0,0,0,0,0,
mkd.ic.bio,ic,MKD,bio,0,0,0,0,0,0,0,0,0,0,0,0,0,0,0,4,5,7,8.2,10,10.4,10.4,10.4,
mlt.ic.coa,ic,MLT,coa,0,0,0,0,0,0,0,0,0,0,0,0,0,0,0,0,0,0,0,0,0,0,0,
mlt.ic.nga,ic,MLT,nga,0,0,0,0,0,0,0,0,0,0,0,0,0,0,0,0,0,288.07,288.07,288.07,288.09,288.09,288.07,
mlt.ic.oil,ic,MLT,oil,570,570,570,570,570,570,570,570,570,570,571,574,623,623,623,593,479.56,306.49,306.49,306.49,306.51,306.51,306.49,
mlt.ic.nuc,ic,MLT,nuc,0,0,0,0,0,0,0,0,0,0,0,0,0,0,0,0,0,0,0,0,0,0,0,
mlt.ic.wnd,ic,MLT,wnd,0,0,0,0,0,0,0,0,0,0,0,0,0,0.1,0.1,0.07,0.1,0.1,0.1,0.1,0.1,0.1,0.1,
mlt.ic.sol,ic,MLT,sol,0,0,0,0,0,0,0,0,0,2,2,5,16,28.5,55,74.8,93.6,112,131.32,154,187.9,205.7,205.7,
mlt.ic.hyd,ic,MLT,hyd,0,0,0,0,0,0,0,0,0,0,0,0,0,0,0,0,0,0,0,0,0,0,0,
mlt.ic.ore,ic,MLT,ore,0,0,0,0,0,0,0,0,0,0,0,0,0,0,0,0,0,0,0,0,0,0,0,
mlt.ic.bio,ic,MLT,bio,0,0,0,0,0,0,0,0,0,0,0,3,3,3,3,3,5,5,5,5,4.6,4.6,4.6,
mmr.ic.coa,ic,MMR,coa,0,0,0,0,0,0,122.96,123.1,121.35,119.87,120,120.54,122.96,54.64,77.57,99.41,93.57,137.48,132.7,113.5,167.36,167.36,167.36,
mmr.ic.nga,ic,MMR,nga,436,430.02,430.02,430.02,438.62,507.42,732.65,733.46,723.02,714.2,715,718.21,732.65,832.76,1182.35,1515.17,1472.98,1623.13,1654.66,1761.37,2597.14,2597.14,2597.14,
mmr.ic.oil,ic,MMR,oil,375,369.98,369.98,369.98,377.38,436.58,57.38,57.45,56.63,55.94,56,56.25,57.38,253.61,360.07,461.43,568.45,626.39,604.64,517.13,762.51,762.51,762.51,
mmr.ic.nuc,ic,MMR,nuc,0,0,0,0,0,0,0,0,0,0,0,0,0,0,0,0,0,0,0,0,0,0,0,
mmr.ic.wnd,ic,MMR,wnd,0,0,0,0,0,0,0,0,0,0,0,0,0,0,0,0,0,0.01,0.01,0.01,0,0,0,
mmr.ic.sol,ic,MMR,sol,0,0,0,0,0,0,0,0,0,0,0.4,1,3,4,6.27,20.82,32.01,43.78,47.54,88,84.5,80.4,103.3,
mmr.ic.hyd,ic,MMR,hyd,340,390,390,405,746,746,771,803,847,1654,2522,2693,2813,2860,2910,3070,3100,3255,3331,3331,3304.4,3304.4,3304.4,
mmr.ic.ore,ic,MMR,ore,0,0,0,0,0,0,0,0,0,0,0,0,0,0,0,0,0,0,0,0,0,0,0,
mmr.ic.bio,ic,MMR,bio,0,0,0,0,0,1,1,1,1,1,1,1,1,1.56,1.56,1.56,1.56,4.64,4.64,4.64,58.7,58.7,58.7,
mne.ic.coa,ic,MNE,coa, NA ,NA,NA,NA,NA,NA,210,210,210,210,210,219,219,219,219,219,219,225,225,225,225,225,225,
mne.ic.nga,ic,MNE,nga, NA ,NA,NA,NA,NA,NA,0,0,0,0,0,0,0,0,0,0,0,0,0,0,0,0,0,
mne.ic.oil,ic,MNE,oil, NA ,NA,NA,NA,NA,NA,0,0,0,0,0,0,0,0,0,0,0,0,0,0,0,0,0,
mne.ic.nuc,ic,MNE,nuc, NA ,NA,NA,NA,NA,0,0,0,0,0,0,0,0,0,0,0,0,0,0,0,0,0,0,
mne.ic.wnd,ic,MNE,wnd, NA ,NA,NA,NA,NA,0,0,0,0,0,0,0,0,0,0,0,0,72,118,118,118,118,118,
mne.ic.sol,ic,MNE,sol, NA ,NA,NA,NA,NA,0,0,0,0,0,0.6,0.8,0.9,1,2,3,3,3,4,5,6,6.5,26.2,
mne.ic.hyd,ic,MNE,hyd, NA ,NA,NA,NA,NA,0,658,658,658,658,658,658,658,651,651,651,651,652,652,652,696.7,696.7,696.7,
mne.ic.ore,ic,MNE,ore, NA ,NA,NA,NA,NA,0,0,0,0,0,0,0,0,0,0,0,0,0,0,0,0,0,0,
mne.ic.bio,ic,MNE,bio, NA ,NA,NA,NA,NA,0,0,0,0,0,0,0,0,0,0,0,0,0,0,0,0,0,0,
mng.ic.coa,ic,MNG,coa,772,772,772,772,772,772,696.64,696.64,696.64,696.64,772,1004.77,1004.77,1030.32,937.59,937.59,947.04,1043.49,1115.39,1115.39,1133.82,1133.82,1133.82,
mng.ic.nga,ic,MNG,nga,0,0,0,0,0,0,0,0,0,0,0,0,0,0,0,0,0,0,0,0,0,0,0,
mng.ic.oil,ic,MNG,oil,60,60,60,60,60,60,135.36,135.36,135.36,135.36,150,195.23,195.23,169.68,154.41,154.41,155.96,88.51,94.61,94.61,96.18,96.18,96.18,
mng.ic.nuc,ic,MNG,nuc,0,0,0,0,0,0,0,0,0,0,0,0,0,0,0,0,0,0,0,0,0,0,0,
mng.ic.wnd,ic,MNG,wnd,0,0,0,0,0,0.01,0.01,1,1,1,1,1,1,51,51,51,51,101,156,156,156,156,156,
mng.ic.sol,ic,MNG,sol,0,0,0,0.2,0.2,0.2,0.2,0.2,4,4,5,5,5,5,5,5,15,48,64,89,94.6,94.8,194.8,
mng.ic.hyd,ic,MNG,hyd,0,0,0,0,0,0,0,0,0,0,28,28,28,28,28,28,28,28,28,28,29,29,29,
mng.ic.ore,ic,MNG,ore,0,0,0,0,0,0,0,0,0,0,0,0,0,0,0,0,0,0,0,0,0,0,0,
mng.ic.bio,ic,MNG,bio,0,0,0,0,0,0,0,0,0,0,0,0,0,0,0,0,0,0,0,0,0,0,0,
moz.ic.coa,ic,MOZ,coa,34,34.45,34.45,34.45,34.45,34.45,58.07,70.88,70.88,70.88,70.88,70.88,70.88,26.3,26.3,30.02,30.08,30.18,30.01,30.01,29.3,29.3,29.3,
moz.ic.nga,ic,MOZ,nga,47,47.03,47.03,47.03,47.03,47.03,83.78,102.27,102.27,102.27,102.27,102.27,102.27,248.36,248.36,283.5,284.03,285,337.73,337.73,329.75,329.75,329.75,
moz.ic.oil,ic,MOZ,oil,122,122.52,122.52,122.52,122.52,122.52,62.14,75.85,75.85,75.85,75.85,75.85,75.85,84.34,84.34,96.28,97.49,97.82,97.26,97.26,94.96,94.96,94.96,
moz.ic.nuc,ic,MOZ,nuc,0,0,0,0,0,0,0,0,0,0,0,0,0,0,0,0,0,0,0,0,0,0,0,
moz.ic.wnd,ic,MOZ,wnd,0,0,0,0,0,0,0,0,0,0,0,0,0,0,0,0,0,0,0,0,0,0,0,
moz.ic.sol,ic,MOZ,sol,0,0,0,0,0,0,0,0,0,0,0,1,2,5,7,10,13,15,15,55,61.4,63.9,107.9,
moz.ic.hyd,ic,MOZ,hyd,2180,2184,2136,2136,2136,2165,2165,2250,2179,2179,2179,2180,2187,2187,2187,2187,2187,2200,2200,2200,2190.5,2194.3,2194.3,
moz.ic.ore,ic,MOZ,ore,0,0,0,0,0,0,0,0,0,0,0,0,0,0,0,0,0,0,0,0,0,0,0,
moz.ic.bio,ic,MOZ,bio,14,14,14,14,14,14,14,14,14,14,14,14,14,14,14,14,14,14,14,14,14,14,14,
mys.ic.coa,ic,MYS,coa,1311,1455.95,1631.22,1631.22,2333.38,2151.2,6453.01,6565.41,6685.36,7328.9,7328.9,8102.16,8131.12,9387.79,8478.54,7963.56,9589.65,9922.95,9769.05,11783.34,12151.31,12151.31,12151.31,
mys.ic.nga,ic,MYS,nga,8041,8928,10002.8,10002.8,14308.5,13191.4,12678.97,12899.82,13135.51,14399.94,14399.94,15919.24,15976.15,16791.78,15165.41,14244.27,14787.27,14630.27,14403.37,12170.91,12550.98,12550.98,12550.98,
mys.ic.oil,ic,MYS,oil,2356,2616.05,2930.98,2930.98,4192.63,3865.3,1364.02,1387.77,1413.13,1549.16,1549.16,1712.61,1718.73,1545.43,1395.75,1310.97,1355.38,2294.77,2259.18,2477.35,2554.72,2554.72,2554.72,
mys.ic.nuc,ic,MYS,nuc,0,0,0,0,0,0,0,0,0,0,0,0,0,0,0,0,0,0,0,0,0,0,0,
mys.ic.wnd,ic,MYS,wnd,0,0,0,0,0,0,0,0,0,0,0,0,0,0,0,0,0,0,0,0,0,0,0,
mys.ic.sol,ic,MYS,sol,0,0,0,0,0,0,6,7,9,11,13,14,25,97,166,229,279,370.07,536.02,882,1482.9,1787.1,1933.2,
mys.ic.hyd,ic,MYS,hyd,2054,2118,2106,2115,2095,2091,2120,2120,2120,2107,2115,3014,3317,3931,4773,5716,6128,6145,6165,6245,6197.3,6211,6211,
mys.ic.ore,ic,MYS,ore,0,0,0,0,0,0,0,0,0,0,0,0,0,0,0,0,0,0,0,0,0,0,0,
mys.ic.bio,ic,MYS,bio,354,356,356,357,360,374,440,550,570,670,725,760,800,1044.73,1430.8,1580.2,1557.76,817.65,839.41,919,890.6,900,900,
nam.ic.coa,ic,NAM,coa,13,14.17,14.17,14.17,15,15,15,16.67,76.67,76.67,76.67,120,139.17,120,120,120,119.58,119.58,119.58,119.58,94.41,94.41,94.41,
nam.ic.nga,ic,NAM,nga,0,0,0,0,0,0,0,0,0,0,0,0,0,0,0,0,0,0,0,0,0,0,0,
nam.ic.oil,ic,NAM,oil,3,2.83,2.83,2.83,3,3,3,3.33,15.33,15.33,15.33,24,27.83,35,35,35,22.92,22.92,22.92,22.92,18.09,18.09,18.09,
nam.ic.nuc,ic,NAM,nuc,0,0,0,0,0,0,0,0,0,0,0,0,0,0,0,0,0,0,0,0,0,0,0,
nam.ic.wnd,ic,NAM,wnd,0,0,0,0,0,0,0.3,0.5,0.5,0.5,0.2,0.2,0.2,0.2,0.2,0.2,0.2,5.23,5.23,5.23,5.2,5.2,5.2,
nam.ic.sol,ic,NAM,sol,0,0,0,0,0,0,0,2,3,4,4,7,11,14.59,16,20.97,36,75,93,145,151.5,151.5,176.5,
nam.ic.hyd,ic,NAM,hyd,249,249,249,249,249,249,249,249,249,249,249,249,332,332,332,332,350,350,350,350,351,351,351,
nam.ic.ore,ic,NAM,ore,0,0,0,0,0,0,0,0,0,0,0,0,0,0,0,0,0,0,0,0,0,0,0,
nam.ic.bio,ic,NAM,bio,0,0,0,0,0,0,0,0,0,0,0.3,0.3,0.3,0.25,0.25,0.25,0.25,0.25,0.25,0.25,0.3,0.3,0.3,
ner.ic.coa,ic,NER,coa,50,50.09,50.09,50.09,45.6,45.95,37.16,37.16,37.16,37.44,37.44,37.44,37.44,42.5,50.91,61.36,65.88,44.96,46.56,46.56,47.58,47.58,47.58,
ner.ic.nga,ic,NER,nga,0,0,0,0,0,0,0,0,0,0,0,0,0,0,0,0,0,0,0,0,0,0,0,
ner.ic.oil,ic,NER,oil,95,94.91,94.91,94.91,86.4,87.05,95.84,95.84,95.84,96.56,96.56,96.56,96.56,144.5,173.09,208.64,214.12,236.04,244.44,244.44,249.81,249.81,249.81,
ner.ic.nuc,ic,NER,nuc,0,0,0,0,0,0,0,0,0,0,0,0,0,0,0,0,0,0,0,0,0,0,0,
ner.ic.wnd,ic,NER,wnd,0,0,0,0,0,0,0,0,0,0,0,0,0,0,0,0,0,0,0,0,0,0,0,
ner.ic.sol,ic,NER,sol,1,0.6,0.6,0.7,0.8,1,1,1,1,1,2,3,4,5,6,7,8,9,27.04,27.04,27,27,62,
ner.ic.hyd,ic,NER,hyd,0,0,0,0,0,0,0,0,0,0,0,0,0,0,0,0,0,0,0,0,0,0,0,
ner.ic.ore,ic,NER,ore,0,0,0,0,0,0,0,0,0,0,0,0,0,0,0,0,0,0,0,0,0,0,0,
ner.ic.bio,ic,NER,bio,0,0,0,0,0,0,0,0,0,0,0,0,0,0,0,0,0,0,0,0,0,0,0,
nga.ic.coa,ic,NGA,coa,0,0,0,0,0,0,0,0,0,0,0,0,0,0,0,0,0,0,0,0,0,0,0,
nga.ic.nga,ic,NGA,nga,3950,3950,3950,3960,3960,3960,5502,6022,6531,6764,6487,6972,6972,7892,8458,8458,10403,10142,10142,10142,9862,9539,9539,
nga.ic.oil,ic,NGA,oil,0,0,0,0,0,0,0,0,0,0,0,0,0,0,0,0,0,0,0,0,0,0,0,
nga.ic.nuc,ic,NGA,nuc,0,0,0,0,0,0,0,0,0,0,0,0,0,0,0,0,0,0,0,0,0,0,0,
nga.ic.wnd,ic,NGA,wnd,0,0,1,2,2,2,2.2,2.2,2.2,2.2,2.2,2.2,2.2,2.2,3,3,3,3,3,3,0,0,0,
nga.ic.sol,ic,NGA,sol,0,0,0,0,0,0,0,0,0,0,0,0,15,15,16,17,18,19,19,28,28.4,32.7,36.6,
nga.ic.hyd,ic,NGA,hyd,1938,1938,1938,1938,1938,1938,1938,1938,1938,2080,2080,2110,2110,2110,2110,2110,2110,2110,2110,2110,2110.8,2110.8,2110.8,
nga.ic.ore,ic,NGA,ore,0,0,0,0,0,0,0,0,0,0,0,0,0,0,0,0,0,0,0,0,0,0,0,
nga.ic.bio,ic,NGA,bio,5,5,5,5,5,5,5,5,5,5,6,6,6,8,9,9,10.23,10.23,10.23,10.23,10.3,10.3,10.3,
nic.ic.coa,ic,NIC,coa,0,0,0,0,0,0,0,0,0,0,0,0,0,0,0,0,0,0,0,0,0,0,0,
nic.ic.nga,ic,NIC,nga,0,0,0,0,0,0,0,0,0,0,0,0,0,0,0,0,0,0,0,0,0,0,0,
nic.ic.oil,ic,NIC,oil,472,467.9,490.6,510.7,573,583,570.92,638.92,698.16,749.05,816.79,852.94,870.01,868.85,866.39,866.39,911.79,985.26,985.26,985.26,1106.5,1106.5,1106.51,
nic.ic.nuc,ic,NIC,nuc,0,0,0,0,0,0,0,0,0,0,0,0,0,0,0,0,0,0,0,0,0,0,0,
nic.ic.wnd,ic,NIC,wnd,0,0,0,0,0,0,0,0,0,40,63,63,146.6,146.6,186.2,186.2,186.2,186,186,186,186.2,186.2,186.2,
nic.ic.sol,ic,NIC,sol,0,0.1,0.2,0.3,0.5,0.7,1,1.5,2.4,2.9,4,5,6,1.38,1.38,1.38,1.38,13.96,13.96,16,16.4,16.3,16.3,
nic.ic.hyd,ic,NIC,hyd,103,103.4,104,104.4,104.71,104.63,104.63,104,105,105,105,105,106,120,120,138,142,142,142,142,157.4,158.6,158.6,
nic.ic.ore,ic,NIC,ore,70,70,78,78,78,88,88,87.5,87.5,87.5,87.5,87.5,164.5,154.5,154.5,154.5,154.5,154.5,154.5,153,153.2,153.2,153.2,
nic.ic.bio,ic,NIC,bio,24,14,41,65,120,120,120,120,120,120,120,130,130,133.7,133.7,133.7,176.6,176.6,176.6,218,220.1,220.1,220.1,
nld.ic.coa,ic,NLD,coa,3487,3346.64,3379.46,3352.7,3445.83,3323.27,3084.59,3232.17,3295.17,3456.71,3531.14,3713.31,3966.42,3676.69,3812.68,3991.06,8762.74,8374.03,8122.19,7090.49,7255.16,7196.91,7196.91,
nld.ic.nga,ic,NLD,nga,15280,14665.95,14809.8,14692.53,15100.61,14563.54,15862.25,16621.17,16945.14,17775.87,18158.59,19095.41,20397,21140.41,21922.3,22948.01,17176.91,16414.96,15921.3,16179.8,16555.54,16422.63,16422.63,
nld.ic.oil,ic,NLD,oil,779,747.41,754.74,748.76,769.56,742.19,491.16,514.66,524.69,550.42,562.27,591.27,631.58,327.89,340.02,355.93,278.35,266.01,258.01,249.71,255.51,253.46,253.46,
nld.ic.nuc,ic,NLD,nuc,449,449,450,450,450,450,482,482,482,487,482,482,482,482,482,482,482,482,482,482,482,482,482,
nld.ic.wnd,ic,NLD,wnd,447,485,670,906,1073,1224,1558,1748,2149,2222,2237,2316,2433,2713,2865,3391,4257,4202,4393,4484,6647.9,7769.4,9309.4,
nld.ic.sol,ic,NLD,sol,13,21,26,46,50,51,53,54,59,69,88,149,287,650,1007,1526,2135,2911,4608,7177,11108.4,14910.7,22589.7,
nld.ic.hyd,ic,NLD,hyd,37,37,37,37,37,37,37,37,37,37,37,37,37,37,37,37,37,37,37,37,37,36.9,35.9,
nld.ic.ore,ic,NLD,ore,46,46,59,67,72,72,72,72,72,72,71,71,57,38,41,37,37,37,37,37,0,0,0,
nld.ic.bio,ic,NLD,bio,525,585,692,628,836,1338,1310,1014,1285,1300,1491,1570,1523,1375,1211,1106,1093,1096,1249,1209,865.6,879.2,902.2,
nor.ic.coa,ic,NOR,coa,131,126.25,72.5,68.75,83.75,101.88,8.1,30.19,32.41,62.38,76.8,76.75,79.25,76.26,74.27,74.27,108.08,120.44,120.31,120.31,137.4,114.27,114.27,
nor.ic.nga,ic,NOR,nga,57,55.23,31.72,30.08,36.64,44.57,134.98,502.94,539.92,1039.17,1279.55,1278.62,1320.23,1313.28,1278.99,1278.99,767.39,749.12,748.32,748.32,854.65,710.74,710.74,
nor.ic.oil,ic,NOR,oil,21,20.52,11.78,11.17,13.61,16.55,2.92,10.87,11.67,22.46,27.65,27.63,28.53,27.46,26.74,26.74,60.53,67.44,67.37,67.37,76.95,63.99,63.99,
nor.ic.nuc,ic,NOR,nuc,0,0,0,0,0,0,0,0,0,0,0,0,0,0,0,0,0,0,0,0,0,0,0,
nor.ic.wnd,ic,NOR,wnd,13,13,97,97,152,265,284,348,395,423,425,512,705,818,859,867,883,1207,1710,2914,4030,5049,5134,
nor.ic.sol,ic,NOR,sol,6,6,6,7,7,7,8,8,8,9,9,10,10,11,13,15,27,45,68,120,159.8,205.3,321.3,
nor.ic.hyd,ic,NOR,hyd,26766,26319,26604,26947,26721,27222,27398,27647,28062,28188,28367,28618,29158,29682,29889,29939,30281,30382,31120,31182,32285,32628,32671,
nor.ic.ore,ic,NOR,ore,0,0,29,28,28,28,35,35,35,35,35,35,35,35,35,35,35,35,35,35,0,0,0,
nor.ic.bio,ic,NOR,bio,61,66,121,138,126,110,110,109,130,134,151,183,183,183,183,183,137,137,137,127,76.5,77,77,
npl.ic.coa,ic,NPL,coa,0,0,0,0,0,0,0,0,0,0,0,0,0,0,0,0,0,0,0,0,0,0,0,
npl.ic.nga,ic,NPL,nga,0,0,0,0,0,0,0,0,0,0,0,0,0,0,0,0,0,0,0,0,0,0,0,
npl.ic.oil,ic,NPL,oil,55,55,55,55,57,57,57,57,57,57,57,53,53,53.4,53.4,53,53.41,53.41,53.41,53.41,53.4,53.4,53.41,
npl.ic.nuc,ic,NPL,nuc,0,0,0,0,0,0,0,0,0,0,0,0,0,0,0,0,0,0,0,0,0,0,0,
npl.ic.wnd,ic,NPL,wnd,0,0,0,0,0,0,0,0,0,0,0,0,0.1,0.1,0.1,0.1,0.1,0.07,0.17,0.17,0.2,0.2,0.2,
npl.ic.sol,ic,NPL,sol,0,0,0,0,0,0,0,6,7,8,5,8,9,11,12,13,14,54.27,52,51,70.2,96.5,116.7,
npl.ic.hyd,ic,NPL,hyd,334,384,584,584,575,554,560,560,660,660,664,689,706,740,760,810,830,940,1060,1060,1301.9,1992,2219,
npl.ic.ore,ic,NPL,ore,0,0,0,0,0,0,0,0,0,0,0,0,0,0,0,0,0,0,0,0,0,0,0,
npl.ic.bio,ic,NPL,bio,0,0,0,0,0,0,0,0,0,0,0,0,0,0,0,0,0,0,0,0,0,0,0,
nzl.ic.coa,ic,NZL,coa,962,974.39,958.09,954.46,1026.21,1004.47,523.74,594.51,554.61,529.58,530.71,530.71,543.32,315.95,316.19,270.9,272,273.19,273.16,259.79,306.11,306.11,306.11,
nzl.ic.nga,ic,NZL,nga,1694,1714.61,1685.91,1679.54,1805.79,1767.53,2099.01,2382.6,2222.71,2122.39,2126.92,2126.92,2177.45,2130.72,2132.33,1826.91,1655.13,1626.56,1626.43,1546.8,1822.6,1822.6,1822.6,
nzl.ic.oil,ic,NZL,oil,0,0,0,0,0,0,160.24,181.89,169.68,162.03,162.37,162.37,166.23,190.33,190.48,163.2,163.86,190.74,193.9,184.41,217.29,217.29,217.29,
nzl.ic.nuc,ic,NZL,nuc,0,0,0,0,0,0,0,0,0,0,0,0,0,0,0,0,0,0,0,0,0,0,0,
nzl.ic.wnd,ic,NZL,wnd,36,36,54,72,166,168,169,320,322,497,524,623,623,623,682,689,689,689,689,689,689,912,912,
nzl.ic.sol,ic,NZL,sol,0,0,0,0,0,0,0,3,3,3,3,3,4,8,22,37,53,70,90,117,144,237,302.6,
nzl.ic.hyd,ic,NZL,hyd,5193,5260,5329,5335,5336,5337,5337,5337,5359,5281,5279,5279,5368,5381,5381,5381,5381,5381,5381,5381,5434,5434,5434,
nzl.ic.ore,ic,NZL,ore,418,417,392,397,397,454,454,472,592,630,745,745,745,814,940,957,957,957,968,968,1273,1273,1273,
nzl.ic.bio,ic,NZL,bio,85,85,93,101,101,114,115,118,119,115,118,118,118,120,124,123,119,119,119,119,144,144,144,
omn.ic.coa,ic,OMN,coa,0,0,0,0,0,0,0,0,0,0,0,0,0,0,0,0,0,0,0,0,0,0,0,
omn.ic.nga,ic,OMN,nga,1925,1922.26,1923.93,2328.09,2525.16,2490.92,3118.25,3217.99,3631.06,3953.8,4013.08,4573.88,5464.94,6429.27,8003.95,7666.8,7962.42,7973.82,8071.5,8071.5,7725.4,7725.4,7725.4,
omn.ic.oil,ic,OMN,oil,380,379.74,380.07,459.91,498.84,492.08,195.75,202.01,227.94,248.2,251.92,287.12,343.06,168.73,210.05,201.2,202.58,254.18,748.5,748.5,716.4,716.4,716.4,
omn.ic.nuc,ic,OMN,nuc,0,0,0,0,0,0,0,0,0,0,0,0,0,0,0,0,0,0,0,0,0,0,0,
omn.ic.wnd,ic,OMN,wnd,0,0,0,0,0,0,0,0,0,0,0,0,0,0,0,0,0,0,0,50,50,50,50,
omn.ic.sol,ic,OMN,sol,0,0,0,0,0,0,0,0,0,0,0,0,0,1,1,2,2,8,8,9,111.6,137.6,637.6,
omn.ic.hyd,ic,OMN,hyd,0,0,0,0,0,0,0,0,0,0,0,0,0,0,0,0,0,0,0,0,0,0,0,
omn.ic.ore,ic,OMN,ore,0,0,0,0,0,0,0,0,0,0,0,0,0,0,0,0,0,0,0,0,0,0,0,
omn.ic.bio,ic,OMN,bio,0,0,0,0,0,0,0,0,0,0,0,0,0,0,0,0,0,0,0,0,0,0,0,
pak.ic.coa,ic,PAK,coa,159,161.6,160.48,158.53,160.13,160.98,141.05,141.05,145.17,158,179.84,174.69,172.82,549.76,567.99,549.76,601.08,2243.17,2983.95,4368.14,4706.15,4706.15,4706.15,
pak.ic.nga,ic,PAK,nga,9168,9342.69,9277.86,9165.33,9257.73,9306.92,9305.71,9305.71,9577.92,10424.37,11865.2,11525.12,11402.07,11543.9,11926.69,11543.9,12709.52,14448.26,15630.03,14661.62,15796.14,15796.14,15796.14,
pak.ic.oil,ic,PAK,oil,2976,3032.71,3011.67,2975.14,3005.13,3021.1,3031.24,3031.24,3119.91,3395.63,3864.96,3754.19,3714.11,4221.34,4361.32,4221.34,4615.4,4992.57,5710.02,5356.24,5770.71,5770.71,5770.71,
pak.ic.nuc,ic,PAK,nuc,425,425,425,425,425,425,425,425,425,425,425,725,725,690,690,690,1005,1318,1318,1318,1318,2332,3262,
pak.ic.wnd,ic,PAK,wnd,0,0,0,0,0,0,0,0,6,6,6,6,56,106,260,310,590,790,1186,1236,1235.9,1335.2,1435.2,
pak.ic.sol,ic,PAK,sol,0,0,0,0,0,0,0,0,1,4,9,19,46,101,165,266,589,655,679,713,853.6,1076.6,1242.6,
pak.ic.hyd,ic,PAK,hyd,5010,5039,5046,6491,6497,6550,6560,6575,6675,6675,6745,6750,6785,7100,7200,7264,7320,7400,8239,9874,10042.9,10042.9,10832.9,
pak.ic.ore,ic,PAK,ore,0,0,0,0,0,0,0,0,0,0,0,0,0,0,0,0,0,0,0,0,0,0,0,
pak.ic.bio,ic,PAK,bio,216,216,222,222,227,230,230,240,260,260,260,260,260,268.1,324.1,332.5,373.65,373.65,431.65,431.65,432.7,432.7,432.7,
pan.ic.coa,ic,PAN,coa,0,0,0,0,0,0,0,0,0,0,0,0,0,114.36,127.16,133.18,120,120,398.44,400.29,400.31,400.31,400.31,
pan.ic.nga,ic,PAN,nga,333,339.25,259.71,257.61,394.03,375.66,374.12,431.96,475.33,566.3,626.55,597.63,574.74,562.28,625.19,654.82,695.8,695.8,1021.25,1025.98,1026.04,1026.04,1026.04,
pan.ic.oil,ic,PAN,oil,302,307.35,235.29,233.39,356.97,340.34,246.88,285.04,313.67,373.7,413.45,394.37,379.26,355.66,395.46,414.2,418.9,409.1,391.21,393.03,393.05,393.05,393.05,
pan.ic.nuc,ic,PAN,nuc,0,0,0,0,0,0,0,0,0,0,0,0,0,0,0,0,0,0,0,0,0,0,0,
pan.ic.wnd,ic,PAN,wnd,0,0,0,0,0,0,0,0,0,0,0,0,0,20,55,253,270,270,270,270,270,270,270,
pan.ic.sol,ic,PAN,sol,0,0,0,0,0,0,0,0,0,0,2,2,3,4,6,49,93,147,193,198,229.2,462.1,522.3,
pan.ic.hyd,ic,PAN,hyd,613,613.1,701,833,832.7,906.6,847,793,806,840,849,1109,1431,1434,1563,1614,1672,1793,1500,1871,1810.9,1789.2,1789.2,
pan.ic.ore,ic,PAN,ore,0,0,0,0,0,0,0,0,0,0,0,0,0,0,0,0,0,0,0,0,0,0,0,
pan.ic.bio,ic,PAN,bio,10,10,10,10,10,10,10,10,20,20,20,30,30,30,30,26.5,32.1,32.6,32.6,32.6,32.6,32.6,32.6,
per.ic.coa,ic,PER,coa,136,124.84,124.78,124.73,125.69,128.74,92.68,102.1,105.39,126.74,139.28,137.37,165.01,132.73,130.72,136.4,137.45,137.8,138.22,138.22,136.99,136.99,136.99,
per.ic.nga,ic,PER,nga,222,203.44,203.35,203.26,204.83,209.79,1663.69,1832.82,1891.77,2274.95,2500.13,2465.82,2962.08,3450.89,3398.76,3546.31,3573.62,3582.69,3694.4,3694.4,3661.46,3661.46,3661.46,
per.ic.oil,ic,PER,oil,2848,2611.4,2610.27,2609.11,2629.28,2692.97,1686.62,1858.08,1917.84,2306.31,2534.59,2499.81,3002.91,3830.39,3772.52,3936.3,5276.94,5284.52,5321.38,5321.38,5273.92,5273.92,5273.92,
per.ic.nuc,ic,PER,nuc,0,0,0,0,0,0,0,0,0,0,0,0,0,0,0,0,0,0,0,0,0,0,0,
per.ic.wnd,ic,PER,wnd,1,1,1,1,1,0.7,0.7,0.7,0.7,0.7,0.7,0.7,0.7,0.7,143,240,240,240,372,376,409,409,409,
per.ic.sol,ic,PER,sol,0,0,0,0,0,0,0,0,0,0,13,18,103,109,134,139,146,298,325,331,334.8,332.3,332.3,
per.ic.hyd,ic,PER,hyd,2860,2965.43,2996.47,3032.31,3055.87,3207,3214,3234,3242,3273,3438,3848,3244,3275,3413,3927,4948,4883,4883,5156,5406.3,5503.1,5503.1,
per.ic.ore,ic,PER,ore,0,0,0,0,0,0,0,0,0,0,0,0,0,0,0,0,0,0,0,0,0,0,0,
per.ic.bio,ic,PER,bio,35,35,35,40,40,40,40,30,40,80,70,65,106,170,154,165,146,173,192,175,195.3,186.9,186.9,
phl.ic.coa,ic,PHL,coa,3992,3981.57,4533.37,4565.39,4597.93,4595.28,4693.8,4747.67,4629.68,4586.94,4862.55,4796.21,5229.43,5720.61,5847.76,6125.86,7752.64,8465.87,9040.07,10688.59,11319.29,11319.29,11319.29,
phl.ic.nga,ic,PHL,nga,3,3.01,3.43,3.46,3.48,3.48,2759.19,2790.86,2721.5,2696.37,2858.38,2819.38,3074.05,2778.28,2840.03,2975.09,3585.3,3625.52,3529.55,3543.03,3752.09,3752.09,3752.09,
phl.ic.oil,ic,PHL,oil,5034,5020.42,5716.19,5756.56,5797.59,5794.25,3089.02,3124.47,3046.82,3018.69,3200.07,3156.41,3441.52,3514.11,3592.21,3763.04,3789.06,4378.61,4397.38,4383.38,4642.03,4642.03,4642.03,
phl.ic.nuc,ic,PHL,nuc,0,0,0,0,0,0,0,0,0,0,0,0,0,0,0,0,0,0,0,0,0,0,0,
phl.ic.wnd,ic,PHL,wnd,0,0,0,0,0,25,25,25,25,33,33,33,33,33,337,427,427,427,427,443,442.9,442.9,442.9,
phl.ic.sol,ic,PHL,sol,0,0,0,0,0,1,1,1,1,1,1,2,2,3,28,173,784,908,914,973,1058.1,1376.8,1624.6,
phl.ic.hyd,ic,PHL,hyd,2304,2520,2518,2867.1,3217,3222,3257,3289,3291,3291,3400,3491,3521,3521,3543,3600,3618,3627,3701,3760,3043.6,3047,3037.4,
phl.ic.ore,ic,PHL,ore,1931,1931,1931,1932,1932,1978,1978,1958,1958,1953,1966,1783,1848,1868,1918,1917,1916,1916,1928,1928,1928.1,1928.1,1932,
phl.ic.bio,ic,PHL,bio,0,0,0,0,0,0,0,0,8,40,38,104,124,131,143,233,259,276,341,393,56.3,56.3,55.5,
pol.ic.coa,ic,POL,coa,27550,27592.7,27739.39,28453.39,28671.97,28907.05,28355.35,28345.83,28283.03,28426.72,28333.46,28670.34,28341.08,27299.69,26975.35,27021.02,26700.05,28611.5,28201.93,27182.96,32694.18,32104.68,32104.68,
pol.ic.nga,ic,POL,nga,484,484.51,487.09,499.63,503.46,507.59,965.96,965.64,963.5,968.39,965.22,976.69,965.48,1674.92,1655.02,1657.82,1795.66,2955.01,2687.24,3019.85,3632.11,3566.62,3566.62,
pol.ic.oil,ic,POL,oil,326,326.79,328.52,336.98,339.57,342.35,475.69,475.53,474.47,476.88,475.32,480.97,475.45,317.39,313.62,314.15,291.29,362.49,330.83,323.19,388.71,381.7,381.7,
pol.ic.nuc,ic,POL,nuc,0,0,0,0,0,0,0,0,0,0,0,0,0,0,0,0,0,0,0,0,0,0,0,
pol.ic.wnd,ic,POL,wnd,4,19,32,35,40,121,172,306,526,709,1108,1800,2564,3429,3836,4886,5747,5759,5766,5837,6298.3,6967.3,7987.3,
pol.ic.sol,ic,POL,sol,0,0,0,0,0,0,0,0,0,1,2,1,1,2,27,108,187,287,562,1539,3955,7415.5,11166.5,
pol.ic.hyd,ic,POL,hyd,509,517,517,524,535,542,549,546,553,556,560,564,569,573,582,588,597,591,592,592,601,599,602,
pol.ic.ore,ic,POL,ore,0,0,0,0,30,38,38,32,2,2,2,2,2,2,2,2,2,2,2,2,0,0,0,
pol.ic.bio,ic,POL,bio,12,16,21,44,51,58,60,76,95,113,137,277,583,735,816,961,974,968,1004,1010,1045.4,1099.7,1110.7,
prk.ic.coa,ic,PRK,coa,4050,4050,4050,4050,4050,4050,4050,4050,4050,4050,2709,2664,2664,2664,2664,2664,2664,2664,3024,3024,3024,3024,3024,
prk.ic.nga,ic,PRK,nga,0,0,0,0,0,0,0,0,0,0,0,0,0,0,0,0,0,0,0,0,0,0,0,
prk.ic.oil,ic,PRK,oil,450,450,450,450,450,450,450,450,450,450,301,296,296,296,296,296,296,296,336,336,336,336,336,
prk.ic.nuc,ic,PRK,nuc,0,0,0,0,0,0,0,0,0,0,0,0,0,0,0,0,0,0,0,0,0,0,0,
prk.ic.wnd,ic,PRK,wnd,0,0,0,0,0,0,0,0,0.2,0.2,0.2,0.2,0.2,0.2,0.2,0.2,0.2,1,1,1,0.6,0.6,0.6,
prk.ic.sol,ic,PRK,sol,0,0,0,0,0,0,0,0,0,0,1,2,3,6.14,10.96,22.79,31.53,34.78,37.78,42,41.8,51.8,51.8,
prk.ic.hyd,ic,PRK,hyd,5000,5000,5000,5000,5000,5000,5000,5000,5000,3900,4000,4000,4300,4300,4300,4500,4700,4800,4800,4800,4865,4865,4865,
prk.ic.ore,ic,PRK,ore,0,0,0,0,0,0,0,0,0,0,0,0,0,0,0,0,0,0,0,0,0,0,0,
prk.ic.bio,ic,PRK,bio,0,0,0,0,0,0,0,0,0,0,0,0,0,0,0,0,0,0,0,0,0,0,0,
prt.ic.coa,ic,PRT,coa,1714,1720.2,1757.69,1845.53,1999.47,1978.58,1359.26,1357.58,1370.96,1560.97,1722.75,1731.67,1623.19,1799.92,1752.03,1735.67,1763.43,1761.87,1911.84,1937.26,1957.04,1675.2,1675.2,
prt.ic.nga,ic,PRT,nga,1813,1819,1858.64,1951.52,2114.3,2092.21,3554.5,3550.13,3585.1,4081.99,4505.06,4528.37,4244.71,5147.62,5010.64,4963.87,4899.64,4895.32,5312.01,5382.62,5437.58,4654.5,4654.5,
prt.ic.oil,ic,PRT,oil,2464,2472.79,2526.68,2652.95,2874.23,2844.21,2404.24,2401.29,2424.94,2761.03,3047.19,3062.96,2871.1,756.46,736.33,729.46,695.93,691.3,750.15,760.12,767.88,657.3,657.3,
prt.ic.nuc,ic,PRT,nuc,0,0,0,0,0,0,0,0,0,0,0,0,0,0,0,0,0,0,0,0,0,0,0,
prt.ic.wnd,ic,PRT,wnd,83,125,190,268,553,1064,1681,2201,2857,3326,3796,4256,4412,4610,4857,4937,5124,5124,5172,5223,5122.3,5427.3,5455.3,
prt.ic.sol,ic,PRT,sol,1,1,1,2,2,2,3,24,59,115,134,172,238,296,415,447,513,579,667,901,1100.3,1646,2536,
prt.ic.hyd,ic,PRT,hyd,3918,3943,3966,3966,3974,3968,4004,4012,4009,4042,4057,4490,4414,4363,4368,4446,4458,4462,4484,4484,4471,4485,4828,
prt.ic.ore,ic,PRT,ore,14,14,14,14,14,14,25,25,25,25,25,25,25.3,25.3,26,25,25,29.1,29.1,29.1,29.1,29.1,29.1,
prt.ic.bio,ic,PRT,bio,284,279,305,299,304,362,367,383,386,442,596,613,621,604,614,619,631,627,692,729,715.1,716.8,716.8,
pry.ic.coa,ic,PRY,coa,0,0,0,0,0,0,0,0,0,0,0,0,0,0,0,0,0,0,0,0,0,0,0,
pry.ic.nga,ic,PRY,nga,0,0,0,0,0,0,0,0,0,0,0,0,0,0,0,0,0,0,0,0,0,0,0,
pry.ic.oil,ic,PRY,oil,39,6.1,6.1,6.1,6.1,6.1,6,6,6,6,6,6,6,14.7,14.7,14.7,0.5,0.5,0.5,0.5,0.5,0.5,0.5,
pry.ic.nuc,ic,PRY,nuc,0,0,0,0,0,0,0,0,0,0,0,0,0,0,0,0,0,0,0,0,0,0,0,
pry.ic.wnd,ic,PRY,wnd,0,0,0,0,0,0,0,0,0,0,0,0,0,0,0,0,0,0,0,0,0,0,0,
pry.ic.sol,ic,PRY,sol,0,0,0,0,0,0,0,0,0,0,0,0.01,0.01,0.06,0.06,0.06,0.06,0.06,0.06,0.06,0.1,0.1,0.1,
pry.ic.hyd,ic,PRY,hyd,7390,7410,7410,7410,7410,7410,8110,8130,8130,8810,8810,8810,8810,8810,8810,8810,8810,8810,8810,8810,8810,8810,8810,
pry.ic.ore,ic,PRY,ore,0,0,0,0,0,0,0,0,0,0,0,0,0,0,0,0,0,0,0,0,0,0,0,
pry.ic.bio,ic,PRY,bio,0,0,0,0,0,0,0,0,0,0,0,0,0,39.42,39.42,39.42,39.42,39.42,39.42,20,22.2,22.2,22.2,
qat.ic.coa,ic,QAT,coa,0,0,0,0,0,0,0,0,0,0,0,0,0,0,0,0,0,0,0,0,0,0,0,
qat.ic.nga,ic,QAT,nga,2173,2260,2453.32,2586.72,2803.25,2734.62,2994.36,3128.84,4266.07,5261.88,7743,7743,7743,8724.76,8725.75,8497.46,8494.22,10093.02,10498.93,10509.85,10509.85,10509.85,10509.85,
qat.ic.oil,ic,QAT,oil,75,78,84.68,89.28,96.75,94.38,33.64,35.16,47.93,59.12,87,87,87,65.24,65.25,63.54,64.78,76.98,80.07,80.15,80.15,80.15,80.15,
qat.ic.nuc,ic,QAT,nuc,0,0,0,0,0,0,0,0,0,0,0,0,0,0,0,0,0,0,0,0,0,0,0,
qat.ic.wnd,ic,QAT,wnd,0,0,0,0,0,0,0,0,0,0,0,0,0,0,0,0,0,0,0,0,0,0,0,
qat.ic.sol,ic,QAT,sol,0,0,0,0,0,0,0,0,0,0,0,0.7,1,2,4,4,5,5,5,5,5.1,5.1,805.1,
qat.ic.hyd,ic,QAT,hyd,0,0,0,0,0,0,0,0,0,0,0,0,0,0,0,0,0,0,0,0,0,0,0,
qat.ic.ore,ic,QAT,ore,0,0,0,0,0,0,0,0,0,0,0,0,0,0,0,0,0,0,0,0,0,0,0,
qat.ic.bio,ic,QAT,bio,0,0,0,0,0,0,0,0,0,0,0,38,38,38,38,38,38,38,38,38,19,19,19,
rou.ic.coa,ic,ROU,coa,6282,5866.29,5339.39,5221.2,5311.53,4812.5,5566.23,5782.63,5377.72,5253.54,5235.55,5226.1,5374.12,4761.61,4732.35,4694.74,4212.32,4218.76,4075.23,4203.5,3105.16,2413.57,2413.57,
rou.ic.nga,ic,ROU,nga,2624,2450.15,2230.09,2180.72,2218.45,2010.02,4107.32,4267,3968.21,3876.59,3863.31,3856.34,3965.56,3603.65,3581.51,3553.04,3002.13,2956.07,2799.66,1767.96,1306.01,1015.13,1015.13,
rou.ic.oil,ic,ROU,oil,6880,6424.56,5847.52,5718.08,5817.02,5270.49,2698.45,2803.37,2607.07,2546.87,2538.14,2533.56,2605.32,3027.75,3009.14,2985.22,3823.55,3892.18,4147.11,5028.54,3714.63,2887.3,2887.3,
rou.ic.nuc,ic,ROU,nuc,655,655,655,655,655,655,655,1305,1300,1300,1300,1300,1300,1300,1300,1300,1300,1300,1300,1300,1300,1300,1300,
rou.ic.wnd,ic,ROU,wnd,0,0,0,0,0,1,1,3,5,10,37.5,988,1822,2773,3244,3130,3025,3030,3032,3038,3012.5,3015,3015,
rou.ic.sol,ic,ROU,sol,0,0,0,0,0,0,0,0,0,1,2,4,41,761,1293,1326,1372,1374,1385.91,1398,1382.6,1393.9,1413.9,
rou.ic.hyd,ic,ROU,hyd,6120,6122,6242,6248,6279,6289,6282,6331,6362,6358,6382,6391,6456,6249,6256,6359,6377,6328,6328,6328,6560.8,6570.7,6569.7,
rou.ic.ore,ic,ROU,ore,0,0,0,0,0,0,0,0,0,0,0,0,0,0,0,0,0,0,0,0,0,0,0,
rou.ic.bio,ic,ROU,bio,0,0,0,0,0,0,0,15,15,15,20,30,35,46,94,118,123,140.47,141.36,139,165.4,140.4,142.4,
rus.ic.coa,ic,RUS,coa,40158,40186.49,42378.03,42591.63,42695.55,42950.03,39219.97,39691.6,39527.23,39811.97,39116.69,39116.69,40859.04,38271.88,41883.78,41825.76,43233.01,42959.27,42620.53,42253.88,47795.22,47795.22,47795.22,
rus.ic.nga,ic,RUS,nga,84062,84122.21,88709.77,89156.89,89374.43,89907.12,97369.5,98540.41,98132.32,98839.24,97113.09,97113.09,101438.75,111400.33,121913.73,121744.85,126542.54,128812.7,131551.08,131919.89,149220.37,149220.37,149220.37,
rus.ic.oil,ic,RUS,oil,15280,15291.3,16125.2,16206.48,16246.02,16342.85,14923.53,15102.99,15040.45,15148.79,14884.23,14884.23,15547.21,14253.79,15598.99,15577.38,16039.15,15928.72,16042.92,16040.76,18144.41,18144.41,18144.41,
rus.ic.nuc,ic,RUS,nuc,19848,20798,20793,20793,21743,21743,21743,21743,21743,21743,22693,23643,23643,23643,24654,25443,26111,26142,27252,28373,28578,27727,27727,
rus.ic.wnd,ic,RUS,wnd,3,3,7,9,9,10,10,10,10,10,10,10,10,10,10,10,10,10.9,51.9,102,945.3,1955,2218,
rus.ic.sol,ic,RUS,sol,0,0,0,0,0,0,0,0,0,0,0,0,0,1,5,61.32,76.32,225,535.32,1064,1427.8,1661,1815.9,
rus.ic.hyd,ic,RUS,hyd,43900,44700,44828,45221,45531,45835,46062,46804,47066,47308,47430,47305,47350,48890,49680,50060,50120,50270,51620,52580,51398.1,51398.1,51398.1,
rus.ic.ore,ic,RUS,ore,23,21.4,70.4,70.4,56.4,79.4,79.4,83.9,83.9,83.9,83.9,83.9,84,84,84,84,84,84,84,84,74,74,74,
rus.ic.bio,ic,RUS,bio,0,0,0,0,0,0,0,0,0,0,1200,1200,1200,1197.15,1370,1370,1370,1372.5,1370,1370,1372.5,1372.5,1372.5,
sau.ic.coa,ic,SAU,coa,0,0,0,0,0,0,0,0,0,0,0,0,0,0,0,0,0,0,0,0,0,0,0,
sau.ic.nga,ic,SAU,nga,10280,10923.7,12295.53,13056.85,13253.01,14489.61,18232.6,18823.57,20665.57,20127.41,20936.45,23092.22,24193.35,25969.26,29098.25,30719.17,32338.23,34474.86,35484.92,35351.18,36875.89,36875.89,36875.89,
sau.ic.oil,ic,SAU,oil,13512,14358.3,16161.47,17162.15,17419.99,19045.39,22152.4,22870.43,25108.43,24454.59,25437.55,28056.78,29394.65,32492.74,36407.75,38435.83,42363.77,45996.14,41456.08,41021.82,42791.11,42791.11,42791.11,
sau.ic.nuc,ic,SAU,nuc,0,0,0,0,0,0,0,0,0,0,0,0,0,0,0,0,0,0,0,0,0,0,0,
sau.ic.wnd,ic,SAU,wnd,0,0,0,0,0,0,0,0,0,0,0,0,0,0,0,0,0,3,3,3,3.3,3.3,3.3,
sau.ic.sol,ic,SAU,sol,0,0,0,0,0,0,0,0,0,0,2,3,14,22,24,24.26,24.26,34.39,84.39,409,109.4,439.4,439.9,
sau.ic.hyd,ic,SAU,hyd,0,0,0,0,0,0,0,0,0,0,0,0,0,0,0,0,0,0,0,0,0,0,0,
sau.ic.ore,ic,SAU,ore,0,0,0,0,0,0,0,0,0,0,0,0,0,0,0,0,0,0,0,0,0,0,0,
sau.ic.bio,ic,SAU,bio,0,0,0,0,0,0,0,0,0,0,0,0,0,0,0,0,0,0,0,0,0,0,0,
sdn.ic.coa,ic,SDN,coa,0,0,0,0,0,0,0,0,0,0,0,0,0,0,0,0,0,0,0,0,0,0,0,
sdn.ic.nga,ic,SDN,nga,0,0,0,0,0,0,0,0,0,0,0,0,0,0,0,0,0,0,0,0,0,0,0,
sdn.ic.oil,ic,SDN,oil,493,493,493,580,630,624,718,718,718,718,788,1133,1323,1733,1739,1717,1935,2004,2013,2013,1944,1944,1944,
sdn.ic.nuc,ic,SDN,nuc,0,0,0,0,0,0,0,0,0,0,0,0,0,0,0,0,0,0,0,0,0,0,0,
sdn.ic.wnd,ic,SDN,wnd,0,0,0,0,0,0,0,0,0,0,0,0,0,0,0,0,0,0,0,0,0,0,0,
sdn.ic.sol,ic,SDN,sol,0,0,0,0,0,0,0,0,0,0,2,4,8,8,8,11,12,13,13,19,117.1,135.9,189.9,
sdn.ic.hyd,ic,SDN,hyd,308,308,308,308,308,337,342,343,550,1550,1600,1600,1600,1600,1600,1600,1600,1900,1920,1920,1482,1482,1482,
sdn.ic.ore,ic,SDN,ore,0,0,0,0,0,0,0,0,0,0,0,0,0,0,0,0,0,0,0,0,0,0,0,
sdn.ic.bio,ic,SDN,bio,74,74,74,74,74,87,87,87,87,87,87,87,191,199,199,199,199,199,199,199,199,199,199,
sen.ic.coa,ic,SEN,coa,0,0,0,0,0,0,0,0,0,0,0,0,0,0,0,0,19.01,54.49,172.59,166.98,190.28,190.28,190.28,
sen.ic.nga,ic,SEN,nga,87,92.95,129.88,120.34,131.11,156.04,57.32,67.82,75.01,75.01,80.91,97.54,100.72,78.72,80.78,81.86,73.2,83.92,75.94,73.47,83.72,83.72,83.72,
sen.ic.oil,ic,SEN,oil,195,209.05,292.12,270.66,294.89,350.96,428.68,507.18,560.99,560.99,605.09,729.46,753.28,723.28,742.22,752.14,747.78,745.52,752.76,760.84,867,867,867,
sen.ic.nuc,ic,SEN,nuc,0,0,0,0,0,0,0,0,0,0,0,0,0,0,0,0,0,0,0,0,0,0,0,
sen.ic.wnd,ic,SEN,wnd,0,0,0,0,0,0,0,0,0,0,0,0,0,0,0,0,0,0,0,50,158.7,158.7,158.7,
sen.ic.sol,ic,SEN,sol,1,1.1,1.3,1.4,1.6,2,2,2,2,3,3,5,6,7,10,11,43,113,155,155,173,239.5,262.5,
sen.ic.hyd,ic,SEN,hyd,0,0,66,66,66,66,66,66,66,66,66,66,66,75,75,75,75,75,75,75,81,81,81,
sen.ic.ore,ic,SEN,ore,0,0,0,0,0,0,0,0,0,0,0,0,0,0,0,0,0,0,0,0,0,0,0,
sen.ic.bio,ic,SEN,bio,9,9,9,9,9,9,9,9,9,9,25,25,25,25,25,25,25,25,25,25,25,25,25,
sgp.ic.coa,ic,SGP,coa,0,0,0,0,0,0,0,0,0,0,0,0,0,0,0,0,0,0,0,0,0,0,0,
sgp.ic.nga,ic,SGP,nga,1000,999.84,999.84,999.84,999.84,1097.23,6071.98,6407.72,6626.43,6610.45,6538.82,6478.71,6584.23,8635.67,9900.91,9992.51,10653.76,10556.31,10561.81,9616.85,9147.42,9147.42,9147.42,
sgp.ic.oil,ic,SGP,oil,7848,7848.16,7848.16,7848.16,7848.16,8612.57,3422.82,3612.08,3735.37,3726.35,3685.98,3652.09,3711.57,2610.43,2992.89,3020.59,2694.64,2943.29,2937.79,2674.95,2544.38,2544.38,2544.38,
sgp.ic.nuc,ic,SGP,nuc,0,0,0,0,0,0,0,0,0,0,0,0,0,0,0,0,0,0,0,0,0,0,0,
sgp.ic.wnd,ic,SGP,wnd,0,0,0,0,0,0,0,0,0,0,0,0,0,0,0,0,0,0.1,0.1,0.1,0.1,0.1,0.1,
sgp.ic.sol,ic,SGP,sol,0,0,0,0,0,0,0,0,0,2,4,5,8,12,25.3,46,97,116,160.3,272,332.5,487,571.6,
sgp.ic.hyd,ic,SGP,hyd,0,0,0,0,0,0,0,0,0,0,0,0,0,0,0,0,0,0,0,0,0,0,0,
sgp.ic.ore,ic,SGP,ore,0,0,0,0,0,0,0,0,0,0,0,0,0,0,0,0,0,0,0,0,0,0,0,
sgp.ic.bio,ic,SGP,bio,120,120,120,120,120,150,150,150,150,128,128,128,128,160.4,183.4,205.4,210.4,211.4,219,219,198.4,206.4,274.5,
slv.ic.coa,ic,SLV,coa,0,0,0,0,0,0,0,0,0,0,0,0,0,0,0,0,0,0,0,0,0,0,0,
slv.ic.nga,ic,SLV,nga,0,0,0,0,0,0,0,0,0,0,0,0,0,0,0,0,0,0,0,0,0,0,0,
slv.ic.oil,ic,SLV,oil,450,560.6,472.2,514.6,514.6,613,689,748.4,751.2,800.2,800.2,812.55,800.85,892.45,892.5,958.6,1015.5,1034.1,1062.6,1071.6,1057.57,1057.57,1057.57,
slv.ic.nuc,ic,SLV,nuc,0,0,0,0,0,0,0,0,0,0,0,0,0,0,0,0,0,0,0,0,0,0,0,
slv.ic.wnd,ic,SLV,wnd,0,0,0,0,0,0,0,0,0,0,0,0,0,0,0,0,0,0,0,0,36,54,54,
slv.ic.sol,ic,SLV,sol,0,0.2,0.4,0.5,0.6,0.7,0.9,1,1,1.5,4,5,6,13,14.57,26.12,28.02,125.83,206.23,391,478.4,643.1,664.1,
slv.ic.hyd,ic,SLV,hyd,411,407.3,422.3,430,429.7,460.9,460,460,472,472,472,472,473,473,473,473,473,552,553,553,573.5,571.9,571.9,
slv.ic.ore,ic,SLV,ore,161,161.2,161.2,161.2,151.2,151.2,151.2,204.4,204.4,204.4,204.4,204.4,204.4,204.4,204.4,204.4,204.4,204.4,204.4,204.4,204.4,204.4,204.4,
slv.ic.bio,ic,SLV,bio,0,0,0,0,20,25,29,60,104,104,129.5,201.8,258.6,269.85,304.75,202.1,258.9,270.3,305.2,305.2,300.5,301.5,301.5,
srb.ic.coa,ic,SRB,coa,0,0,0,0,0,0,3986.61,3986.61,3986.61,3986.61,3989.37,3993.04,3993.96,3906.46,3972,3994.15,4017.23,4010.6,4500.03,4500.03,4055.85,4069.7,4069.7,
srb.ic.nga,ic,SRB,nga,0,0,0,0,0,0,253.99,253.99,253.99,253.99,254.17,254.4,254.46,228.65,232.49,233.78,235.14,233.47,261.97,261.97,236.11,236.91,236.91,
srb.ic.oil,ic,SRB,oil,0,0,0,0,0,0,100.39,100.39,100.39,100.39,100.46,100.56,100.58,96.89,98.51,99.06,99.63,98.93,111,111,100.05,100.39,100.39,
srb.ic.nuc,ic,SRB,nuc,0,0,0,0,0,0,0,0,0,0,0,0,0,0,0,0,0,0,0,0,0,0,0,
srb.ic.wnd,ic,SRB,wnd,0,0,0,0,0,0,0,0,0,0,0,0,1,1,1,10,17,25,227,398,398,398,398,
srb.ic.sol,ic,SRB,sol,0,0,0,0,0,0,0,0,1,1,1,4,7,10,13,16,17,18,21,23,30.5,51.8,137,
srb.ic.hyd,ic,SRB,hyd,0,0,0,0,0,0,2206,2206,2206,2221,2293,2322,2352,2317,2403,2408,2416,2424,2424,2424,2468.3,2471,2483,
srb.ic.ore,ic,SRB,ore,0,0,0,0,0,0,0,0,0,0,0,0,0,0,0,0,0,0,0,0,0,0,0,
srb.ic.bio,ic,SRB,bio,0,0,0,0,0,0,0,0,0,0,0,2,4,4,5,5,10,13,17,24,30.9,36.1,36.1,
ssd.ic.coa,ic,SSD,coa, NA ,NA,NA,NA,NA,NA,NA,NA,NA,NA,NA,NA,38.45,40.32,40.32,40.32,41.11,61.94,61.76,61.98,61.98,61.98,61.98,
ssd.ic.nga,ic,SSD,nga, NA ,NA,NA,NA,NA,NA,NA,NA,NA,NA,NA,NA,32.47,31.75,31.75,31.75,31.07,46.65,47.16,47.06,47.06,47.06,47.06,
ssd.ic.oil,ic,SSD,oil, NA ,NA,NA,NA,NA,NA,NA,NA,NA,NA,NA,NA,9.08,7.93,7.93,7.93,7.81,11.41,11.08,10.96,10.96,10.96,10.96,
ssd.ic.nuc,ic,SSD,nuc, NA ,NA,NA,NA,NA,NA,NA,NA,NA,NA,NA,NA,0,0,0,0,0,0,0,0,0,0,0,
ssd.ic.wnd,ic,SSD,wnd, NA ,NA,NA,NA,NA,NA,NA,NA,NA,NA,NA,NA,0,0,0,0,0,0,0,0,0,0,0,
ssd.ic.sol,ic,SSD,sol, NA ,NA,NA,NA,NA,NA,NA,NA,NA,NA,NA,NA,0.16,0.16,0.16,0.16,0.43,0.45,0.55,0.55,0.8,1.3,14.1,
ssd.ic.hyd,ic,SSD,hyd, NA ,NA,NA,NA,NA,NA,NA,NA,NA,NA,NA,NA,0,0,0,0,0,0,0,0,0,0,0,
ssd.ic.ore,ic,SSD,ore, NA ,NA,NA,NA,NA,NA,NA,NA,NA,NA,NA,NA,0,0,0,0,0,0,0,0,0,0,0,
ssd.ic.bio,ic,SSD,bio, NA ,NA,NA,NA,NA,NA,NA,NA,NA,NA,NA,NA,0,0,0,0,0,0,0,0,0,0,0,
sur.ic.coa,ic,SUR,coa,0,0,0,0,0,0,0,0,0,0,0,0,0,0,0,0,0,0,0,0,0,0,0,
sur.ic.nga,ic,SUR,nga,0,0,0,0,0,0,0,0,0,0,0,0,0,0,0,0,0,0,0,0,0,0,0,
sur.ic.oil,ic,SUR,oil,200,200,200,200,200,200,200,200,200,200,221,277,277,347,307.4,307,307,307,309.5,310,302,343.4,343.4,
sur.ic.nuc,ic,SUR,nuc,0,0,0,0,0,0,0,0,0,0,0,0,0,0,0,0,0,0,0,0,0,0,0,
sur.ic.wnd,ic,SUR,wnd,0,0,0,0,0,0,0,0,0,0,0,0,0,0,0,0,0,0,0,0,0,0,0,
sur.ic.sol,ic,SUR,sol,0,0,0,0,0,0,0,0,0,0,0.2,0.3,1,1,6,6,6,6,7,7,9.4,9.4,11.7,
sur.ic.hyd,ic,SUR,hyd,189,189,189,189,189,189,189,189,189,189,189,189,189,189,189,189,189,189,189,189,180.2,180.2,180.2,
sur.ic.ore,ic,SUR,ore,0,0,0,0,0,0,0,0,0,0,0,0,0,0,0,0,0,0,0,0,0,0,0,
sur.ic.bio,ic,SUR,bio,0,0,0,0,0,0,0,0,0,0,0,0,0,0,0,1.5,1.5,1.5,1.5,1.5,1.5,1.5,1.5,
svk.ic.coa,ic,SVK,coa,1704,1704,1704,1745.9,1777.91,1768.02,1547.69,1299.32,1279.29,1398.46,1745.97,1678.47,1686.91,1623.27,1422.19,1261.03,844.47,749.05,707.1,703.72,996.41,901.35,901.35,
svk.ic.nga,ic,SVK,nga,694,694.15,694.15,711.22,724.26,720.23,869.02,729.57,718.31,785.23,980.35,942.45,947.19,1165.87,1021.45,905.7,884.75,865.14,808.51,804.64,1139.31,1030.62,1030.62,
svk.ic.oil,ic,SVK,oil,530,529.85,529.85,542.88,552.83,549.75,518.28,435.11,428.4,468.31,584.68,562.08,564.9,423.86,371.36,329.28,376.78,397.81,366.39,364.63,516.29,467.04,467.04,
svk.ic.nuc,ic,SVK,nuc,2442,2442,2442,2442,2442,2442,2034,2034,1711,1762,1816,1816,1816,1815,1814,1814,1814,1814,1814,1814,1837,1868,2308,
svk.ic.wnd,ic,SVK,wnd,0,0,0,3,3,5,5,5,5,3,3,3,3,5,3,3,3,4,3,4,4,4,4,
svk.ic.sol,ic,SVK,sol,0,0,0,0,0,0,0,0,0,0,19,496,513,533,533,533,533,528,472,590,535,537,537,
svk.ic.hyd,ic,SVK,hyd,1586,1586,1586,1588,1602,1596,1597,1599,1632,1571,1600,1607,1606,1607,1607,1606,1608,1607,1612,1612,1613,1615,1615,
svk.ic.ore,ic,SVK,ore,10,10,10,10,10,10,10,19,19,19,19,19,19,25,25,30,32,31,31,31,0,0,0,
svk.ic.bio,ic,SVK,bio,46,46,46,15,52,52,116,145,159,172,185,199,217,219,253,258,272,262,259,242,225,250,250,
svn.ic.coa,ic,SVN,coa,870,869.52,869.52,870.82,867.57,881.87,899.09,891.18,854.24,864.13,831.81,837.75,835.77,779.23,770.54,702.92,891.77,904.95,1001.3,1001.99,1035.09,1075.7,1075.7,
svn.ic.nga,ic,SVN,nga,431,431.15,431.15,431.79,430.18,437.27,463.91,459.82,440.76,445.87,429.19,432.25,431.23,476.77,471.46,430.08,426.23,427.05,465.7,466.01,481.41,500.3,500.3,
svn.ic.oil,ic,SVN,oil,37,37.33,37.33,37.39,37.25,37.86,0,0,0,0,0,0,0,0,0,0,0,0,0,0,0,0,0,
svn.ic.nuc,ic,SVN,nuc,676,676,676,676,676,656,666,666,666,666,666,688,688,688,688,688,688,688,688,688,688,688,688,
svn.ic.wnd,ic,SVN,wnd,0,0,0,0,0,0,0,0,0,0,0,0,0,4,4,5,5,5,5,5,3.3,3.3,3.3,
svn.ic.sol,ic,SVN,sol,0,0,0,0,0,0,0,0,1,4,12,57,142,187,223,238,233,247,247,264,369.8,461.2,632.2,
svn.ic.hyd,ic,SVN,hyd,983,983,983,974,974,979,1009,1018,1027,1070,1074,1073,1074,1119,1116,1115,1113,1167,1163,1163,1171.9,1172.1,1174.1,
svn.ic.ore,ic,SVN,ore,0,0,0,0,0,0,0,0,0,0,0,0,0,0,0,0,0,0,0,0,0,0,0,
svn.ic.bio,ic,SVN,bio,18,18,18,18,20,20,22,24,59,52,49,58,61,61,64,65,62,64,62,62,66.7,67.4,68.4,
swe.ic.coa,ic,SWE,coa,1616,1616.24,1616.24,1937.94,1921.09,1439.23,755.29,902.05,860.28,855.45,920.61,482.06,682.77,676.43,668.01,529.53,421.01,461.27,670.09,758.18,2140.12,1966.74,1966.74,
swe.ic.nga,ic,SWE,nga,241,240.81,240.81,288.74,286.23,214.44,801.28,956.99,912.68,907.55,976.68,511.42,724.36,584.71,577.43,457.73,332.05,363.8,528.5,597.97,1687.9,1551.16,1551.16,
swe.ic.oil,ic,SWE,oil,2745,2744.95,2744.95,3291.31,3262.68,2444.33,2349.43,2805.96,2676.04,2661,2863.7,1499.52,2123.87,1952.86,1928.55,1528.75,1138.93,1037.93,1433.41,1621.85,4577.99,4207.11,4207.11,
swe.ic.nuc,ic,SWE,nuc,9445,9445,9445,9444,9468,8905,8996,9034,8996,9036,9303,9326,9395,9474,9470,9648,9740,8629,8631,7724,6882,6885,6937,
swe.ic.wnd,ic,SWE,wnd,357,357,357,399,452,493,516,710,814,1448,2019,2769,3606,4194,5088,5819,6435,6611,7300,8681,9976,12116,14557,
swe.ic.sol,ic,SWE,sol,3,3,3,4,4,4,5,6,8,9,11,12,24,43,60,104,153,244,428,714,1107,1606,2606,
swe.ic.hyd,ic,SWE,hyd,16187,16187,16187,16098,16302,16302,16234,16592,16352,16544,16624,16478,16315,16395,15897,16230,16367,16403,16332,16332,16307,16308,16308,
swe.ic.ore,ic,SWE,ore,0,0,0,0,0,0,0,0,0,0,0,0,0,0,0,0,0,0,0,0,0,0,0,
swe.ic.bio,ic,SWE,bio,1860,1860,1860,1860,1954,2979,3976,3208,3297,3913,3954,4053,4831,4562,4902,5235,5603,5579,5776,6056,4559.5,4474,4474,
syr.ic.coa,ic,SYR,coa,0,0,0,0,0,0,0,0,0,0,0,0,0,0,0,0,0,0,0,0,0,0,0,
syr.ic.nga,ic,SYR,nga,3993,3992.78,3992.78,3909.51,3909.51,3854.85,5145.04,5739.61,5508.16,6070.02,6016.04,6016.04,6016.04,5934.51,6542,6091.02,6625,6630.66,6928.27,6928.27,6928.27,6928.27,6928.27,
syr.ic.oil,ic,SYR,oil,2289,2289.22,2289.22,2241.49,2241.49,2210.15,1145.96,1278.39,1226.84,1351.98,1339.96,1339.96,1339.96,1421.49,1567,1458.98,1567,1568.34,1638.73,1638.73,1638.73,1638.73,1638.73,
syr.ic.nuc,ic,SYR,nuc,0,0,0,0,0,0,0,0,0,0,0,0,0,0,0,0,0,0,0,0,0,0,0,
syr.ic.wnd,ic,SYR,wnd,0,0,0,0,0,0,0.3,0.3,0.4,0.6,0.6,0.6,0.6,0.6,0.6,0.6,0.6,1,1,1,0.6,0.6,0.6,
syr.ic.sol,ic,SYR,sol,0,0,0,0,0,0,0,0,0,0,0,0,0,0,0,0,0,0.1,1,2,11.5,33,60,
syr.ic.hyd,ic,SYR,hyd,1520,1520,1520,1520,1520,1505,1505,1505,900,900,850,850,850,850,1494,1570,1490,1490,1490,1490,1490,1490,1490,
syr.ic.ore,ic,SYR,ore,0,0,0,0,0,0,0,0,0,0,0,0,0,0,0,0,0,0,0,0,0,0,0,
syr.ic.bio,ic,SYR,bio,7,7,7,7,7,7,7,7,7,7,7,7,7,7,7,7,7,7,7,7,6.7,6.7,6.7,
tgo.ic.coa,ic,TGO,coa,0,0,0,0,0,0,0,0,0,0,0,0,0,0,0,0,0,0,0,0,0,0,0,
tgo.ic.nga,ic,TGO,nga,0,0,0,0,0,0,0,0,0,0,0,0,0,0,0,0,0,0,0,0,0,0,0,
tgo.ic.oil,ic,TGO,oil,18,18,18,18,18,18,100,120,120,120,120,130,160,160,160,160,158,158,157.1,157.1,185.4,185.4,185.4,
tgo.ic.nuc,ic,TGO,nuc,0,0,0,0,0,0,0,0,0,0,0,0,0,0,0,0,0,0,0,0,0,0,0,
tgo.ic.wnd,ic,TGO,wnd,0,0,0,0,0,0,0,0,0,0,0,0,0,0,0,0,0,0,0,0,0,0,0,
tgo.ic.sol,ic,TGO,sol,0,0.1,0.1,0.1,0.1,0.1,0.1,0.1,0.1,0.1,0.2,0.4,0.5,0.6,1.2,2.4,3,3,3,3,7.2,57.2,57.2,
tgo.ic.hyd,ic,TGO,hyd,30,30,30,30,35,35,35,35,35,35,35,35,35,35,35,35,35,35,35,35,66.6,66.6,66.6,
tgo.ic.ore,ic,TGO,ore,0,0,0,0,0,0,0,0,0,0,0,0,0,0,0,0,0,0,0,0,0,0,0,
tgo.ic.bio,ic,TGO,bio,0,0,0,0,0,0,0,0,0,0,0,0,0,0,0,0,0,0,0,0,0,0,0,
tha.ic.coa,ic,THA,coa,2858,2858.5,2858.5,2924.23,3669.57,3213.63,3150.79,3599.16,4100,4750.03,4845.08,4987.77,5104.21,5455.15,5569.21,5934.62,5997.93,6168.6,5687.68,4835.34,3672.09,3890.88,3890.88,
tha.ic.nga,ic,THA,nga,17104,17104.03,17104.03,17497.35,21957.14,19229,17216.19,19666.14,22402.77,25954.61,26473.98,27253.64,27889.89,30334.77,30969.07,33001.02,33484.68,33395.35,35184.31,35613.64,27045.94,28657.39,28657.39,
tha.ic.oil,ic,THA,oil,6607,6607.47,6607.47,6759.42,8482.28,7428.37,8206.82,9374.7,10679.23,12372.36,12619.94,12991.59,13294.89,11460.08,11699.71,12467.36,14170.39,13941.05,14379.01,14802.02,11241.05,11910.81,11910.81,
tha.ic.nuc,ic,THA,nuc,0,0,0,0,0,0,0,0,0,0,0,0,0,0,0,0,0,0,0,0,0,0,0,
tha.ic.wnd,ic,THA,wnd,0,0,0,0,0,0.15,0.15,1,1,5,5,8,112,223,225,234,507,628,1102.82,1507,1506.8,1545.3,1545.3,
tha.ic.sol,ic,THA,sol,0,0,0,0,0,24,30.4,32.3,32.4,37,48.6,78.7,381.7,828.5,1303.5,1424.6,2451,2702.26,2967.44,2988,2987.6,3065.3,3065.3,
tha.ic.hyd,ic,THA,hyd,2936,2936,2936,2973,3476,3476,3476,3476,3481,3488,3488,3500,3508,3524,3500,3510,3510,3510,3510,3510,3108.8,3110.1,3110.1,
tha.ic.ore,ic,THA,ore,0,0.3,0.3,0.3,0.3,0.3,0.3,0.3,0.3,0.3,0.3,0.3,0.3,0.3,0.3,0.3,0.3,0.3,0.3,0.3,0.3,0.3,0.3,
tha.ic.bio,ic,THA,bio,600,600,600,600,700,800,1040,1380,1620,1700,1770,1980,2200,2634.2,2829,3230.9,3394.84,3824.17,4196,4255,4241.4,4476.1,4476.1,
tjk.ic.coa,ic,TJK,coa,0,0,0,0,0,0,0,0,0,0,0,0,0,0,0,0,50,50,50,50,49.93,49.93,49.93,
tjk.ic.nga,ic,TJK,nga,389,389,389,389,389,389,389,322,321,319,318,324,314,318,421,422,669,669,669,669,668.07,668.07,668.07,
tjk.ic.oil,ic,TJK,oil,0,0,0,0,0,0,0,0,0,0,0,0,0,0,0,0,0,0,0,0,0,0,0,
tjk.ic.nuc,ic,TJK,nuc,0,0,0,0,0,0,0,0,0,0,0,0,0,0,0,0,0,0,0,0,0,0,0,
tjk.ic.wnd,ic,TJK,wnd,0,0,0,0,0,0,0,0,0,0,0,0,0,0,0,0,0,0,0,0,0,0,0,
tjk.ic.sol,ic,TJK,sol,0,0,0,0,0,0,0,0,0,0,0,0,0,0,0,0,0,0,0,0,0.2,0.2,0.2,
tjk.ic.hyd,ic,TJK,hyd,4054,4054,4054,4054,4054,4037,4037,4037,4058,4730,4730,4850,4850,4850,4990,4990,4989,5190,5800,5800,5273.2,5274.3,5274.3,
tjk.ic.ore,ic,TJK,ore,0,0,0,0,0,0,0,0,0,0,0,0,0,0,0,0,0,0,0,0,0,0,0,
tjk.ic.bio,ic,TJK,bio,0,0,0,0,0,0,0,0,0,0,0,0,0,0,0,0,0,0,0,0,0,0,0,
tkm.ic.coa,ic,TKM,coa,0,0,0,0,0,0,0,0,0,0,0,0,0,0,0,0,0,0,0,0,0,0,0,
tkm.ic.nga,ic,TKM,nga,3920,3920,3920,3920,3920,3105,2851,2851,2851,2851,3000,3200,3400,3800,4000,4400,4674,5200,5200,5200,5200,5200,5200,
tkm.ic.oil,ic,TKM,oil,0,0,0,0,0,0,0,0,0,0,0,0,0,0,0,0,0,0,0,0,0,0,0,
tkm.ic.nuc,ic,TKM,nuc,0,0,0,0,0,0,0,0,0,0,0,0,0,0,0,0,0,0,0,0,0,0,0,
tkm.ic.wnd,ic,TKM,wnd,0,0,0,0,0,0,0,0,0,0,0,0,0,0,0,0,0,0,0,0,0,0,0,
tkm.ic.sol,ic,TKM,sol,0,0,0,0,0,0,0,0,0,0,0,0,0,0,0,0,0,0,0,0,0,0,0,
tkm.ic.hyd,ic,TKM,hyd,1,1,1,1,1.2,1,1,1,1,1,1,1,1,1,1,1,1,1,1,1,1.2,2.2,2.2,
tkm.ic.ore,ic,TKM,ore,0,0,0,0,0,0,0,0,0,0,0,0,0,0,0,0,0,0,0,0,0,0,0,
tkm.ic.bio,ic,TKM,bio,0,0,0,0,0,0,0,0,0,0,0,0,0,0,0,0,0,0,0,0,0,0,0,
tto.ic.coa,ic,TTO,coa,0,0,0,0,0,0,0,0,0,0,0,0,0,0,0,0,0,0,0,0,0,0,0,
tto.ic.nga,ic,TTO,nga,1465,1464.74,1464.74,1452.78,1452.78,1451.79,1416.78,1460.65,1646.09,1646.09,1756.76,2207.42,2480.6,2484.91,2489.9,2492.89,2495.89,2499.88,2147.74,2147.74,2506.56,2506.56,2506.56,
tto.ic.oil,ic,TTO,oil,5,5.26,5.26,5.22,5.22,5.21,4.22,4.35,4.91,4.91,5.24,6.58,7.4,6.09,6.1,6.11,6.11,6.12,5.26,5.26,6.14,6.14,6.14,
tto.ic.nuc,ic,TTO,nuc,0,0,0,0,0,0,0,0,0,0,0,0,0,0,0,0,0,0,0,0,0,0,0,
tto.ic.wnd,ic,TTO,wnd,0,0,0,0,0,0,0,0,0,0,0,0,0,0,0,0.01,0.01,0.01,0.01,0.01,0,0,0,
tto.ic.sol,ic,TTO,sol,1,0.6,0.6,1,1.4,1.5,1.7,1.9,2,2.3,3,3,3,3,3,3,3,3,3,3,4.4,4.4,4.4,
tto.ic.hyd,ic,TTO,hyd,0,0,0,0,0,0,0,0,0,0,0,0,0,0,0,0,0,0,0,0,0,0,0,
tto.ic.ore,ic,TTO,ore,0,0,0,0,0,0,0,0,0,0,0,0,0,0,0,0,0,0,0,0,0,0,0,
tto.ic.bio,ic,TTO,bio,5,5,5,5,5,5,5,5,5,5,5,5,5,5,5,5,5,5,5,5,5,5,5,
tun.ic.coa,ic,TUN,coa,0,0,0,0,0,0,0,0,0,0,0,0,0,0,0,0,0,0,0,0,0,0,0,
tun.ic.nga,ic,TUN,nga,2287,2286.82,2286.82,2350.06,2446.99,2643.31,2863.67,2846.06,3146.34,3249.37,3252.01,3611.29,3558.46,3895.14,4282.83,4670.52,4742.24,4923.71,4883.81,4977.6,5392.71,5392.71,5392.71,
tun.ic.oil,ic,TUN,oil,497,497.18,497.18,510.94,532.01,574.69,388.33,385.94,426.66,440.63,440.99,489.71,482.54,374.86,412.17,449.48,431.76,448.29,468.19,394.4,427.29,427.29,427.29,
tun.ic.nuc,ic,TUN,nuc,0,0,0,0,0,0,0,0,0,0,0,0,0,0,0,0,0,0,0,0,0,0,0,
tun.ic.wnd,ic,TUN,wnd,10,10,10,19,19,19,19,19,19,19,19,54,104,200,233,244,244,244,244,244,245,245,245,
tun.ic.sol,ic,TUN,sol,0,0,0,0,0,1,1,1,1,1,2,3,5,9,17,28,41,51,64,80,94.9,94.9,197.1,
tun.ic.hyd,ic,TUN,hyd,59,59,59,61,66,66,66,63,63,62,62,66,66,66,66,66,66,66,66,66,66,66,66,
tun.ic.ore,ic,TUN,ore,0,0,0,0,0,0,0,0,0,0,0,0,0,0,0,0,0,0,0,0,0,0,0,
tun.ic.bio,ic,TUN,bio,0,0,0,0,0,0,0,0,0,0,0,0,0,0,0,0,0,0,0,0,0,0,0,
tur.ic.coa,ic,TUR,coa,8891,8891.05,8891.05,10446.58,10981.37,11779.69,10539.55,10481.27,10600.92,11274.04,11453.9,12130.11,12453.55,13617.83,14524.9,14506.58,16814.63,17752.75,18103.46,17873.91,20140.63,20320.73,20320.73,
tur.ic.nga,ic,TUR,nga,8634,8633.54,8633.54,10144.01,10663.32,11438.51,15438.82,15353.45,15528.72,16514.74,16778.21,17768.75,18242.54,21860.09,23316.16,23286.75,23098.17,24542.37,24117.35,24148.35,27210.78,27454.09,27454.09,
tur.ic.oil,ic,TUR,oil,1943,1943.4,1943.4,2283.41,2400.31,2574.8,1328.63,1321.28,1336.36,1421.22,1443.89,1529.13,1569.91,193.08,205.94,205.68,142.21,49.88,41.19,39.74,44.79,45.19,45.19,
tur.ic.nuc,ic,TUR,nuc,0,0,0,0,0,0,0,0,0,0,0,0,0,0,0,0,0,0,0,0,0,0,0,
tur.ic.wnd,ic,TUR,wnd,19,19,19,19,19,21,59,146,364,792,1320,1729,2261,2760,3630,4503,5751,6516,7005,7591,10607,10607,11396,
tur.ic.sol,ic,TUR,sol,1,0.6,0.6,1,1.5,2,3,3,4,5,6,7,12,19,41,250,834,3422,5064,5996,6668,7817,9426,
tur.ic.hyd,ic,TUR,hyd,12241,12241,12241,12579,12645,12906,13063,13395,13829,14553,15831,17137,19609,22289,23643,25868,26681,27273,28291,28503,30984,31493,31572,
tur.ic.ore,ic,TUR,ore,32,32,32,37,37,37,45,45,52,99,116,136.2,184,369,477,717,954,1228.7,1447.5,1680,1613,1676,1691,
tur.ic.bio,ic,TUR,bio,86,86,86,86,86,86,113,115,129,129,123,104,148,178,227,277,365,472,587,983,1097,1637,1912,
twn.ic.coa,ic,TWN,coa,15246,15246.19,15246.19,16340.8,17338.44,17974.49,16405.08,16746.81,16940.46,17641.01,17999.83,17861.24,17579.78,17086.47,16795.09,16789.63,17609.73,18350.85,19441.64,21127.76,21085.36,21347.63,21357.88,
twn.ic.nga,ic,TWN,nga,5625,5624.78,5624.78,6028.61,6396.67,6631.33,14342.23,14640.99,14810.29,15422.75,15736.45,15615.29,15369.22,16250.65,15973.53,15968.33,15668.42,14904.54,16762.03,17652.68,17617.26,17836.39,17844.95,
twn.ic.oil,ic,TWN,oil,6958,6958.04,6958.04,7457.59,7912.89,8203.18,3816.69,3896.2,3941.25,4104.24,4187.72,4155.47,4089.99,3899.88,3833.38,3832.13,3829.85,3026.01,3096.82,3085.67,3079.48,3117.78,3119.28,
twn.ic.nuc,ic,TWN,nuc,4884,4884,4884,4884,4884,4884,4921,4921,4949,4980,4982,5018,5028,5032,5032,5052,5052,5052,4508,3872,3872,2887,2887,
twn.ic.wnd,ic,TWN,wnd,9,9,9,9,9,23.94,101.99,185.99,250.39,374.29,475.89,522.69,570.99,614.19,637.19,646.69,682.09,692.39,713.19,845.2,937.1,1094.2,1581.1,
twn.ic.sol,ic,TWN,sol,0,0.3,0.3,0.5,0.6,1,1,2,6,10,22,130,231,410,636,884,1245,1767.7,2738.12,4149.54,5817.2,7700.2,9723.7,
twn.ic.hyd,ic,TWN,hyd,1909,1909,1909,1909,1910,1909.73,1909.73,1921.25,1937.95,1936.95,1977.45,2040.75,2081.46,2081.46,2081.46,2089.46,2089.46,2089.46,2091.66,2092.66,2093.2,2093.9,2098,
twn.ic.ore,ic,TWN,ore,0,0,0,0,0,0,0,0,0,0,0,0,0,0,0,0,0,0,0,0,0.3,4.5,5.4,
twn.ic.bio,ic,TWN,bio,347,347,347,359,374,673.26,697.6,709.24,709.24,709.24,709.24,705.77,710.47,710.47,710.47,709.15,709.15,709.15,712.56,710.93,718.2,717.1,724.4,
tza.ic.coa,ic,TZA,coa,0,0,0,0,0,0,0,0,0,0,0,0,0,0,0,0,0,0,0,0,0,0,0,
tza.ic.nga,ic,TZA,nga,0,0,0,0,0,0,264.22,264.22,334.82,311.75,381.65,381.65,381.65,136.99,136.99,200.72,248.65,298.86,282.04,282.04,277.99,277.99,277.99,
tza.ic.oil,ic,TZA,oil,324,324,324,324,324,340,113.78,113.78,144.18,134.25,164.35,164.35,164.35,409.01,409.01,599.28,559.35,530.14,732.56,732.56,722.02,722.02,722.02,
tza.ic.nuc,ic,TZA,nuc,0,0,0,0,0,0,0,0,0,0,0,0,0,0,0,0,0,0,0,0,0,0,0,
tza.ic.wnd,ic,TZA,wnd,0,0,0,0,0,0,0,0,0,0,0,0,0,0,0,0,0,0,0,0,2.4,2.4,2.4,
tza.ic.sol,ic,TZA,sol,0,0,0,1.2,1.5,1.8,2.1,3,3,4,0.03,0.3,1.16,3.67,11.19,12.72,18.42,21.93,25.44,26,15.2,15.2,15.2,
tza.ic.hyd,ic,TZA,hyd,560,560,560,557,557,579,579,579,579,562,562,562,562,562,562,576,576,577,583,583,589.1,589.1,589.1,
tza.ic.ore,ic,TZA,ore,0,0,0,0,0,0,0,0,0,0,0,0,0,0,0,0,0,0,0,0,0,0,0,
tza.ic.bio,ic,TZA,bio,30,30,30,40,40,40,40,40,40,40,50,60,70,66.4,70.16,70.16,70.19,70.19,70.19,70.19,70.2,70.2,70.2,
ukr.ic.coa,ic,UKR,coa,21784,21783.82,21783.82,21667.14,21160.74,21001.96,21804.71,21823.41,21849.6,21851.47,21940.64,21840.87,21905.1,22929.25,22748.35,22748.35,21893.43,18948.37,16802.98,16802.98,16117.37,16187.96,16187.96,
ukr.ic.nga,ic,UKR,nga,13485,13484.65,13484.65,13412.43,13098.95,13000.66,12214.77,12225.25,12239.92,12240.96,12290.92,12235.03,12271.01,11690.35,11598.11,11598.11,13435.58,11555.03,11929.24,11929.24,11442.5,11492.61,11492.61,
ukr.ic.oil,ic,UKR,oil,952,951.53,951.53,946.43,924.31,917.38,948.53,949.34,950.48,950.56,954.44,950.1,952.9,996.4,988.54,988.54,1145.99,988.6,1020.78,1020.78,979.13,983.42,983.42,
ukr.ic.nuc,ic,UKR,nuc,11207,11207,11207,11207,13107,13107,13107,13107,13107,13107,13107,13107,13107,13107,13107,13107,13107,13107,13107,13107,13107,13107,13107,
ukr.ic.wnd,ic,UKR,wnd,46,46,46,54,71,77,80,80,80,80,80,151.1,276,362,513.9,514,526,553,621,1258,1402,1761,1761,
ukr.ic.sol,ic,UKR,sol,0,0,0,0,0,0,0,0,0,0,3,188,372,748,819,841,955,1200,2003,5936,7331,8062,8062,
ukr.ic.hyd,ic,UKR,hyd,4758,4758,4758,4766,4781,4717,4746,4731,4798,4795,4596,4607,4608,4632,4665,4697,4658,4668,4668,4668,4819,4823,4823,
ukr.ic.ore,ic,UKR,ore,0,0,0,0,0,0,0,0,0,0,0,0,0,0,0,0,0,0,0,0,0,0,0,
ukr.ic.bio,ic,UKR,bio,0,0,0,0,0,0,0,0,0,2,4,4,13,31.2,50.2,53.2,60,73,97.62,180,212,275,275,
ury.ic.coa,ic,URY,coa,0,0,0,0,0,0,0,0,0,0,0,0,0,0,0,0,0,0,0,0,0,0,0,
ury.ic.nga,ic,URY,nga,274,274.33,274.33,273.9,219.38,220.68,413.26,506.52,567.2,612.55,647.75,652.12,769.22,1241.19,1241.63,1124.04,929.17,1121.63,1495.23,1495.33,1495.33,1495.33,1495.33,
ury.ic.oil,ic,URY,oil,360,359.67,359.67,359.1,287.62,289.32,295.74,362.48,405.9,438.35,463.55,466.68,550.48,447.71,447.87,405.46,145.33,132.87,119.27,119.27,119.27,119.27,119.27,
ury.ic.nuc,ic,URY,nuc,0,0,0,0,0,0,0,0,0,0,0,0,0,0,0,0,0,0,0,0,0,0,0,
ury.ic.wnd,ic,URY,wnd,0,0,0,0,0,0,0.45,0.45,15,31,30.5,44,53,59.3,481.28,856.77,1211,1511,1511,1514,1514,1514,1514,
ury.ic.sol,ic,URY,sol,0,0,0,0,0,0,0,0,0,0,0,0,1,2,4,65,89,243,248,254,257.6,266.2,270.5,
ury.ic.hyd,ic,URY,hyd,1538,1538,1538,1538,1538,1538,1538,1538,1538,1538,1538,1538,1538,1538,1538,1538,1538,1538,1538,1538,1538,1538,1538,
ury.ic.ore,ic,URY,ore,0,0,0,0,0,0,0,0,0,0,0,0,0,0,0,0,0,0,0,0,0,0,0,
ury.ic.bio,ic,URY,bio,12,12,12,12,12,13,13,200,200,200,240,240,420,413.25,413.85,423.6,423.6,423.6,423.6,425,422.4,422.4,422.4,
usa.ic.coa,ic,USA,coa,350054,350053.93,350053.93,371205.79,378445.77,384337.87,283092.13,283981.25,286295.86,287803.8,290739.12,292252.59,290360.69,265444.25,265433.08,260010.49,252233.47,245904.91,233600.01,221248.65,218878.36,219052.73,216786.22,
usa.ic.nga,ic,USA,nga,285496,285496.02,285496.02,302746.99,308651.75,313457.21,435124.21,436490.83,440048.48,442366.24,446877.95,449204.22,446296.28,471435.58,471415.73,461785.09,462349.75,467369.7,481169.96,485139.11,479941.71,480324.04,475354.21,
usa.ic.oil,ic,USA,oil,53971,53971.05,53971.05,57232.23,58348.48,59256.92,43386.65,43522.92,43877.66,44108.76,44558.63,44790.59,44500.63,37446.97,37445.39,36680.41,35699.18,34966.79,33014.64,32736.55,32385.83,32411.63,32076.27,
usa.ic.nuc,ic,USA,nuc,98657,98657,98657,99209,99628,99988,100334,100266,100755,101003.7,101167.4,101418.8,101885,99240.3,98569.3,98672,99564.8,99628.9,99432.9,98119,96500.6,95546.4,94658.9,95746
usa.ic.wnd,ic,USA,wnd,4417,4417,4417,5995,6456,8706,11329,16515,24651,34295.8,39134.5,45675.9,59074.8,59973.4,64231.5,72573.4,81286.6,87597.5,94417.7,103571.2,118378.7,132753.4,141402.2,147639.8
usa.ic.sol,ic,USA,sol,397,397,397,397,398,411,411,501.5,535.6,618.5,866.4,1523.5,3170.1,6622.5,17649.9,23441.8,34715.9,43114.7,51425.5,60681.9,75638.9,94631.1,112689.5,
usa.ic.hyd,ic,USA,hyd,79356,79356,79356,78694,77641,77541,77821,77885,77930,78517.7,78824.7,78651.6,78738,79200,79677.3,79664.2,79912.9,79794.5,79871.8,79773.1,79924.3,79909.7,80067.6,80089.7
usa.ic.ore,ic,USA,ore,2252,2252,2252,2133,2152,2285,2274,2214,2229,2381.9,2404.6,2409.2,2592.1,2607,2514.3,2541.5,2516.6,2483.3,2444.3,2555.4,2571.9,2596.7,2648.6,2673.6
usa.ic.bio,ic,USA,bio,10330,10330,10330,10313,10457,10689,10981,11626,11992,12143.6,12289.6,13032,14047.1,15704.2,16327.2,15889,16040,16846.7,16079.9,15719.7,16029.1,18703.7,22532.4,
uzb.ic.coa,ic,UZB,coa,2542,2542.3,2542.3,2542.3,2739.35,2739.35,2545.26,2545.26,2331.7,2331.7,2331.7,2496.83,2567.23,2567.23,2637.63,2677.88,2896,2769.05,2715.96,3104.32,3234.52,3234.52,3234.52,
uzb.ic.nga,ic,UZB,nga,5484,5484.05,5484.05,5484.05,5909.11,5909.11,6278.43,6278.43,5751.63,5751.63,5751.63,6158.97,6332.63,6332.63,6506.28,6605.57,7228.35,7742,7593.57,8679.39,9043.4,9043.4,9043.4,
uzb.ic.oil,ic,UZB,oil,1973,1972.65,1972.65,1972.65,2125.54,2125.54,1950.31,1950.31,1786.67,1786.67,1786.67,1913.2,1967.15,1967.15,2021.09,2051.93,2097.32,2005.38,1966.94,2248.19,2342.48,2342.48,2342.48,
uzb.ic.nuc,ic,UZB,nuc,0,0,0,0,0,0,0,0,0,0,0,0,0,0,0,0,0,0,0,0,0,0,0,
uzb.ic.wnd,ic,UZB,wnd,0,0,0,0,0,0,0,0,0,0,0,0,0,0,0,0,0,0.75,0.75,0.75,0.8,0.8,0.8,
uzb.ic.sol,ic,UZB,sol,0,0,0,0,0,0,0,0,0,0,0,0,0,1,1,1,4,3,4,4,3.5,103.5,252.5,
uzb.ic.hyd,ic,UZB,hyd,1710,1710,1710,1710,1710,1710,1710,1710,1710,1730,1750,1750,1750,1750,1760,1760,1790,1840,1840,1840,2004.5,2052,2052,
uzb.ic.ore,ic,UZB,ore,0,0,0,0,0,0,0,0,0,0,0,0,0,0,0,0,0,0,0,0,0,0,0,
uzb.ic.bio,ic,UZB,bio,0,0,0,0,0,0,0,0,0,0,0,0,0,0,0,0,0,0,0,0,0,0,0,
ven.ic.coa,ic,VEN,coa,0,0,0,0,0,0,0,0,0,0,0,0,0,0,0,0,0,0,0,0,0,0,0,
ven.ic.nga,ic,VEN,nga,5013,5013.36,5013.36,5013.36,5121.24,4673.6,5675.53,5917.66,6422.56,7617.16,8593.98,9227.99,10706.75,14059.82,14207.91,14234.28,15096.75,15058.54,15058.54,15058.54,15146.96,15146.96,15146.96,
ven.ic.oil,ic,VEN,oil,3073,3072.64,3072.64,3072.64,3138.76,2864.4,1942.47,2025.34,2198.14,2607,2941.32,3158.31,3664.43,2602.29,2629.69,2634.58,2680.13,2673.34,2673.34,2673.34,2689.04,2689.04,2689.04,
ven.ic.nuc,ic,VEN,nuc,0,0,0,0,0,0,0,0,0,0,0,0,0,0,0,0,0,0,0,0,0,0,0,
ven.ic.wnd,ic,VEN,wnd,0,0,0,0,0,0,0,0,0,0,0,0,30,71.28,71.28,71.28,71.28,71.28,71.28,71.28,71.3,71.3,71.3,
ven.ic.sol,ic,VEN,sol,0,0,0,0,0,0,0,0,0,0,2,2,2,2,3,5,5,5,4,5,5.3,5.3,5.3,
ven.ic.hyd,ic,VEN,hyd,12491,12491,12491,12491,13864,14597,14597,14597,14567,14622,14622,14622,14622,14880,14880,15400,15400,15400,15400,15400,16829.2,16829.2,16829.2,
ven.ic.ore,ic,VEN,ore,0,0,0,0,0,0,0,0,0,0,0,0,0,0,0,0,0,0,0,0,0,0,0,
ven.ic.bio,ic,VEN,bio,0,0,0,0,0,0,0,0,0,0,0,0,0,0,0,0,0,0,0,0,0,0,0,
vnm.ic.coa,ic,VNM,coa,936,935.55,935.55,1026.84,1576.78,1647.23,2303.25,2317.13,2509.71,3316.13,4703.63,4911.76,4911.76,10127.85,10453.43,13034.03,15460.81,15582.15,17112.3,17112.3,26012.66,26012.66,26012.66,
vnm.ic.nga,ic,VNM,nga,1580,1579.55,1579.55,1733.69,2662.19,2781.14,4636.78,4664.72,5052.42,6675.85,9469.09,9888.08,9888.08,6277.81,6479.62,8079.22,8027.89,8090.9,6933.27,6933.27,10539.37,10539.37,10539.37,
vnm.ic.oil,ic,VNM,oil,2199,2198.9,2198.9,2413.47,3706.04,3871.63,1359.96,1368.16,1481.87,1958.02,2777.28,2900.17,2900.17,1294.34,1335.95,1665.75,2294.3,2279.95,2079.43,2079.43,3160.97,3160.97,3160.97,
vnm.ic.nuc,ic,VNM,nuc,0,0,0,0,0,0,0,0,0,0,0,0,0,0,0,0,0,0,0,0,0,0,0,
vnm.ic.wnd,ic,VNM,wnd,0,0,0,0,0,0,0,0,1,9,31,31,31,50,50,136,160,205,237,375,518,4118,4628,
vnm.ic.sol,ic,VNM,sol,1,1,1,1,2,3,4,4,4,4,4,4,4,5.26,5.26,5.26,5.26,8,105,4898,16660.5,16660.5,18474.5,
vnm.ic.hyd,ic,VNM,hyd,4155,4155,4155,4155,4155,4155,4580,4870,5870,7190,8610,10037,13500,14925,15000,15905,17131,17809,17989,18069,20817,21582,21857,
vnm.ic.ore,ic,VNM,ore,0,0,0,0,0,0,0,0,0,0,0,0,0,0,0,0,0,0,0,0,0,0,0,
vnm.ic.bio,ic,VNM,bio,130,130,130,130,130,130,130,130,130,130,130,130,130,125,136,161,188,191.5,380,380,383.5,367,367,
yem.ic.coa,ic,YEM,coa,0,0,0,0,0,0,0,0,0,0,0,0,0,0,0,0,0,0,0,0,0,0,0,
yem.ic.nga,ic,YEM,nga,0,0,0,0,0,0,231.93,241.47,253.16,340.1,340.1,391.23,391.23,343.58,340,340,340,340,340,340,340,340,340,
yem.ic.oil,ic,YEM,oil,928,928,928,1087,739.8,799.2,678.07,705.93,740.14,994.3,994.3,1143.77,1143.77,1191.42,1179,1179,1179,1179,1179,1179,1179,1179,1179,
yem.ic.nuc,ic,YEM,nuc,0,0,0,0,0,0,0,0,0,0,0,0,0,0,0,0,0,0,0,0,0,0,0,
yem.ic.wnd,ic,YEM,wnd,0,0,0,0,0,0,0,0,0,0,0,0,0,0,0,0,0,0,0,0,0,0,0,
yem.ic.sol,ic,YEM,sol,0,0,0,0,0,0,0,0,0.9,1,1,1,1,2,5,60,80,100,250,250,256.7,256.8,256.8,
yem.ic.hyd,ic,YEM,hyd,0,0,0,0,0,0,0,0,0,0,0,0,0,0,0,0,0,0,0,0,0,0,0,
yem.ic.ore,ic,YEM,ore,0,0,0,0,0,0,0,0,0,0,0,0,0,0,0,0,0,0,0,0,0,0,0,
yem.ic.bio,ic,YEM,bio,0,0,0,0,0,0,0,0,0,0,0,0,0,0,0,0,0,0,0,0,0,0,0,
yug.ic.coa,ic,YUG,coa,0,0,0,0,0,0,0,0,0,0,0,0,0,0,0,0,0,0,0,0,,,,
yug.ic.nga,ic,YUG,nga,0,0,0,0,0,0,0,0,0,0,0,0,0,0,0,0,0,0,0,0,,,,
yug.ic.oil,ic,YUG,oil,0,0,0,0,0,0,0,0,0,0,0,0,0,0,0,0,0,0,0,0,,,,
yug.ic.nuc,ic,YUG,nuc,0,0,0,0,0,0,0,0,0,0,0,0,0,0,0,0,0,0,0,0,,,,
yug.ic.wnd,ic,YUG,wnd,0,0,0,0,0,0,0,0,0,0,0,0,0,0,0,0,0,0,0,0,,,,
yug.ic.sol,ic,YUG,sol,0,0,0,0,0,0,0,0,0,0,0,0,0,0,0,0,0,0,0,0,,,,
yug.ic.hyd,ic,YUG,hyd,0,0,0,0,0,0,0,0,0,0,0,0,0,0,0,0,0,0,0,0,,,,
yug.ic.ore,ic,YUG,ore,0,0,0,0,0,0,0,0,0,0,0,0,0,0,0,0,0,0,0,0,,,,
yug.ic.bio,ic,YUG,bio,0,0,0,0,0,0,0,0,0,0,0,0,0,0,0,0,0,0,0,0,,,,
zaf.ic.coa,ic,ZAF,coa,37680,37680.16,37680.16,37680.16,37680.16,37680.16,36356.99,36560.29,37836.6,37819.66,39706.83,39706.83,39706.83,38577.78,37297.7,37669.94,37885.18,39449.65,42080.88,42143.88,44814.41,44814.41,44814.41,
zaf.ic.nga,ic,ZAF,nga,0,0,0,0,0,0,0,0,0,0,0,0,0,0,0,0,0,0,0,0,0,0,0,
zaf.ic.oil,ic,ZAF,oil,340,339.84,339.84,339.84,339.84,339.84,2270.01,2282.71,2362.4,2361.34,2479.17,2479.17,2479.17,2981.22,2882.3,2911.06,3088.82,3156.35,3416.12,3353.12,3565.59,3565.59,3565.59,
zaf.ic.nuc,ic,ZAF,nuc,1800,1800,1800,1800,1800,1800,1800,1800,1800,1800,1800,1830,1860,1860,1860,1860,1860,1860,1860,1860,1860,1854,1854,
zaf.ic.wnd,ic,ZAF,wnd,3,3,3,3,3,3,3,3,8,8,10,10,10,257,569,1079,1473,2094,2094,2094,2516,2955.5,3102.5,
zaf.ic.sol,ic,ZAF,sol,10,10.4,10.4,11.7,13,14,16,17,18,20,2,6,11,261.63,1162.9,1351.66,2174.03,3447,4801,4905,5994.5,6315.9,6325.9,
zaf.ic.hyd,ic,ZAF,hyd,661,661,661,661,661,661,661,661,661,661,661,661,661,661,661,661,671,683,683,683,747.6,751.6,751.6,
zaf.ic.ore,ic,ZAF,ore,0,0,0,0,0,0,0,0,0,0,0,0,0,0,0,0,0,0,0,0,0,0,0,
zaf.ic.bio,ic,ZAF,bio,122,122,122,122,122,242,242,246,246,246,246,246,246,246,246,250,256,260,265,265,264.7,264.7,264.7,
zmb.ic.coa,ic,ZMB,coa,9,9,9,9,9,9,0.89,0.89,0.89,0.89,0.89,1.01,1.01,0.61,0.84,0.61,1.89,209.09,209.43,207.22,234.25,234.67,234.67,
zmb.ic.nga,ic,ZMB,nga,0,0,0,0,0,0,0,0,0,0,0,0,0,0,0,0,0,0,0,0,0,0,0,
zmb.ic.oil,ic,ZMB,oil,81,81,81,81,81,81,79.11,79.11,79.11,79.11,79.11,89.99,89.99,140.39,194.16,141.39,436.71,288.97,289.45,286.38,323.75,324.33,324.33,
zmb.ic.nuc,ic,ZMB,nuc,0,0,0,0,0,0,0,0,0,0,0,0,0,0,0,0,0,0,0,0,0,0,0,
zmb.ic.wnd,ic,ZMB,wnd,0,0,0,0,0,0,0,0,0,0,0,0,0,0,0,0,0,0,0,0,0,0,0,
zmb.ic.sol,ic,ZMB,sol,0,0.2,0.2,0.2,0.3,0.6,1,1,1,1,1,1,1,0.06,0.06,0.06,0.09,0.09,1.22,96,96.4,96.4,96.5,
zmb.ic.hyd,ic,ZMB,hyd,1670,1670,1670,1670,1698,1692,1821,1821,1821,1832,1839,1839,1839,1898,2270,2320,2390,2400,2400,2400,2400,2705.2,3164.2,
zmb.ic.ore,ic,ZMB,ore,0,0,0,0,0,0,0,0,0,0,0,0,0,0,0,0,0,0,0,0,0,0,0,
zmb.ic.bio,ic,ZMB,bio,12,12,12,12,12,12,12,12,40,40,40,40,40,42.8,42.8,42.8,42.8,42.8,42.8,42.8,42.8,42.8,42.8,
zwe.ic.coa,ic,ZWE,coa,1325,1325,1325,1325,1325,1325,1325,1325,1355,1355,1355,1355,1355,1355,1235,1265,1265,1265,1265,1265,1265,1265,1265,
zwe.ic.nga,ic,ZWE,nga,0,0,0,0,0,0,0,0,0,0,0,0,0,0,0,0,0,0,0,0,0,0,0,
zwe.ic.oil,ic,ZWE,oil,0,0,0,0,0,0,0,0,0,0,0,0,0,0,0,0,0,0,0,0,0,0,0,
zwe.ic.nuc,ic,ZWE,nuc,0,0,0,0,0,0,0,0,0,0,0,0,0,0,0,0,0,0,0,0,0,0,0,
zwe.ic.wnd,ic,ZWE,wnd,0,0,0,0,0,0,0,0,0,0,0,0,0,0,0,0,0,0,0,0,0,0,0,
zwe.ic.sol,ic,ZWE,sol,0,0,0,0,0,0,0,0,0,0,0,2,3,1.97,2.7,4.33,5.11,6.25,10.61,10.61,14.1,27.9,41.2,
zwe.ic.hyd,ic,ZWE,hyd,754,754,754,754,754,680,680,738,752,755,758,746,750,750,770,770,780,940,1080,1080,1081.1,1081.1,1081.1,
zwe.ic.ore,ic,ZWE,ore,0,0,0,0,0,0,0,0,0,0,0,0,0,0,0,0,0,0,0,0,0,0,0,
zwe.ic.bio,ic,ZWE,bio,80,80,80,80,80,80,80,80,80,80,80,100,100,100,100,100,100,100,100,100,100,100,100,
